TimeQuest Timing Analyzer report for RISCV-Multicore-Project
Sun Jun 28 09:17:55 2026
Quartus II 64-Bit Version 13.0.1 Build 232 06/12/2013 Service Pack 1 SJ Web Edition


---------------------
; Table of Contents ;
---------------------
  1. Legal Notice
  2. TimeQuest Timing Analyzer Summary
  3. Parallel Compilation
  4. SDC File List
  5. Clocks
  6. Slow 1200mV 85C Model Fmax Summary
  7. Timing Closure Recommendations
  8. Slow 1200mV 85C Model Setup Summary
  9. Slow 1200mV 85C Model Hold Summary
 10. Slow 1200mV 85C Model Recovery Summary
 11. Slow 1200mV 85C Model Removal Summary
 12. Slow 1200mV 85C Model Minimum Pulse Width Summary
 13. Slow 1200mV 85C Model Setup: 'clk'
 14. Slow 1200mV 85C Model Hold: 'clk'
 15. Slow 1200mV 85C Model Minimum Pulse Width: 'clk'
 16. Clock to Output Times
 17. Minimum Clock to Output Times
 18. Slow 1200mV 85C Model Metastability Report
 19. Slow 1200mV 0C Model Fmax Summary
 20. Slow 1200mV 0C Model Setup Summary
 21. Slow 1200mV 0C Model Hold Summary
 22. Slow 1200mV 0C Model Recovery Summary
 23. Slow 1200mV 0C Model Removal Summary
 24. Slow 1200mV 0C Model Minimum Pulse Width Summary
 25. Slow 1200mV 0C Model Setup: 'clk'
 26. Slow 1200mV 0C Model Hold: 'clk'
 27. Slow 1200mV 0C Model Minimum Pulse Width: 'clk'
 28. Clock to Output Times
 29. Minimum Clock to Output Times
 30. Slow 1200mV 0C Model Metastability Report
 31. Fast 1200mV 0C Model Setup Summary
 32. Fast 1200mV 0C Model Hold Summary
 33. Fast 1200mV 0C Model Recovery Summary
 34. Fast 1200mV 0C Model Removal Summary
 35. Fast 1200mV 0C Model Minimum Pulse Width Summary
 36. Fast 1200mV 0C Model Setup: 'clk'
 37. Fast 1200mV 0C Model Hold: 'clk'
 38. Fast 1200mV 0C Model Minimum Pulse Width: 'clk'
 39. Clock to Output Times
 40. Minimum Clock to Output Times
 41. Fast 1200mV 0C Model Metastability Report
 42. Multicorner Timing Analysis Summary
 43. Clock to Output Times
 44. Minimum Clock to Output Times
 45. Board Trace Model Assignments
 46. Input Transition Times
 47. Signal Integrity Metrics (Slow 1200mv 0c Model)
 48. Signal Integrity Metrics (Slow 1200mv 85c Model)
 49. Signal Integrity Metrics (Fast 1200mv 0c Model)
 50. Setup Transfers
 51. Hold Transfers
 52. Report TCCS
 53. Report RSKM
 54. Unconstrained Paths
 55. TimeQuest Timing Analyzer Messages



----------------
; Legal Notice ;
----------------
Copyright (C) 1991-2013 Altera Corporation
Your use of Altera Corporation's design tools, logic functions 
and other software and tools, and its AMPP partner logic 
functions, and any output files from any of the foregoing 
(including device programming or simulation files), and any 
associated documentation or information are expressly subject 
to the terms and conditions of the Altera Program License 
Subscription Agreement, Altera MegaCore Function License 
Agreement, or other applicable license agreement, including, 
without limitation, that your use is for the sole purpose of 
programming logic devices manufactured by Altera and sold by 
Altera or its authorized distributors.  Please refer to the 
applicable agreement for further details.



+----------------------------------------------------------------------------------------+
; TimeQuest Timing Analyzer Summary                                                      ;
+--------------------+-------------------------------------------------------------------+
; Quartus II Version ; Version 13.0.1 Build 232 06/12/2013 Service Pack 1 SJ Web Edition ;
; Revision Name      ; RISCV-Multicore-Project                                           ;
; Device Family      ; Cyclone IV E                                                      ;
; Device Name        ; EP4CE40F23C6                                                      ;
; Timing Models      ; Final                                                             ;
; Delay Model        ; Combined                                                          ;
; Rise/Fall Delays   ; Enabled                                                           ;
+--------------------+-------------------------------------------------------------------+


+------------------------------------------+
; Parallel Compilation                     ;
+----------------------------+-------------+
; Processors                 ; Number      ;
+----------------------------+-------------+
; Number detected on machine ; 16          ;
; Maximum allowed            ; 8           ;
;                            ;             ;
; Average used               ; 2.61        ;
; Maximum used               ; 8           ;
;                            ;             ;
; Usage by Processor         ; % Time Used ;
;     Processor 1            ; 100.0%      ;
;     Processor 2            ;  60.9%      ;
;     Processor 3            ;  52.2%      ;
;     Processor 4            ;  47.8%      ;
;     Processors 5-8         ; < 0.1%      ;
;     Processors 9-16        ;   0.0%      ;
+----------------------------+-------------+


+---------------------------------------------------+
; SDC File List                                     ;
+---------------+--------+--------------------------+
; SDC File Path ; Status ; Read at                  ;
+---------------+--------+--------------------------+
; timing.sdc    ; OK     ; Sun Jun 28 09:17:33 2026 ;
+---------------+--------+--------------------------+


+---------------------------------------------------------------------------------------------------------------------------------------------------------------------------------+
; Clocks                                                                                                                                                                          ;
+------------+------+--------+-----------+-------+--------+------------+-----------+-------------+-------+--------+-----------+------------+----------+--------+--------+---------+
; Clock Name ; Type ; Period ; Frequency ; Rise  ; Fall   ; Duty Cycle ; Divide by ; Multiply by ; Phase ; Offset ; Edge List ; Edge Shift ; Inverted ; Master ; Source ; Targets ;
+------------+------+--------+-----------+-------+--------+------------+-----------+-------------+-------+--------+-----------+------------+----------+--------+--------+---------+
; clk        ; Base ; 20.000 ; 50.0 MHz  ; 0.000 ; 10.000 ;            ;           ;             ;       ;        ;           ;            ;          ;        ;        ; { clk } ;
+------------+------+--------+-----------+-------+--------+------------+-----------+-------------+-------+--------+-----------+------------+----------+--------+--------+---------+


+-------------------------------------------------+
; Slow 1200mV 85C Model Fmax Summary              ;
+-----------+-----------------+------------+------+
; Fmax      ; Restricted Fmax ; Clock Name ; Note ;
+-----------+-----------------+------------+------+
; 32.32 MHz ; 32.32 MHz       ; clk        ;      ;
+-----------+-----------------+------------+------+
This panel reports FMAX for every clock in the design, regardless of the user-specified clock periods.  FMAX is only computed for paths where the source and destination registers or ports are driven by the same clock.  Paths of different clocks, including generated clocks, are ignored.  For paths between a clock and its inversion, FMAX is computed as if the rising and falling edges are scaled along with FMAX, such that the duty cycle (in terms of a percentage) is maintained. Altera recommends that you always use clock constraints and other slack reports for sign-off analysis.


----------------------------------
; Timing Closure Recommendations ;
----------------------------------
HTML report is unavailable in plain text report export.


+-------------------------------------+
; Slow 1200mV 85C Model Setup Summary ;
+-------+---------+-------------------+
; Clock ; Slack   ; End Point TNS     ;
+-------+---------+-------------------+
; clk   ; -10.945 ; -117197.657       ;
+-------+---------+-------------------+


+------------------------------------+
; Slow 1200mV 85C Model Hold Summary ;
+-------+-------+--------------------+
; Clock ; Slack ; End Point TNS      ;
+-------+-------+--------------------+
; clk   ; 0.339 ; 0.000              ;
+-------+-------+--------------------+


------------------------------------------
; Slow 1200mV 85C Model Recovery Summary ;
------------------------------------------
No paths to report.


-----------------------------------------
; Slow 1200mV 85C Model Removal Summary ;
-----------------------------------------
No paths to report.


+---------------------------------------------------+
; Slow 1200mV 85C Model Minimum Pulse Width Summary ;
+-------+-------+-----------------------------------+
; Clock ; Slack ; End Point TNS                     ;
+-------+-------+-----------------------------------+
; clk   ; 9.650 ; 0.000                             ;
+-------+-------+-----------------------------------+


+---------------------------------------------------------------------------------------------------------------------------------------------------------------------------------------------------------------------------------------+
; Slow 1200mV 85C Model Setup: 'clk'                                                                                                                                                                                                    ;
+---------+--------------------------------------------------------------+----------------------------------------------------------------------------------------+--------------+-------------+--------------+------------+------------+
; Slack   ; From Node                                                    ; To Node                                                                                ; Launch Clock ; Latch Clock ; Relationship ; Clock Skew ; Data Delay ;
+---------+--------------------------------------------------------------+----------------------------------------------------------------------------------------+--------------+-------------+--------------+------------+------------+
; -10.945 ; RISCV_Core:Core_0|ie_status                                  ; RISCV_Core:Core_0|Core_Datapath:Datapath|Register_File:Register_inst|REG_MEM_BLOCK~799 ; clk          ; clk         ; 20.000       ; 0.282      ; 31.242     ;
; -10.911 ; RISCV_Core:Core_0|ie_status                                  ; RISCV_Core:Core_0|Core_Datapath:Datapath|Register_File:Register_inst|REG_MEM_BLOCK~671 ; clk          ; clk         ; 20.000       ; 0.314      ; 31.240     ;
; -10.778 ; InterCore_Ctrl:ICC_Inst|irq_core1                            ; RISCV_Core:Core_0|Core_Datapath:Datapath|Register_File:Register_inst|REG_MEM_BLOCK~799 ; clk          ; clk         ; 20.000       ; 0.232      ; 31.025     ;
; -10.744 ; InterCore_Ctrl:ICC_Inst|irq_core1                            ; RISCV_Core:Core_0|Core_Datapath:Datapath|Register_File:Register_inst|REG_MEM_BLOCK~671 ; clk          ; clk         ; 20.000       ; 0.264      ; 31.023     ;
; -10.736 ; InterCore_Ctrl:ICC_Inst|irq_core0                            ; RISCV_Core:Core_0|Core_Datapath:Datapath|Register_File:Register_inst|REG_MEM_BLOCK~799 ; clk          ; clk         ; 20.000       ; 0.282      ; 31.033     ;
; -10.728 ; RISCV_Core:Core_0|ie_status                                  ; RISCV_Core:Core_1|Core_Datapath:Datapath|Register_File:Register_inst|REG_MEM_BLOCK~767 ; clk          ; clk         ; 20.000       ; 0.253      ; 30.996     ;
; -10.720 ; RISCV_Core:Core_1|ie_status                                  ; RISCV_Core:Core_0|Core_Datapath:Datapath|Register_File:Register_inst|REG_MEM_BLOCK~799 ; clk          ; clk         ; 20.000       ; 0.232      ; 30.967     ;
; -10.715 ; RISCV_Core:Core_0|ie_status                                  ; RISCV_Core:Core_1|Core_Datapath:Datapath|Register_File:Register_inst|REG_MEM_BLOCK~479 ; clk          ; clk         ; 20.000       ; 0.299      ; 31.029     ;
; -10.702 ; InterCore_Ctrl:ICC_Inst|irq_core0                            ; RISCV_Core:Core_0|Core_Datapath:Datapath|Register_File:Register_inst|REG_MEM_BLOCK~671 ; clk          ; clk         ; 20.000       ; 0.314      ; 31.031     ;
; -10.698 ; RISCV_Core:Core_0|ie_status                                  ; RISCV_Core:Core_1|Core_Datapath:Datapath|Register_File:Register_inst|REG_MEM_BLOCK~895 ; clk          ; clk         ; 20.000       ; 0.281      ; 30.994     ;
; -10.697 ; RISCV_Core:Core_0|ie_status                                  ; RISCV_Core:Core_1|Core_Datapath:Datapath|Register_File:Register_inst|REG_MEM_BLOCK~877 ; clk          ; clk         ; 20.000       ; 0.242      ; 30.954     ;
; -10.687 ; RISCV_Core:Core_0|ie_status                                  ; RISCV_Core:Core_1|Core_Datapath:Datapath|Register_File:Register_inst|REG_MEM_BLOCK~447 ; clk          ; clk         ; 20.000       ; 0.327      ; 31.029     ;
; -10.686 ; RISCV_Core:Core_1|ie_status                                  ; RISCV_Core:Core_0|Core_Datapath:Datapath|Register_File:Register_inst|REG_MEM_BLOCK~671 ; clk          ; clk         ; 20.000       ; 0.264      ; 30.965     ;
; -10.676 ; RISCV_Core:Core_0|Core_Datapath:Datapath|PC:PC_inst|PCReg[9] ; RISCV_Core:Core_0|Core_Datapath:Datapath|Register_File:Register_inst|REG_MEM_BLOCK~799 ; clk          ; clk         ; 20.000       ; 0.282      ; 30.973     ;
; -10.668 ; RISCV_Core:Core_0|ie_status                                  ; RISCV_Core:Core_1|Core_Datapath:Datapath|Register_File:Register_inst|REG_MEM_BLOCK~749 ; clk          ; clk         ; 20.000       ; 0.269      ; 30.952     ;
; -10.642 ; RISCV_Core:Core_0|Core_Datapath:Datapath|PC:PC_inst|PCReg[9] ; RISCV_Core:Core_0|Core_Datapath:Datapath|Register_File:Register_inst|REG_MEM_BLOCK~671 ; clk          ; clk         ; 20.000       ; 0.314      ; 30.971     ;
; -10.618 ; RISCV_Core:Core_0|ie_status                                  ; RISCV_Core:Core_0|Core_Datapath:Datapath|Register_File:Register_inst|REG_MEM_BLOCK~98  ; clk          ; clk         ; 20.000       ; 0.276      ; 30.909     ;
; -10.615 ; RISCV_Core:Core_0|ie_status                                  ; RISCV_Core:Core_0|Core_Datapath:Datapath|Register_File:Register_inst|REG_MEM_BLOCK~418 ; clk          ; clk         ; 20.000       ; 0.279      ; 30.909     ;
; -10.608 ; RISCV_Core:Core_0|ie_status                                  ; RISCV_Core:Core_1|Core_Datapath:Datapath|Register_File:Register_inst|REG_MEM_BLOCK~511 ; clk          ; clk         ; 20.000       ; 0.247      ; 30.870     ;
; -10.596 ; RISCV_Core:Core_0|ie_status                                  ; RISCV_Core:Core_0|Core_Datapath:Datapath|Register_File:Register_inst|REG_MEM_BLOCK~981 ; clk          ; clk         ; 20.000       ; 0.317      ; 30.928     ;
; -10.593 ; RISCV_Core:Core_0|ie_status                                  ; RISCV_Core:Core_0|Core_Datapath:Datapath|Register_File:Register_inst|REG_MEM_BLOCK~597 ; clk          ; clk         ; 20.000       ; 0.320      ; 30.928     ;
; -10.591 ; RISCV_Core:Core_0|ie_status                                  ; RISCV_Core:Core_0|Core_Datapath:Datapath|Register_File:Register_inst|REG_MEM_BLOCK~2   ; clk          ; clk         ; 20.000       ; 0.306      ; 30.912     ;
; -10.590 ; RISCV_Core:Core_0|ie_status                                  ; RISCV_Core:Core_0|Core_Datapath:Datapath|Register_File:Register_inst|REG_MEM_BLOCK~226 ; clk          ; clk         ; 20.000       ; 0.259      ; 30.864     ;
; -10.589 ; RISCV_Core:Core_0|ie_status                                  ; RISCV_Core:Core_0|Core_Datapath:Datapath|Register_File:Register_inst|REG_MEM_BLOCK~706 ; clk          ; clk         ; 20.000       ; 0.299      ; 30.903     ;
; -10.587 ; RISCV_Core:Core_0|ie_status                                  ; RISCV_Core:Core_0|Core_Datapath:Datapath|Register_File:Register_inst|REG_MEM_BLOCK~450 ; clk          ; clk         ; 20.000       ; 0.305      ; 30.907     ;
; -10.579 ; RISCV_Core:Core_0|ie_status                                  ; RISCV_Core:Core_1|Core_Datapath:Datapath|Register_File:Register_inst|REG_MEM_BLOCK~959 ; clk          ; clk         ; 20.000       ; 0.266      ; 30.860     ;
; -10.577 ; RISCV_Core:Core_0|ie_status                                  ; RISCV_Core:Core_1|Core_Datapath:Datapath|Register_File:Register_inst|REG_MEM_BLOCK~415 ; clk          ; clk         ; 20.000       ; 0.277      ; 30.869     ;
; -10.569 ; RISCV_Core:Core_0|ie_status                                  ; RISCV_Core:Core_0|Core_Datapath:Datapath|Register_File:Register_inst|REG_MEM_BLOCK~85  ; clk          ; clk         ; 20.000       ; 0.328      ; 30.912     ;
; -10.568 ; RISCV_Core:Core_0|ie_status                                  ; RISCV_Core:Core_0|Core_Datapath:Datapath|Register_File:Register_inst|REG_MEM_BLOCK~213 ; clk          ; clk         ; 20.000       ; 0.279      ; 30.862     ;
; -10.568 ; RISCV_Core:Core_0|ie_status                                  ; RISCV_Core:Core_1|Core_Datapath:Datapath|Register_File:Register_inst|REG_MEM_BLOCK~213 ; clk          ; clk         ; 20.000       ; 0.288      ; 30.871     ;
; -10.567 ; RISCV_Core:Core_0|ie_status                                  ; RISCV_Core:Core_1|Core_Datapath:Datapath|Register_File:Register_inst|REG_MEM_BLOCK~469 ; clk          ; clk         ; 20.000       ; 0.306      ; 30.888     ;
; -10.564 ; RISCV_Core:Core_0|ie_status                                  ; RISCV_Core:Core_0|Core_Datapath:Datapath|Register_File:Register_inst|REG_MEM_BLOCK~162 ; clk          ; clk         ; 20.000       ; 0.285      ; 30.864     ;
; -10.561 ; RISCV_Core:Core_0|ie_status                                  ; RISCV_Core:Core_1|Core_Datapath:Datapath|Register_File:Register_inst|REG_MEM_BLOCK~397 ; clk          ; clk         ; 20.000       ; 0.255      ; 30.831     ;
; -10.543 ; RISCV_Core:Core_0|ie_status                                  ; RISCV_Core:Core_1|Core_Datapath:Datapath|Register_File:Register_inst|REG_MEM_BLOCK~181 ; clk          ; clk         ; 20.000       ; 0.314      ; 30.872     ;
; -10.541 ; RISCV_Core:Core_0|ie_status                                  ; RISCV_Core:Core_0|Core_Datapath:Datapath|Register_File:Register_inst|REG_MEM_BLOCK~181 ; clk          ; clk         ; 20.000       ; 0.307      ; 30.863     ;
; -10.539 ; RISCV_Core:Core_0|ie_status                                  ; RISCV_Core:Core_1|Core_Datapath:Datapath|Register_File:Register_inst|REG_MEM_BLOCK~437 ; clk          ; clk         ; 20.000       ; 0.334      ; 30.888     ;
; -10.530 ; RISCV_Core:Core_0|ie_status                                  ; RISCV_Core:Core_1|Core_Datapath:Datapath|Register_File:Register_inst|REG_MEM_BLOCK~461 ; clk          ; clk         ; 20.000       ; 0.282      ; 30.827     ;
; -10.527 ; InterCore_Ctrl:ICC_Inst|irq_core1                            ; RISCV_Core:Core_1|Core_Datapath:Datapath|Register_File:Register_inst|REG_MEM_BLOCK~767 ; clk          ; clk         ; 20.000       ; 0.237      ; 30.779     ;
; -10.526 ; RISCV_Core:Core_0|ie_status                                  ; RISCV_Core:Core_0|Core_Datapath:Datapath|Register_File:Register_inst|REG_MEM_BLOCK~757 ; clk          ; clk         ; 20.000       ; 0.294      ; 30.835     ;
; -10.525 ; RISCV_Core:Core_0|ie_status                                  ; RISCV_Core:Core_0|Core_Datapath:Datapath|Register_File:Register_inst|REG_MEM_BLOCK~501 ; clk          ; clk         ; 20.000       ; 0.277      ; 30.817     ;
; -10.519 ; InterCore_Ctrl:ICC_Inst|irq_core0                            ; RISCV_Core:Core_1|Core_Datapath:Datapath|Register_File:Register_inst|REG_MEM_BLOCK~767 ; clk          ; clk         ; 20.000       ; 0.253      ; 30.787     ;
; -10.514 ; RISCV_Core:Core_0|ie_status                                  ; RISCV_Core:Core_0|Core_Datapath:Datapath|Register_File:Register_inst|REG_MEM_BLOCK~991 ; clk          ; clk         ; 20.000       ; 0.294      ; 30.823     ;
; -10.514 ; InterCore_Ctrl:ICC_Inst|irq_core1                            ; RISCV_Core:Core_1|Core_Datapath:Datapath|Register_File:Register_inst|REG_MEM_BLOCK~479 ; clk          ; clk         ; 20.000       ; 0.283      ; 30.812     ;
; -10.514 ; RISCV_Core:Core_0|ie_status                                  ; RISCV_Core:Core_1|Core_Datapath:Datapath|Register_File:Register_inst|REG_MEM_BLOCK~575 ; clk          ; clk         ; 20.000       ; 0.321      ; 30.850     ;
; -10.506 ; InterCore_Ctrl:ICC_Inst|irq_core0                            ; RISCV_Core:Core_1|Core_Datapath:Datapath|Register_File:Register_inst|REG_MEM_BLOCK~479 ; clk          ; clk         ; 20.000       ; 0.299      ; 30.820     ;
; -10.502 ; RISCV_Core:Core_0|ie_status                                  ; RISCV_Core:Core_1|Core_Datapath:Datapath|Register_File:Register_inst|REG_MEM_BLOCK~557 ; clk          ; clk         ; 20.000       ; 0.280      ; 30.797     ;
; -10.499 ; RISCV_Core:Core_0|ie_status                                  ; RISCV_Core:Core_1|Core_Datapath:Datapath|Register_File:Register_inst|REG_MEM_BLOCK~493 ; clk          ; clk         ; 20.000       ; 0.301      ; 30.815     ;
; -10.497 ; RISCV_Core:Core_0|ie_status                                  ; RISCV_Core:Core_0|Core_Datapath:Datapath|Register_File:Register_inst|REG_MEM_BLOCK~885 ; clk          ; clk         ; 20.000       ; 0.324      ; 30.836     ;
; -10.497 ; InterCore_Ctrl:ICC_Inst|irq_core1                            ; RISCV_Core:Core_1|Core_Datapath:Datapath|Register_File:Register_inst|REG_MEM_BLOCK~895 ; clk          ; clk         ; 20.000       ; 0.265      ; 30.777     ;
; -10.497 ; RISCV_Core:Core_0|ie_status                                  ; RISCV_Core:Core_1|Core_Datapath:Datapath|Register_File:Register_inst|REG_MEM_BLOCK~383 ; clk          ; clk         ; 20.000       ; 0.279      ; 30.791     ;
; -10.492 ; RISCV_Core:Core_0|ie_status                                  ; RISCV_Core:Core_0|Core_Datapath:Datapath|Register_File:Register_inst|REG_MEM_BLOCK~405 ; clk          ; clk         ; 20.000       ; 0.306      ; 30.813     ;
; -10.492 ; RISCV_Core:Core_0|ie_status                                  ; RISCV_Core:Core_1|Core_Datapath:Datapath|Register_File:Register_inst|REG_MEM_BLOCK~429 ; clk          ; clk         ; 20.000       ; 0.304      ; 30.811     ;
; -10.491 ; RISCV_Core:Core_0|ie_status                                  ; RISCV_Core:Core_1|Core_Datapath:Datapath|Register_File:Register_inst|REG_MEM_BLOCK~789 ; clk          ; clk         ; 20.000       ; 0.259      ; 30.765     ;
; -10.489 ; InterCore_Ctrl:ICC_Inst|irq_core0                            ; RISCV_Core:Core_1|Core_Datapath:Datapath|Register_File:Register_inst|REG_MEM_BLOCK~895 ; clk          ; clk         ; 20.000       ; 0.281      ; 30.785     ;
; -10.488 ; InterCore_Ctrl:ICC_Inst|irq_core0                            ; RISCV_Core:Core_1|Core_Datapath:Datapath|Register_File:Register_inst|REG_MEM_BLOCK~877 ; clk          ; clk         ; 20.000       ; 0.242      ; 30.745     ;
; -10.486 ; InterCore_Ctrl:ICC_Inst|irq_core1                            ; RISCV_Core:Core_1|Core_Datapath:Datapath|Register_File:Register_inst|REG_MEM_BLOCK~447 ; clk          ; clk         ; 20.000       ; 0.311      ; 30.812     ;
; -10.484 ; RISCV_Core:Core_0|ie_status                                  ; RISCV_Core:Core_1|Core_Datapath:Datapath|Register_File:Register_inst|REG_MEM_BLOCK~991 ; clk          ; clk         ; 20.000       ; 0.274      ; 30.773     ;
; -10.483 ; RISCV_Core:Core_0|ie_status                                  ; RISCV_Core:Core_0|Core_Datapath:Datapath|Register_File:Register_inst|REG_MEM_BLOCK~607 ; clk          ; clk         ; 20.000       ; 0.322      ; 30.820     ;
; -10.479 ; RISCV_Core:Core_0|ie_status                                  ; RISCV_Core:Core_1|Core_Datapath:Datapath|Register_File:Register_inst|REG_MEM_BLOCK~341 ; clk          ; clk         ; 20.000       ; 0.266      ; 30.760     ;
; -10.478 ; InterCore_Ctrl:ICC_Inst|irq_core0                            ; RISCV_Core:Core_1|Core_Datapath:Datapath|Register_File:Register_inst|REG_MEM_BLOCK~447 ; clk          ; clk         ; 20.000       ; 0.327      ; 30.820     ;
; -10.471 ; RISCV_Core:Core_0|Core_Datapath:Datapath|PC:PC_inst|PCReg[6] ; RISCV_Core:Core_0|Core_Datapath:Datapath|Register_File:Register_inst|REG_MEM_BLOCK~799 ; clk          ; clk         ; 20.000       ; 0.282      ; 30.768     ;
; -10.470 ; RISCV_Core:Core_0|ie_status                                  ; RISCV_Core:Core_1|Core_Datapath:Datapath|Register_File:Register_inst|REG_MEM_BLOCK~319 ; clk          ; clk         ; 20.000       ; 0.307      ; 30.792     ;
; -10.469 ; RISCV_Core:Core_1|ie_status                                  ; RISCV_Core:Core_1|Core_Datapath:Datapath|Register_File:Register_inst|REG_MEM_BLOCK~767 ; clk          ; clk         ; 20.000       ; 0.237      ; 30.721     ;
; -10.469 ; RISCV_Core:Core_0|ie_status                                  ; RISCV_Core:Core_1|Core_Datapath:Datapath|Register_File:Register_inst|REG_MEM_BLOCK~563 ; clk          ; clk         ; 20.000       ; 0.321      ; 30.805     ;
; -10.467 ; RISCV_Core:Core_0|ie_status                                  ; RISCV_Core:Core_0|Core_Datapath:Datapath|Register_File:Register_inst|REG_MEM_BLOCK~383 ; clk          ; clk         ; 20.000       ; 0.269      ; 30.751     ;
; -10.462 ; RISCV_Core:Core_0|ie_status                                  ; RISCV_Core:Core_1|Core_Datapath:Datapath|Register_File:Register_inst|REG_MEM_BLOCK~661 ; clk          ; clk         ; 20.000       ; 0.285      ; 30.762     ;
; -10.459 ; RISCV_Core:Core_0|Core_Datapath:Datapath|PC:PC_inst|PCReg[9] ; RISCV_Core:Core_1|Core_Datapath:Datapath|Register_File:Register_inst|REG_MEM_BLOCK~767 ; clk          ; clk         ; 20.000       ; 0.253      ; 30.727     ;
; -10.459 ; InterCore_Ctrl:ICC_Inst|irq_core0                            ; RISCV_Core:Core_1|Core_Datapath:Datapath|Register_File:Register_inst|REG_MEM_BLOCK~749 ; clk          ; clk         ; 20.000       ; 0.269      ; 30.743     ;
; -10.456 ; RISCV_Core:Core_1|ie_status                                  ; RISCV_Core:Core_1|Core_Datapath:Datapath|Register_File:Register_inst|REG_MEM_BLOCK~479 ; clk          ; clk         ; 20.000       ; 0.283      ; 30.754     ;
; -10.454 ; RISCV_Core:Core_0|ie_status                                  ; RISCV_Core:Core_0|Core_Datapath:Datapath|Register_File:Register_inst|REG_MEM_BLOCK~354 ; clk          ; clk         ; 20.000       ; 0.300      ; 30.769     ;
; -10.454 ; RISCV_Core:Core_0|ie_status                                  ; RISCV_Core:Core_0|Core_Datapath:Datapath|Register_File:Register_inst|REG_MEM_BLOCK~34  ; clk          ; clk         ; 20.000       ; 0.280      ; 30.749     ;
; -10.452 ; RISCV_Core:Core_0|ie_status                                  ; RISCV_Core:Core_1|Core_Datapath:Datapath|Register_File:Register_inst|REG_MEM_BLOCK~863 ; clk          ; clk         ; 20.000       ; 0.303      ; 30.770     ;
; -10.450 ; RISCV_Core:Core_0|ie_status                                  ; RISCV_Core:Core_0|Core_Datapath:Datapath|Register_File:Register_inst|REG_MEM_BLOCK~53  ; clk          ; clk         ; 20.000       ; 0.300      ; 30.765     ;
; -10.448 ; RISCV_Core:Core_0|ie_status                                  ; RISCV_Core:Core_1|Core_Datapath:Datapath|Register_File:Register_inst|REG_MEM_BLOCK~373 ; clk          ; clk         ; 20.000       ; 0.282      ; 30.745     ;
; -10.446 ; RISCV_Core:Core_0|Core_Datapath:Datapath|PC:PC_inst|PCReg[9] ; RISCV_Core:Core_1|Core_Datapath:Datapath|Register_File:Register_inst|REG_MEM_BLOCK~479 ; clk          ; clk         ; 20.000       ; 0.299      ; 30.760     ;
; -10.439 ; RISCV_Core:Core_1|ie_status                                  ; RISCV_Core:Core_1|Core_Datapath:Datapath|Register_File:Register_inst|REG_MEM_BLOCK~895 ; clk          ; clk         ; 20.000       ; 0.265      ; 30.719     ;
; -10.438 ; RISCV_Core:Core_0|ie_status                                  ; RISCV_Core:Core_0|Core_Datapath:Datapath|Register_File:Register_inst|REG_MEM_BLOCK~963 ; clk          ; clk         ; 20.000       ; 0.293      ; 30.746     ;
; -10.437 ; RISCV_Core:Core_0|Core_Datapath:Datapath|PC:PC_inst|PCReg[6] ; RISCV_Core:Core_0|Core_Datapath:Datapath|Register_File:Register_inst|REG_MEM_BLOCK~671 ; clk          ; clk         ; 20.000       ; 0.314      ; 30.766     ;
; -10.436 ; RISCV_Core:Core_0|ie_status                                  ; RISCV_Core:Core_0|Core_Datapath:Datapath|Register_File:Register_inst|REG_MEM_BLOCK~319 ; clk          ; clk         ; 20.000       ; 0.299      ; 30.750     ;
; -10.435 ; RISCV_Core:Core_0|Core_Datapath:Datapath|PC:PC_inst|PCReg[2] ; RISCV_Core:Core_0|Core_Datapath:Datapath|Register_File:Register_inst|REG_MEM_BLOCK~799 ; clk          ; clk         ; 20.000       ; 0.281      ; 30.731     ;
; -10.432 ; RISCV_Core:Core_1|Core_Datapath:Datapath|PC:PC_inst|PCReg[4] ; RISCV_Core:Core_0|Core_Datapath:Datapath|Register_File:Register_inst|REG_MEM_BLOCK~799 ; clk          ; clk         ; 20.000       ; 0.232      ; 30.679     ;
; -10.429 ; RISCV_Core:Core_0|Core_Datapath:Datapath|PC:PC_inst|PCReg[9] ; RISCV_Core:Core_1|Core_Datapath:Datapath|Register_File:Register_inst|REG_MEM_BLOCK~895 ; clk          ; clk         ; 20.000       ; 0.281      ; 30.725     ;
; -10.428 ; RISCV_Core:Core_1|ie_status                                  ; RISCV_Core:Core_1|Core_Datapath:Datapath|Register_File:Register_inst|REG_MEM_BLOCK~447 ; clk          ; clk         ; 20.000       ; 0.311      ; 30.754     ;
; -10.428 ; RISCV_Core:Core_0|ie_status                                  ; RISCV_Core:Core_0|Core_Datapath:Datapath|Register_File:Register_inst|REG_MEM_BLOCK~128 ; clk          ; clk         ; 20.000       ; 0.247      ; 30.690     ;
; -10.428 ; RISCV_Core:Core_0|Core_Datapath:Datapath|PC:PC_inst|PCReg[9] ; RISCV_Core:Core_1|Core_Datapath:Datapath|Register_File:Register_inst|REG_MEM_BLOCK~877 ; clk          ; clk         ; 20.000       ; 0.242      ; 30.685     ;
; -10.426 ; RISCV_Core:Core_0|ie_status                                  ; RISCV_Core:Core_0|Core_Datapath:Datapath|Register_File:Register_inst|REG_MEM_BLOCK~290 ; clk          ; clk         ; 20.000       ; 0.328      ; 30.769     ;
; -10.426 ; RISCV_Core:Core_0|ie_status                                  ; RISCV_Core:Core_1|Core_Datapath:Datapath|Register_File:Register_inst|REG_MEM_BLOCK~277 ; clk          ; clk         ; 20.000       ; 0.321      ; 30.762     ;
; -10.424 ; RISCV_Core:Core_0|ie_status                                  ; RISCV_Core:Core_0|Core_Datapath:Datapath|Register_File:Register_inst|REG_MEM_BLOCK~117 ; clk          ; clk         ; 20.000       ; 0.292      ; 30.731     ;
; -10.421 ; RISCV_Core:Core_0|ie_status                                  ; RISCV_Core:Core_1|Core_Datapath:Datapath|Register_File:Register_inst|REG_MEM_BLOCK~309 ; clk          ; clk         ; 20.000       ; 0.309      ; 30.745     ;
; -10.418 ; RISCV_Core:Core_0|Core_Datapath:Datapath|PC:PC_inst|PCReg[9] ; RISCV_Core:Core_1|Core_Datapath:Datapath|Register_File:Register_inst|REG_MEM_BLOCK~447 ; clk          ; clk         ; 20.000       ; 0.327      ; 30.760     ;
; -10.417 ; RISCV_Core:Core_0|ie_status                                  ; RISCV_Core:Core_1|Core_Datapath:Datapath|Register_File:Register_inst|REG_MEM_BLOCK~287 ; clk          ; clk         ; 20.000       ; 0.286      ; 30.718     ;
; -10.416 ; RISCV_Core:Core_1|Core_Datapath:Datapath|PC:PC_inst|PCReg[6] ; RISCV_Core:Core_0|Core_Datapath:Datapath|Register_File:Register_inst|REG_MEM_BLOCK~799 ; clk          ; clk         ; 20.000       ; 0.232      ; 30.663     ;
; -10.409 ; InterCore_Ctrl:ICC_Inst|irq_core0                            ; RISCV_Core:Core_0|Core_Datapath:Datapath|Register_File:Register_inst|REG_MEM_BLOCK~98  ; clk          ; clk         ; 20.000       ; 0.276      ; 30.700     ;
; -10.407 ; InterCore_Ctrl:ICC_Inst|irq_core1                            ; RISCV_Core:Core_1|Core_Datapath:Datapath|Register_File:Register_inst|REG_MEM_BLOCK~511 ; clk          ; clk         ; 20.000       ; 0.231      ; 30.653     ;
; -10.406 ; InterCore_Ctrl:ICC_Inst|irq_core0                            ; RISCV_Core:Core_0|Core_Datapath:Datapath|Register_File:Register_inst|REG_MEM_BLOCK~418 ; clk          ; clk         ; 20.000       ; 0.279      ; 30.700     ;
; -10.401 ; RISCV_Core:Core_0|Core_Datapath:Datapath|PC:PC_inst|PCReg[2] ; RISCV_Core:Core_0|Core_Datapath:Datapath|Register_File:Register_inst|REG_MEM_BLOCK~671 ; clk          ; clk         ; 20.000       ; 0.313      ; 30.729     ;
; -10.401 ; RISCV_Core:Core_0|ie_status                                  ; RISCV_Core:Core_1|Core_Datapath:Datapath|Register_File:Register_inst|REG_MEM_BLOCK~845 ; clk          ; clk         ; 20.000       ; 0.293      ; 30.709     ;
; -10.400 ; RISCV_Core:Core_0|ie_status                                  ; RISCV_Core:Core_0|Core_Datapath:Datapath|Register_File:Register_inst|REG_MEM_BLOCK~21  ; clk          ; clk         ; 20.000       ; 0.316      ; 30.731     ;
; -10.400 ; RISCV_Core:Core_0|ie_status                                  ; RISCV_Core:Core_0|Core_Datapath:Datapath|Register_File:Register_inst|REG_MEM_BLOCK~192 ; clk          ; clk         ; 20.000       ; 0.275      ; 30.690     ;
; -10.399 ; RISCV_Core:Core_0|Core_Datapath:Datapath|PC:PC_inst|PCReg[9] ; RISCV_Core:Core_1|Core_Datapath:Datapath|Register_File:Register_inst|REG_MEM_BLOCK~749 ; clk          ; clk         ; 20.000       ; 0.269      ; 30.683     ;
+---------+--------------------------------------------------------------+----------------------------------------------------------------------------------------+--------------+-------------+--------------+------------+------------+


+--------------------------------------------------------------------------------------------------------------------------------------------------------------------------------------------------------------------------------------+
; Slow 1200mV 85C Model Hold: 'clk'                                                                                                                                                                                                    ;
+-------+---------------------------------------------------------------+----------------------------------------------------------------------------------------+--------------+-------------+--------------+------------+------------+
; Slack ; From Node                                                     ; To Node                                                                                ; Launch Clock ; Latch Clock ; Relationship ; Clock Skew ; Data Delay ;
+-------+---------------------------------------------------------------+----------------------------------------------------------------------------------------+--------------+-------------+--------------+------------+------------+
; 0.339 ; crossbar_2x3:Interconnect|rr_s1                               ; crossbar_2x3:Interconnect|rr_s1                                                        ; clk          ; clk         ; 0.000        ; 0.081      ; 0.577      ;
; 0.340 ; crossbar_2x3:Interconnect|rr_s0                               ; crossbar_2x3:Interconnect|rr_s0                                                        ; clk          ; clk         ; 0.000        ; 0.080      ; 0.577      ;
; 0.340 ; crossbar_2x3:Interconnect|rr_s2                               ; crossbar_2x3:Interconnect|rr_s2                                                        ; clk          ; clk         ; 0.000        ; 0.080      ; 0.577      ;
; 0.355 ; RISCV_Core:Core_1|mepc_reg[2]                                 ; RISCV_Core:Core_1|mepc_reg[2]                                                          ; clk          ; clk         ; 0.000        ; 0.065      ; 0.577      ;
; 0.355 ; InterCore_Ctrl:ICC_Inst|mutex_lock                            ; InterCore_Ctrl:ICC_Inst|mutex_lock                                                     ; clk          ; clk         ; 0.000        ; 0.065      ; 0.577      ;
; 0.355 ; InterCore_Ctrl:ICC_Inst|irq_core1                             ; InterCore_Ctrl:ICC_Inst|irq_core1                                                      ; clk          ; clk         ; 0.000        ; 0.065      ; 0.577      ;
; 0.355 ; RISCV_Core:Core_1|ie_status                                   ; RISCV_Core:Core_1|ie_status                                                            ; clk          ; clk         ; 0.000        ; 0.065      ; 0.577      ;
; 0.356 ; RISCV_Core:Core_0|ie_status                                   ; RISCV_Core:Core_0|ie_status                                                            ; clk          ; clk         ; 0.000        ; 0.064      ; 0.577      ;
; 0.356 ; RISCV_Core:Core_0|mepc_reg[2]                                 ; RISCV_Core:Core_0|mepc_reg[2]                                                          ; clk          ; clk         ; 0.000        ; 0.064      ; 0.577      ;
; 0.356 ; InterCore_Ctrl:ICC_Inst|irq_core0                             ; InterCore_Ctrl:ICC_Inst|irq_core0                                                      ; clk          ; clk         ; 0.000        ; 0.064      ; 0.577      ;
; 0.615 ; RISCV_Core:Core_1|Core_Datapath:Datapath|PC:PC_inst|PCReg[2]  ; RISCV_Core:Core_1|mepc_reg[2]                                                          ; clk          ; clk         ; 0.000        ; 0.065      ; 0.837      ;
; 0.620 ; InterCore_Ctrl:ICC_Inst|irq_core1                             ; RISCV_Core:Core_1|ie_status                                                            ; clk          ; clk         ; 0.000        ; 0.065      ; 0.842      ;
; 0.630 ; InterCore_Ctrl:ICC_Inst|irq_core0                             ; RISCV_Core:Core_0|ie_status                                                            ; clk          ; clk         ; 0.000        ; 0.064      ; 0.851      ;
; 0.637 ; RISCV_Core:Core_0|Core_Datapath:Datapath|PC:PC_inst|PCReg[2]  ; RISCV_Core:Core_0|mepc_reg[2]                                                          ; clk          ; clk         ; 0.000        ; 0.064      ; 0.858      ;
; 0.968 ; RISCV_Core:Core_0|Core_Datapath:Datapath|PC:PC_inst|PCReg[7]  ; RISCV_Core:Core_0|mepc_reg[2]                                                          ; clk          ; clk         ; 0.000        ; 0.065      ; 1.190      ;
; 1.007 ; RISCV_Core:Core_1|Core_Datapath:Datapath|PC:PC_inst|PCReg[3]  ; RISCV_Core:Core_1|ie_status                                                            ; clk          ; clk         ; 0.000        ; 0.065      ; 1.229      ;
; 1.024 ; RISCV_Core:Core_0|Core_Datapath:Datapath|PC:PC_inst|PCReg[24] ; RISCV_Core:Core_0|Core_Datapath:Datapath|PC:PC_inst|PCReg[24]                          ; clk          ; clk         ; 0.000        ; 0.063      ; 1.244      ;
; 1.029 ; RISCV_Core:Core_1|Core_Datapath:Datapath|PC:PC_inst|PCReg[14] ; RISCV_Core:Core_1|Core_Datapath:Datapath|PC:PC_inst|PCReg[14]                          ; clk          ; clk         ; 0.000        ; 0.065      ; 1.251      ;
; 1.041 ; RISCV_Core:Core_1|Core_Datapath:Datapath|PC:PC_inst|PCReg[8]  ; RISCV_Core:Core_1|ie_status                                                            ; clk          ; clk         ; 0.000        ; 0.065      ; 1.263      ;
; 1.061 ; RISCV_Core:Core_0|Core_Datapath:Datapath|PC:PC_inst|PCReg[8]  ; RISCV_Core:Core_0|mepc_reg[2]                                                          ; clk          ; clk         ; 0.000        ; 0.065      ; 1.283      ;
; 1.061 ; RISCV_Core:Core_1|Core_Datapath:Datapath|PC:PC_inst|PCReg[3]  ; RISCV_Core:Core_1|mepc_reg[2]                                                          ; clk          ; clk         ; 0.000        ; 0.065      ; 1.283      ;
; 1.068 ; RISCV_Core:Core_0|ie_status                                   ; RISCV_Core:Core_0|mepc_reg[2]                                                          ; clk          ; clk         ; 0.000        ; 0.065      ; 1.290      ;
; 1.095 ; RISCV_Core:Core_1|Core_Datapath:Datapath|PC:PC_inst|PCReg[8]  ; RISCV_Core:Core_1|mepc_reg[2]                                                          ; clk          ; clk         ; 0.000        ; 0.065      ; 1.317      ;
; 1.115 ; RISCV_Core:Core_1|ie_status                                   ; RISCV_Core:Core_1|mepc_reg[2]                                                          ; clk          ; clk         ; 0.000        ; 0.065      ; 1.337      ;
; 1.166 ; InterCore_Ctrl:ICC_Inst|irq_core0                             ; RISCV_Core:Core_0|mepc_reg[2]                                                          ; clk          ; clk         ; 0.000        ; 0.065      ; 1.388      ;
; 1.185 ; InterCore_Ctrl:ICC_Inst|irq_core1                             ; RISCV_Core:Core_1|mepc_reg[2]                                                          ; clk          ; clk         ; 0.000        ; 0.065      ; 1.407      ;
; 1.192 ; RISCV_Core:Core_1|Core_Datapath:Datapath|PC:PC_inst|PCReg[5]  ; RISCV_Core:Core_1|ie_status                                                            ; clk          ; clk         ; 0.000        ; 0.065      ; 1.414      ;
; 1.265 ; RISCV_Core:Core_0|Core_Datapath:Datapath|PC:PC_inst|PCReg[19] ; RISCV_Core:Core_0|Core_Datapath:Datapath|PC:PC_inst|PCReg[19]                          ; clk          ; clk         ; 0.000        ; 0.064      ; 1.486      ;
; 1.266 ; RISCV_Core:Core_0|Core_Datapath:Datapath|PC:PC_inst|PCReg[4]  ; RISCV_Core:Core_0|mepc_reg[2]                                                          ; clk          ; clk         ; 0.000        ; 0.065      ; 1.488      ;
; 1.280 ; RISCV_Core:Core_1|Core_Datapath:Datapath|PC:PC_inst|PCReg[5]  ; RISCV_Core:Core_1|mepc_reg[2]                                                          ; clk          ; clk         ; 0.000        ; 0.065      ; 1.502      ;
; 1.304 ; RISCV_Core:Core_1|Core_Datapath:Datapath|PC:PC_inst|PCReg[7]  ; RISCV_Core:Core_1|ie_status                                                            ; clk          ; clk         ; 0.000        ; 0.065      ; 1.526      ;
; 1.346 ; RISCV_Core:Core_0|Core_Datapath:Datapath|PC:PC_inst|PCReg[14] ; RISCV_Core:Core_0|Core_Datapath:Datapath|PC:PC_inst|PCReg[14]                          ; clk          ; clk         ; 0.000        ; 0.065      ; 1.568      ;
; 1.358 ; RISCV_Core:Core_1|Core_Datapath:Datapath|PC:PC_inst|PCReg[7]  ; RISCV_Core:Core_1|mepc_reg[2]                                                          ; clk          ; clk         ; 0.000        ; 0.065      ; 1.580      ;
; 1.379 ; RISCV_Core:Core_1|Core_Datapath:Datapath|PC:PC_inst|PCReg[25] ; RISCV_Core:Core_1|Core_Datapath:Datapath|PC:PC_inst|PCReg[25]                          ; clk          ; clk         ; 0.000        ; 0.065      ; 1.601      ;
; 1.397 ; RISCV_Core:Core_1|ie_status                                   ; RISCV_Core:Core_1|mepc_reg[8]                                                          ; clk          ; clk         ; 0.000        ; 0.065      ; 1.619      ;
; 1.402 ; RISCV_Core:Core_1|Core_Datapath:Datapath|PC:PC_inst|PCReg[16] ; RISCV_Core:Core_1|Core_Datapath:Datapath|PC:PC_inst|PCReg[16]                          ; clk          ; clk         ; 0.000        ; 0.065      ; 1.624      ;
; 1.436 ; RISCV_Core:Core_0|Core_Datapath:Datapath|PC:PC_inst|PCReg[7]  ; RISCV_Core:Core_0|ie_status                                                            ; clk          ; clk         ; 0.000        ; 0.064      ; 1.657      ;
; 1.439 ; RISCV_Core:Core_1|Core_Datapath:Datapath|PC:PC_inst|PCReg[2]  ; RISCV_Core:Core_1|ie_status                                                            ; clk          ; clk         ; 0.000        ; 0.065      ; 1.661      ;
; 1.474 ; RISCV_Core:Core_0|Core_Datapath:Datapath|PC:PC_inst|PCReg[22] ; RISCV_Core:Core_0|Core_Datapath:Datapath|PC:PC_inst|PCReg[24]                          ; clk          ; clk         ; 0.000        ; 0.063      ; 1.694      ;
; 1.494 ; RISCV_Core:Core_0|Core_Datapath:Datapath|PC:PC_inst|PCReg[5]  ; RISCV_Core:Core_0|mepc_reg[2]                                                          ; clk          ; clk         ; 0.000        ; 0.065      ; 1.716      ;
; 1.509 ; RISCV_Core:Core_1|Core_Datapath:Datapath|PC:PC_inst|PCReg[9]  ; RISCV_Core:Core_1|ie_status                                                            ; clk          ; clk         ; 0.000        ; 0.065      ; 1.731      ;
; 1.514 ; RISCV_Core:Core_0|Core_Datapath:Datapath|PC:PC_inst|PCReg[11] ; RISCV_Core:Core_0|Core_Datapath:Datapath|PC:PC_inst|PCReg[11]                          ; clk          ; clk         ; 0.000        ; 0.065      ; 1.736      ;
; 1.529 ; RISCV_Core:Core_0|Core_Datapath:Datapath|PC:PC_inst|PCReg[27] ; RISCV_Core:Core_0|Core_Datapath:Datapath|PC:PC_inst|PCReg[27]                          ; clk          ; clk         ; 0.000        ; 0.064      ; 1.750      ;
; 1.529 ; RISCV_Core:Core_0|Core_Datapath:Datapath|PC:PC_inst|PCReg[8]  ; RISCV_Core:Core_0|ie_status                                                            ; clk          ; clk         ; 0.000        ; 0.064      ; 1.750      ;
; 1.533 ; RISCV_Core:Core_0|Core_Datapath:Datapath|PC:PC_inst|PCReg[3]  ; RISCV_Core:Core_0|mepc_reg[2]                                                          ; clk          ; clk         ; 0.000        ; 0.065      ; 1.755      ;
; 1.534 ; RISCV_Core:Core_0|Core_Datapath:Datapath|PC:PC_inst|PCReg[10] ; RISCV_Core:Core_0|Core_Datapath:Datapath|PC:PC_inst|PCReg[10]                          ; clk          ; clk         ; 0.000        ; 0.065      ; 1.756      ;
; 1.535 ; RISCV_Core:Core_0|Core_Datapath:Datapath|PC:PC_inst|PCReg[22] ; RISCV_Core:Core_0|Core_Datapath:Datapath|PC:PC_inst|PCReg[22]                          ; clk          ; clk         ; 0.000        ; 0.064      ; 1.756      ;
; 1.547 ; RISCV_Core:Core_0|Core_Datapath:Datapath|PC:PC_inst|PCReg[18] ; RISCV_Core:Core_0|Core_Datapath:Datapath|PC:PC_inst|PCReg[18]                          ; clk          ; clk         ; 0.000        ; 0.064      ; 1.768      ;
; 1.554 ; RISCV_Core:Core_0|Core_Datapath:Datapath|PC:PC_inst|PCReg[13] ; RISCV_Core:Core_0|Core_Datapath:Datapath|PC:PC_inst|PCReg[13]                          ; clk          ; clk         ; 0.000        ; 0.065      ; 1.776      ;
; 1.563 ; RISCV_Core:Core_1|Core_Datapath:Datapath|PC:PC_inst|PCReg[9]  ; RISCV_Core:Core_1|mepc_reg[2]                                                          ; clk          ; clk         ; 0.000        ; 0.065      ; 1.785      ;
; 1.579 ; RISCV_Core:Core_0|Core_Datapath:Datapath|PC:PC_inst|PCReg[20] ; RISCV_Core:Core_0|Core_Datapath:Datapath|PC:PC_inst|PCReg[20]                          ; clk          ; clk         ; 0.000        ; 0.064      ; 1.800      ;
; 1.587 ; RISCV_Core:Core_0|Core_Datapath:Datapath|PC:PC_inst|PCReg[20] ; RISCV_Core:Core_0|Core_Datapath:Datapath|PC:PC_inst|PCReg[24]                          ; clk          ; clk         ; 0.000        ; 0.063      ; 1.807      ;
; 1.599 ; RISCV_Core:Core_0|Core_Datapath:Datapath|PC:PC_inst|PCReg[18] ; RISCV_Core:Core_0|Core_Datapath:Datapath|PC:PC_inst|PCReg[19]                          ; clk          ; clk         ; 0.000        ; 0.064      ; 1.820      ;
; 1.600 ; InterCore_Ctrl:ICC_Inst|irq_core1                             ; RISCV_Core:Core_1|mepc_reg[8]                                                          ; clk          ; clk         ; 0.000        ; 0.065      ; 1.822      ;
; 1.602 ; RISCV_Core:Core_0|Core_Datapath:Datapath|PC:PC_inst|PCReg[31] ; RISCV_Core:Core_0|Core_Datapath:Datapath|PC:PC_inst|PCReg[31]                          ; clk          ; clk         ; 0.000        ; 0.064      ; 1.823      ;
; 1.604 ; InterCore_Ctrl:ICC_Inst|irq_core0                             ; RISCV_Core:Core_0|mepc_reg[8]                                                          ; clk          ; clk         ; 0.000        ; 0.064      ; 1.825      ;
; 1.613 ; RISCV_Core:Core_1|Core_Datapath:Datapath|PC:PC_inst|PCReg[30] ; RISCV_Core:Core_1|Core_Datapath:Datapath|PC:PC_inst|PCReg[30]                          ; clk          ; clk         ; 0.000        ; 0.065      ; 1.835      ;
; 1.651 ; RISCV_Core:Core_0|Core_Datapath:Datapath|PC:PC_inst|PCReg[29] ; RISCV_Core:Core_0|Core_Datapath:Datapath|PC:PC_inst|PCReg[29]                          ; clk          ; clk         ; 0.000        ; 0.064      ; 1.872      ;
; 1.652 ; RISCV_Core:Core_0|Core_Datapath:Datapath|PC:PC_inst|PCReg[19] ; RISCV_Core:Core_0|Core_Datapath:Datapath|PC:PC_inst|PCReg[24]                          ; clk          ; clk         ; 0.000        ; 0.063      ; 1.872      ;
; 1.680 ; RISCV_Core:Core_0|ie_status                                   ; RISCV_Core:Core_0|mepc_reg[8]                                                          ; clk          ; clk         ; 0.000        ; 0.064      ; 1.901      ;
; 1.687 ; RISCV_Core:Core_0|Core_Datapath:Datapath|PC:PC_inst|PCReg[11] ; RISCV_Core:Core_0|Core_Datapath:Datapath|PC:PC_inst|PCReg[14]                          ; clk          ; clk         ; 0.000        ; 0.065      ; 1.909      ;
; 1.696 ; RISCV_Core:Core_0|Core_Datapath:Datapath|PC:PC_inst|PCReg[10] ; RISCV_Core:Core_0|Core_Datapath:Datapath|PC:PC_inst|PCReg[14]                          ; clk          ; clk         ; 0.000        ; 0.065      ; 1.918      ;
; 1.698 ; RISCV_Core:Core_1|Core_Datapath:Datapath|PC:PC_inst|PCReg[25] ; RISCV_Core:Core_1|Core_Datapath:Datapath|PC:PC_inst|PCReg[26]                          ; clk          ; clk         ; 0.000        ; 0.066      ; 1.921      ;
; 1.713 ; RISCV_Core:Core_0|Core_Datapath:Datapath|PC:PC_inst|PCReg[18] ; RISCV_Core:Core_0|Core_Datapath:Datapath|PC:PC_inst|PCReg[24]                          ; clk          ; clk         ; 0.000        ; 0.063      ; 1.933      ;
; 1.713 ; RISCV_Core:Core_1|Core_Datapath:Datapath|PC:PC_inst|PCReg[16] ; RISCV_Core:Core_1|Core_Datapath:Datapath|PC:PC_inst|PCReg[21]                          ; clk          ; clk         ; 0.000        ; 0.065      ; 1.935      ;
; 1.728 ; RISCV_Core:Core_0|Core_Datapath:Datapath|PC:PC_inst|PCReg[24] ; RISCV_Core:Core_0|Core_Datapath:Datapath|PC:PC_inst|PCReg[25]                          ; clk          ; clk         ; 0.000        ; 0.071      ; 1.956      ;
; 1.734 ; RISCV_Core:Core_0|Core_Datapath:Datapath|PC:PC_inst|PCReg[4]  ; RISCV_Core:Core_0|ie_status                                                            ; clk          ; clk         ; 0.000        ; 0.064      ; 1.955      ;
; 1.740 ; RISCV_Core:Core_0|Core_Datapath:Datapath|PC:PC_inst|PCReg[16] ; RISCV_Core:Core_0|Core_Datapath:Datapath|PC:PC_inst|PCReg[19]                          ; clk          ; clk         ; 0.000        ; 0.036      ; 1.933      ;
; 1.742 ; RISCV_Core:Core_1|Core_Datapath:Datapath|PC:PC_inst|PCReg[4]  ; RISCV_Core:Core_1|ie_status                                                            ; clk          ; clk         ; 0.000        ; 0.065      ; 1.964      ;
; 1.743 ; RISCV_Core:Core_1|Core_Datapath:Datapath|PC:PC_inst|PCReg[6]  ; RISCV_Core:Core_1|ie_status                                                            ; clk          ; clk         ; 0.000        ; 0.065      ; 1.965      ;
; 1.755 ; RISCV_Core:Core_1|Core_Datapath:Datapath|PC:PC_inst|PCReg[14] ; RISCV_Core:Core_1|Core_Datapath:Datapath|PC:PC_inst|PCReg[16]                          ; clk          ; clk         ; 0.000        ; 0.062      ; 1.974      ;
; 1.765 ; RISCV_Core:Core_1|Core_Datapath:Datapath|PC:PC_inst|PCReg[26] ; RISCV_Core:Core_1|Core_Datapath:Datapath|PC:PC_inst|PCReg[26]                          ; clk          ; clk         ; 0.000        ; 0.066      ; 1.988      ;
; 1.767 ; RISCV_Core:Core_1|Core_Datapath:Datapath|PC:PC_inst|PCReg[27] ; RISCV_Core:Core_1|Core_Datapath:Datapath|PC:PC_inst|PCReg[27]                          ; clk          ; clk         ; 0.000        ; 0.066      ; 1.990      ;
; 1.770 ; RISCV_Core:Core_0|Core_Datapath:Datapath|PC:PC_inst|PCReg[13] ; RISCV_Core:Core_0|Core_Datapath:Datapath|PC:PC_inst|PCReg[14]                          ; clk          ; clk         ; 0.000        ; 0.065      ; 1.992      ;
; 1.779 ; RISCV_Core:Core_0|Core_Datapath:Datapath|PC:PC_inst|PCReg[16] ; RISCV_Core:Core_0|Core_Datapath:Datapath|PC:PC_inst|PCReg[16]                          ; clk          ; clk         ; 0.000        ; 0.065      ; 2.001      ;
; 1.787 ; RISCV_Core:Core_0|Core_Datapath:Datapath|PC:PC_inst|PCReg[6]  ; RISCV_Core:Core_0|mepc_reg[2]                                                          ; clk          ; clk         ; 0.000        ; 0.065      ; 2.009      ;
; 1.791 ; RISCV_Core:Core_0|Core_Datapath:Datapath|PC:PC_inst|PCReg[10] ; RISCV_Core:Core_0|Core_Datapath:Datapath|PC:PC_inst|PCReg[11]                          ; clk          ; clk         ; 0.000        ; 0.065      ; 2.013      ;
; 1.792 ; RISCV_Core:Core_0|Core_Datapath:Datapath|PC:PC_inst|PCReg[24] ; RISCV_Core:Core_0|Core_Datapath:Datapath|PC:PC_inst|PCReg[27]                          ; clk          ; clk         ; 0.000        ; 0.064      ; 2.013      ;
; 1.794 ; RISCV_Core:Core_1|Core_Datapath:Datapath|PC:PC_inst|PCReg[25] ; RISCV_Core:Core_1|Core_Datapath:Datapath|PC:PC_inst|PCReg[27]                          ; clk          ; clk         ; 0.000        ; 0.066      ; 2.017      ;
; 1.796 ; RISCV_Core:Core_1|Core_Datapath:Datapath|PC:PC_inst|PCReg[28] ; RISCV_Core:Core_1|Core_Datapath:Datapath|PC:PC_inst|PCReg[28]                          ; clk          ; clk         ; 0.000        ; 0.066      ; 2.019      ;
; 1.796 ; RISCV_Core:Core_1|Core_Datapath:Datapath|PC:PC_inst|PCReg[4]  ; RISCV_Core:Core_1|mepc_reg[2]                                                          ; clk          ; clk         ; 0.000        ; 0.065      ; 2.018      ;
; 1.797 ; RISCV_Core:Core_1|Core_Datapath:Datapath|PC:PC_inst|PCReg[6]  ; RISCV_Core:Core_1|mepc_reg[2]                                                          ; clk          ; clk         ; 0.000        ; 0.065      ; 2.019      ;
; 1.817 ; RISCV_Core:Core_0|Core_Datapath:Datapath|PC:PC_inst|PCReg[17] ; RISCV_Core:Core_0|Core_Datapath:Datapath|PC:PC_inst|PCReg[17]                          ; clk          ; clk         ; 0.000        ; 0.065      ; 2.039      ;
; 1.819 ; RISCV_Core:Core_1|Core_Datapath:Datapath|PC:PC_inst|PCReg[25] ; RISCV_Core:Core_1|Core_Datapath:Datapath|PC:PC_inst|PCReg[28]                          ; clk          ; clk         ; 0.000        ; 0.066      ; 2.042      ;
; 1.822 ; RISCV_Core:Core_0|Core_Datapath:Datapath|PC:PC_inst|PCReg[19] ; RISCV_Core:Core_0|Core_Datapath:Datapath|PC:PC_inst|PCReg[20]                          ; clk          ; clk         ; 0.000        ; 0.064      ; 2.043      ;
; 1.825 ; RISCV_Core:Core_0|Core_Datapath:Datapath|PC:PC_inst|PCReg[20] ; RISCV_Core:Core_0|Core_Datapath:Datapath|PC:PC_inst|PCReg[22]                          ; clk          ; clk         ; 0.000        ; 0.064      ; 2.046      ;
; 1.833 ; RISCV_Core:Core_1|Core_Datapath:Datapath|PC:PC_inst|PCReg[10] ; RISCV_Core:Core_1|Core_Datapath:Datapath|PC:PC_inst|PCReg[14]                          ; clk          ; clk         ; 0.000        ; 0.064      ; 2.054      ;
; 1.853 ; InterCore_Ctrl:ICC_Inst|mailbox_0to1[30]                      ; RISCV_Core:Core_1|Core_Datapath:Datapath|Register_File:Register_inst|REG_MEM_BLOCK~702 ; clk          ; clk         ; 0.000        ; 0.110      ; 2.120      ;
; 1.854 ; RISCV_Core:Core_0|Core_Datapath:Datapath|PC:PC_inst|PCReg[16] ; RISCV_Core:Core_0|Core_Datapath:Datapath|PC:PC_inst|PCReg[24]                          ; clk          ; clk         ; 0.000        ; 0.035      ; 2.046      ;
; 1.857 ; RISCV_Core:Core_0|Core_Datapath:Datapath|PC:PC_inst|PCReg[14] ; RISCV_Core:Core_0|Core_Datapath:Datapath|PC:PC_inst|PCReg[19]                          ; clk          ; clk         ; 0.000        ; 0.036      ; 2.050      ;
; 1.865 ; RISCV_Core:Core_0|Core_Datapath:Datapath|PC:PC_inst|PCReg[16] ; RISCV_Core:Core_0|Core_Datapath:Datapath|PC:PC_inst|PCReg[18]                          ; clk          ; clk         ; 0.000        ; 0.036      ; 2.058      ;
; 1.874 ; RISCV_Core:Core_0|Core_Datapath:Datapath|PC:PC_inst|PCReg[16] ; RISCV_Core:Core_0|Core_Datapath:Datapath|PC:PC_inst|PCReg[17]                          ; clk          ; clk         ; 0.000        ; 0.065      ; 2.096      ;
; 1.883 ; RISCV_Core:Core_0|Core_Datapath:Datapath|PC:PC_inst|PCReg[18] ; RISCV_Core:Core_0|Core_Datapath:Datapath|PC:PC_inst|PCReg[20]                          ; clk          ; clk         ; 0.000        ; 0.064      ; 2.104      ;
; 1.890 ; RISCV_Core:Core_0|Core_Datapath:Datapath|PC:PC_inst|PCReg[19] ; RISCV_Core:Core_0|Core_Datapath:Datapath|PC:PC_inst|PCReg[22]                          ; clk          ; clk         ; 0.000        ; 0.064      ; 2.111      ;
; 1.892 ; RISCV_Core:Core_0|Core_Datapath:Datapath|PC:PC_inst|PCReg[24] ; RISCV_Core:Core_0|Core_Datapath:Datapath|PC:PC_inst|PCReg[26]                          ; clk          ; clk         ; 0.000        ; 0.071      ; 2.120      ;
; 1.902 ; InterCore_Ctrl:ICC_Inst|mailbox_0to1[1]                       ; RISCV_Core:Core_0|Core_Datapath:Datapath|Register_File:Register_inst|REG_MEM_BLOCK~705 ; clk          ; clk         ; 0.000        ; 0.083      ; 2.142      ;
; 1.917 ; RISCV_Core:Core_1|Core_Datapath:Datapath|PC:PC_inst|PCReg[21] ; RISCV_Core:Core_1|Core_Datapath:Datapath|PC:PC_inst|PCReg[21]                          ; clk          ; clk         ; 0.000        ; 0.065      ; 2.139      ;
; 1.926 ; InterCore_Ctrl:ICC_Inst|mailbox_0to1[7]                       ; RISCV_Core:Core_0|Core_Datapath:Datapath|Register_File:Register_inst|REG_MEM_BLOCK~871 ; clk          ; clk         ; 0.000        ; 0.083      ; 2.166      ;
; 1.944 ; RISCV_Core:Core_0|Core_Datapath:Datapath|PC:PC_inst|PCReg[23] ; RISCV_Core:Core_0|Core_Datapath:Datapath|PC:PC_inst|PCReg[24]                          ; clk          ; clk         ; 0.000        ; 0.056      ; 2.157      ;
; 1.951 ; RISCV_Core:Core_0|Core_Datapath:Datapath|PC:PC_inst|PCReg[18] ; RISCV_Core:Core_0|Core_Datapath:Datapath|PC:PC_inst|PCReg[22]                          ; clk          ; clk         ; 0.000        ; 0.064      ; 2.172      ;
+-------+---------------------------------------------------------------+----------------------------------------------------------------------------------------+--------------+-------------+--------------+------------+------------+


+-----------------------------------------------------------------------------------------------------------------------------------------------------------------------+
; Slow 1200mV 85C Model Minimum Pulse Width: 'clk'                                                                                                                      ;
+-------+--------------+----------------+-----------------+-------+------------+----------------------------------------------------------------------------------------+
; Slack ; Actual Width ; Required Width ; Type            ; Clock ; Clock Edge ; Target                                                                                 ;
+-------+--------------+----------------+-----------------+-------+------------+----------------------------------------------------------------------------------------+
; 9.650 ; 9.834        ; 0.184          ; Low Pulse Width ; clk   ; Rise       ; Data_Memory:Shared_RAM_Bank0|RAM~2312                                                  ;
; 9.650 ; 9.834        ; 0.184          ; Low Pulse Width ; clk   ; Rise       ; Data_Memory:Shared_RAM_Bank0|RAM~2324                                                  ;
; 9.650 ; 9.834        ; 0.184          ; Low Pulse Width ; clk   ; Rise       ; Data_Memory:Shared_RAM_Bank0|RAM~3081                                                  ;
; 9.650 ; 9.834        ; 0.184          ; Low Pulse Width ; clk   ; Rise       ; Data_Memory:Shared_RAM_Bank0|RAM~3085                                                  ;
; 9.650 ; 9.834        ; 0.184          ; Low Pulse Width ; clk   ; Rise       ; Data_Memory:Shared_RAM_Bank0|RAM~3089                                                  ;
; 9.650 ; 9.834        ; 0.184          ; Low Pulse Width ; clk   ; Rise       ; Data_Memory:Shared_RAM_Bank0|RAM~3093                                                  ;
; 9.651 ; 9.835        ; 0.184          ; Low Pulse Width ; clk   ; Rise       ; Data_Memory:Shared_RAM_Bank0|RAM~1824                                                  ;
; 9.651 ; 9.835        ; 0.184          ; Low Pulse Width ; clk   ; Rise       ; Data_Memory:Shared_RAM_Bank0|RAM~1839                                                  ;
; 9.651 ; 9.835        ; 0.184          ; Low Pulse Width ; clk   ; Rise       ; Data_Memory:Shared_RAM_Bank0|RAM~1841                                                  ;
; 9.651 ; 9.835        ; 0.184          ; Low Pulse Width ; clk   ; Rise       ; Data_Memory:Shared_RAM_Bank0|RAM~1843                                                  ;
; 9.651 ; 9.835        ; 0.184          ; Low Pulse Width ; clk   ; Rise       ; Data_Memory:Shared_RAM_Bank0|RAM~1847                                                  ;
; 9.651 ; 9.835        ; 0.184          ; Low Pulse Width ; clk   ; Rise       ; Data_Memory:Shared_RAM_Bank0|RAM~1941                                                  ;
; 9.651 ; 9.835        ; 0.184          ; Low Pulse Width ; clk   ; Rise       ; Data_Memory:Shared_RAM_Bank0|RAM~1944                                                  ;
; 9.651 ; 9.835        ; 0.184          ; Low Pulse Width ; clk   ; Rise       ; Data_Memory:Shared_RAM_Bank0|RAM~2212                                                  ;
; 9.651 ; 9.835        ; 0.184          ; Low Pulse Width ; clk   ; Rise       ; Data_Memory:Shared_RAM_Bank0|RAM~2216                                                  ;
; 9.651 ; 9.835        ; 0.184          ; Low Pulse Width ; clk   ; Rise       ; Data_Memory:Shared_RAM_Bank0|RAM~2228                                                  ;
; 9.651 ; 9.835        ; 0.184          ; Low Pulse Width ; clk   ; Rise       ; Data_Memory:Shared_RAM_Bank0|RAM~2235                                                  ;
; 9.651 ; 9.835        ; 0.184          ; Low Pulse Width ; clk   ; Rise       ; Data_Memory:Shared_RAM_Bank0|RAM~256                                                   ;
; 9.651 ; 9.835        ; 0.184          ; Low Pulse Width ; clk   ; Rise       ; Data_Memory:Shared_RAM_Bank0|RAM~284                                                   ;
; 9.651 ; 9.835        ; 0.184          ; Low Pulse Width ; clk   ; Rise       ; Data_Memory:Shared_RAM_Bank0|RAM~3621                                                  ;
; 9.651 ; 9.835        ; 0.184          ; Low Pulse Width ; clk   ; Rise       ; Data_Memory:Shared_RAM_Bank0|RAM~3625                                                  ;
; 9.651 ; 9.835        ; 0.184          ; Low Pulse Width ; clk   ; Rise       ; Data_Memory:Shared_RAM_Bank0|RAM~3628                                                  ;
; 9.651 ; 9.835        ; 0.184          ; Low Pulse Width ; clk   ; Rise       ; Data_Memory:Shared_RAM_Bank0|RAM~3629                                                  ;
; 9.651 ; 9.835        ; 0.184          ; Low Pulse Width ; clk   ; Rise       ; Data_Memory:Shared_RAM_Bank0|RAM~3632                                                  ;
; 9.651 ; 9.835        ; 0.184          ; Low Pulse Width ; clk   ; Rise       ; Data_Memory:Shared_RAM_Bank0|RAM~3633                                                  ;
; 9.651 ; 9.835        ; 0.184          ; Low Pulse Width ; clk   ; Rise       ; Data_Memory:Shared_RAM_Bank0|RAM~3634                                                  ;
; 9.651 ; 9.835        ; 0.184          ; Low Pulse Width ; clk   ; Rise       ; Data_Memory:Shared_RAM_Bank0|RAM~3637                                                  ;
; 9.651 ; 9.835        ; 0.184          ; Low Pulse Width ; clk   ; Rise       ; Data_Memory:Shared_RAM_Bank0|RAM~3638                                                  ;
; 9.651 ; 9.835        ; 0.184          ; Low Pulse Width ; clk   ; Rise       ; Data_Memory:Shared_RAM_Bank0|RAM~3640                                                  ;
; 9.651 ; 9.835        ; 0.184          ; Low Pulse Width ; clk   ; Rise       ; Data_Memory:Shared_RAM_Bank0|RAM~3641                                                  ;
; 9.651 ; 9.835        ; 0.184          ; Low Pulse Width ; clk   ; Rise       ; Data_Memory:Shared_RAM_Bank0|RAM~3642                                                  ;
; 9.651 ; 9.835        ; 0.184          ; Low Pulse Width ; clk   ; Rise       ; Data_Memory:Shared_RAM_Bank0|RAM~3644                                                  ;
; 9.651 ; 9.835        ; 0.184          ; Low Pulse Width ; clk   ; Rise       ; Data_Memory:Shared_RAM_Bank0|RAM~3717                                                  ;
; 9.651 ; 9.835        ; 0.184          ; Low Pulse Width ; clk   ; Rise       ; Data_Memory:Shared_RAM_Bank0|RAM~3720                                                  ;
; 9.651 ; 9.835        ; 0.184          ; Low Pulse Width ; clk   ; Rise       ; Data_Memory:Shared_RAM_Bank0|RAM~3725                                                  ;
; 9.651 ; 9.835        ; 0.184          ; Low Pulse Width ; clk   ; Rise       ; Data_Memory:Shared_RAM_Bank0|RAM~3732                                                  ;
; 9.651 ; 9.835        ; 0.184          ; Low Pulse Width ; clk   ; Rise       ; Data_Memory:Shared_RAM_Bank0|RAM~45                                                    ;
; 9.651 ; 9.835        ; 0.184          ; Low Pulse Width ; clk   ; Rise       ; Data_Memory:Shared_RAM_Bank0|RAM~57                                                    ;
; 9.651 ; 9.835        ; 0.184          ; Low Pulse Width ; clk   ; Rise       ; Data_Memory:Shared_RAM_Bank0|RAM~6081                                                  ;
; 9.651 ; 9.835        ; 0.184          ; Low Pulse Width ; clk   ; Rise       ; Data_Memory:Shared_RAM_Bank0|RAM~6095                                                  ;
; 9.651 ; 9.835        ; 0.184          ; Low Pulse Width ; clk   ; Rise       ; Data_Memory:Shared_RAM_Bank0|RAM~6101                                                  ;
; 9.651 ; 9.835        ; 0.184          ; Low Pulse Width ; clk   ; Rise       ; Data_Memory:Shared_RAM_Bank0|RAM~6105                                                  ;
; 9.651 ; 9.835        ; 0.184          ; Low Pulse Width ; clk   ; Rise       ; Data_Memory:Shared_RAM_Bank0|RAM~6110                                                  ;
; 9.651 ; 9.835        ; 0.184          ; Low Pulse Width ; clk   ; Rise       ; Data_Memory:Shared_RAM_Bank0|RAM~6178                                                  ;
; 9.651 ; 9.835        ; 0.184          ; Low Pulse Width ; clk   ; Rise       ; Data_Memory:Shared_RAM_Bank0|RAM~6199                                                  ;
; 9.651 ; 9.835        ; 0.184          ; Low Pulse Width ; clk   ; Rise       ; Data_Memory:Shared_RAM_Bank0|RAM~6608                                                  ;
; 9.651 ; 9.835        ; 0.184          ; Low Pulse Width ; clk   ; Rise       ; Data_Memory:Shared_RAM_Bank0|RAM~6625                                                  ;
; 9.651 ; 9.835        ; 0.184          ; Low Pulse Width ; clk   ; Rise       ; Data_Memory:Shared_RAM_Bank0|RAM~6627                                                  ;
; 9.651 ; 9.835        ; 0.184          ; Low Pulse Width ; clk   ; Rise       ; Data_Memory:Shared_RAM_Bank0|RAM~6637                                                  ;
; 9.651 ; 9.835        ; 0.184          ; Low Pulse Width ; clk   ; Rise       ; Data_Memory:Shared_RAM_Bank0|RAM~6645                                                  ;
; 9.651 ; 9.835        ; 0.184          ; Low Pulse Width ; clk   ; Rise       ; Data_Memory:Shared_RAM_Bank0|RAM~6649                                                  ;
; 9.651 ; 9.835        ; 0.184          ; Low Pulse Width ; clk   ; Rise       ; Data_Memory:Shared_RAM_Bank0|RAM~7231                                                  ;
; 9.651 ; 9.835        ; 0.184          ; Low Pulse Width ; clk   ; Rise       ; Data_Memory:Shared_RAM_Bank0|RAM~7449                                                  ;
; 9.651 ; 9.835        ; 0.184          ; Low Pulse Width ; clk   ; Rise       ; Data_Memory:Shared_RAM_Bank0|RAM~897                                                   ;
; 9.651 ; 9.835        ; 0.184          ; Low Pulse Width ; clk   ; Rise       ; Data_Memory:Shared_RAM_Bank0|RAM~898                                                   ;
; 9.651 ; 9.835        ; 0.184          ; Low Pulse Width ; clk   ; Rise       ; Data_Memory:Shared_RAM_Bank0|RAM~902                                                   ;
; 9.651 ; 9.835        ; 0.184          ; Low Pulse Width ; clk   ; Rise       ; Data_Memory:Shared_RAM_Bank0|RAM~910                                                   ;
; 9.651 ; 9.835        ; 0.184          ; Low Pulse Width ; clk   ; Rise       ; Data_Memory:Shared_RAM_Bank0|RAM~913                                                   ;
; 9.651 ; 9.835        ; 0.184          ; Low Pulse Width ; clk   ; Rise       ; Data_Memory:Shared_RAM_Bank0|RAM~926                                                   ;
; 9.651 ; 9.835        ; 0.184          ; Low Pulse Width ; clk   ; Rise       ; RISCV_Core:Core_1|Core_Datapath:Datapath|Register_File:Register_inst|REG_MEM_BLOCK~135 ;
; 9.651 ; 9.835        ; 0.184          ; Low Pulse Width ; clk   ; Rise       ; RISCV_Core:Core_1|Core_Datapath:Datapath|Register_File:Register_inst|REG_MEM_BLOCK~147 ;
; 9.651 ; 9.835        ; 0.184          ; Low Pulse Width ; clk   ; Rise       ; RISCV_Core:Core_1|Core_Datapath:Datapath|Register_File:Register_inst|REG_MEM_BLOCK~151 ;
; 9.651 ; 9.835        ; 0.184          ; Low Pulse Width ; clk   ; Rise       ; RISCV_Core:Core_1|Core_Datapath:Datapath|Register_File:Register_inst|REG_MEM_BLOCK~152 ;
; 9.651 ; 9.835        ; 0.184          ; Low Pulse Width ; clk   ; Rise       ; RISCV_Core:Core_1|Core_Datapath:Datapath|Register_File:Register_inst|REG_MEM_BLOCK~153 ;
; 9.651 ; 9.835        ; 0.184          ; Low Pulse Width ; clk   ; Rise       ; RISCV_Core:Core_1|Core_Datapath:Datapath|Register_File:Register_inst|REG_MEM_BLOCK~155 ;
; 9.651 ; 9.835        ; 0.184          ; Low Pulse Width ; clk   ; Rise       ; RISCV_Core:Core_1|Core_Datapath:Datapath|Register_File:Register_inst|REG_MEM_BLOCK~157 ;
; 9.651 ; 9.835        ; 0.184          ; Low Pulse Width ; clk   ; Rise       ; RISCV_Core:Core_1|Core_Datapath:Datapath|Register_File:Register_inst|REG_MEM_BLOCK~158 ;
; 9.651 ; 9.835        ; 0.184          ; Low Pulse Width ; clk   ; Rise       ; RISCV_Core:Core_1|Core_Datapath:Datapath|Register_File:Register_inst|REG_MEM_BLOCK~159 ;
; 9.651 ; 9.835        ; 0.184          ; Low Pulse Width ; clk   ; Rise       ; RISCV_Core:Core_1|Core_Datapath:Datapath|Register_File:Register_inst|REG_MEM_BLOCK~167 ;
; 9.651 ; 9.835        ; 0.184          ; Low Pulse Width ; clk   ; Rise       ; RISCV_Core:Core_1|Core_Datapath:Datapath|Register_File:Register_inst|REG_MEM_BLOCK~168 ;
; 9.651 ; 9.835        ; 0.184          ; Low Pulse Width ; clk   ; Rise       ; RISCV_Core:Core_1|Core_Datapath:Datapath|Register_File:Register_inst|REG_MEM_BLOCK~181 ;
; 9.651 ; 9.835        ; 0.184          ; Low Pulse Width ; clk   ; Rise       ; RISCV_Core:Core_1|Core_Datapath:Datapath|Register_File:Register_inst|REG_MEM_BLOCK~401 ;
; 9.651 ; 9.835        ; 0.184          ; Low Pulse Width ; clk   ; Rise       ; RISCV_Core:Core_1|Core_Datapath:Datapath|Register_File:Register_inst|REG_MEM_BLOCK~403 ;
; 9.651 ; 9.835        ; 0.184          ; Low Pulse Width ; clk   ; Rise       ; RISCV_Core:Core_1|Core_Datapath:Datapath|Register_File:Register_inst|REG_MEM_BLOCK~404 ;
; 9.651 ; 9.835        ; 0.184          ; Low Pulse Width ; clk   ; Rise       ; RISCV_Core:Core_1|Core_Datapath:Datapath|Register_File:Register_inst|REG_MEM_BLOCK~405 ;
; 9.651 ; 9.835        ; 0.184          ; Low Pulse Width ; clk   ; Rise       ; RISCV_Core:Core_1|Core_Datapath:Datapath|Register_File:Register_inst|REG_MEM_BLOCK~406 ;
; 9.651 ; 9.835        ; 0.184          ; Low Pulse Width ; clk   ; Rise       ; RISCV_Core:Core_1|Core_Datapath:Datapath|Register_File:Register_inst|REG_MEM_BLOCK~74  ;
; 9.651 ; 9.835        ; 0.184          ; Low Pulse Width ; clk   ; Rise       ; RISCV_Core:Core_1|Core_Datapath:Datapath|Register_File:Register_inst|REG_MEM_BLOCK~76  ;
; 9.651 ; 9.835        ; 0.184          ; Low Pulse Width ; clk   ; Rise       ; RISCV_Core:Core_1|Core_Datapath:Datapath|Register_File:Register_inst|REG_MEM_BLOCK~78  ;
; 9.651 ; 9.835        ; 0.184          ; Low Pulse Width ; clk   ; Rise       ; RISCV_Core:Core_1|Core_Datapath:Datapath|Register_File:Register_inst|REG_MEM_BLOCK~79  ;
; 9.651 ; 9.835        ; 0.184          ; Low Pulse Width ; clk   ; Rise       ; RISCV_Core:Core_1|Core_Datapath:Datapath|Register_File:Register_inst|REG_MEM_BLOCK~80  ;
; 9.651 ; 9.835        ; 0.184          ; Low Pulse Width ; clk   ; Rise       ; RISCV_Core:Core_1|Core_Datapath:Datapath|Register_File:Register_inst|REG_MEM_BLOCK~95  ;
; 9.652 ; 9.836        ; 0.184          ; Low Pulse Width ; clk   ; Rise       ; Data_Memory:Shared_RAM_Bank0|RAM~107                                                   ;
; 9.652 ; 9.836        ; 0.184          ; Low Pulse Width ; clk   ; Rise       ; Data_Memory:Shared_RAM_Bank0|RAM~1376                                                  ;
; 9.652 ; 9.836        ; 0.184          ; Low Pulse Width ; clk   ; Rise       ; Data_Memory:Shared_RAM_Bank0|RAM~1401                                                  ;
; 9.652 ; 9.836        ; 0.184          ; Low Pulse Width ; clk   ; Rise       ; Data_Memory:Shared_RAM_Bank0|RAM~1404                                                  ;
; 9.652 ; 9.836        ; 0.184          ; Low Pulse Width ; clk   ; Rise       ; Data_Memory:Shared_RAM_Bank0|RAM~1406                                                  ;
; 9.652 ; 9.836        ; 0.184          ; Low Pulse Width ; clk   ; Rise       ; Data_Memory:Shared_RAM_Bank0|RAM~1472                                                  ;
; 9.652 ; 9.836        ; 0.184          ; Low Pulse Width ; clk   ; Rise       ; Data_Memory:Shared_RAM_Bank0|RAM~1476                                                  ;
; 9.652 ; 9.836        ; 0.184          ; Low Pulse Width ; clk   ; Rise       ; Data_Memory:Shared_RAM_Bank0|RAM~2340                                                  ;
; 9.652 ; 9.836        ; 0.184          ; Low Pulse Width ; clk   ; Rise       ; Data_Memory:Shared_RAM_Bank0|RAM~2344                                                  ;
; 9.652 ; 9.836        ; 0.184          ; Low Pulse Width ; clk   ; Rise       ; Data_Memory:Shared_RAM_Bank0|RAM~2356                                                  ;
; 9.652 ; 9.836        ; 0.184          ; Low Pulse Width ; clk   ; Rise       ; Data_Memory:Shared_RAM_Bank0|RAM~2366                                                  ;
; 9.652 ; 9.836        ; 0.184          ; Low Pulse Width ; clk   ; Rise       ; Data_Memory:Shared_RAM_Bank0|RAM~2893                                                  ;
; 9.652 ; 9.836        ; 0.184          ; Low Pulse Width ; clk   ; Rise       ; Data_Memory:Shared_RAM_Bank0|RAM~3392                                                  ;
; 9.652 ; 9.836        ; 0.184          ; Low Pulse Width ; clk   ; Rise       ; Data_Memory:Shared_RAM_Bank0|RAM~3394                                                  ;
; 9.652 ; 9.836        ; 0.184          ; Low Pulse Width ; clk   ; Rise       ; Data_Memory:Shared_RAM_Bank0|RAM~3395                                                  ;
; 9.652 ; 9.836        ; 0.184          ; Low Pulse Width ; clk   ; Rise       ; Data_Memory:Shared_RAM_Bank0|RAM~3403                                                  ;
; 9.652 ; 9.836        ; 0.184          ; Low Pulse Width ; clk   ; Rise       ; Data_Memory:Shared_RAM_Bank0|RAM~3409                                                  ;
; 9.652 ; 9.836        ; 0.184          ; Low Pulse Width ; clk   ; Rise       ; Data_Memory:Shared_RAM_Bank0|RAM~3414                                                  ;
+-------+--------------+----------------+-----------------+-------+------------+----------------------------------------------------------------------------------------+


+------------------------------------------------------------------------------+
; Clock to Output Times                                                        ;
+----------------+------------+--------+--------+------------+-----------------+
; Data Port      ; Clock Port ; Rise   ; Fall   ; Clock Edge ; Clock Reference ;
+----------------+------------+--------+--------+------------+-----------------+
; dummy_out[*]   ; clk        ; 30.992 ; 31.271 ; Rise       ; clk             ;
;  dummy_out[0]  ; clk        ; 28.599 ; 28.665 ; Rise       ; clk             ;
;  dummy_out[1]  ; clk        ; 28.292 ; 28.449 ; Rise       ; clk             ;
;  dummy_out[2]  ; clk        ; 23.811 ; 23.858 ; Rise       ; clk             ;
;  dummy_out[3]  ; clk        ; 25.262 ; 25.433 ; Rise       ; clk             ;
;  dummy_out[4]  ; clk        ; 26.917 ; 26.984 ; Rise       ; clk             ;
;  dummy_out[5]  ; clk        ; 27.314 ; 27.373 ; Rise       ; clk             ;
;  dummy_out[6]  ; clk        ; 25.650 ; 25.814 ; Rise       ; clk             ;
;  dummy_out[7]  ; clk        ; 27.215 ; 27.226 ; Rise       ; clk             ;
;  dummy_out[8]  ; clk        ; 28.380 ; 28.534 ; Rise       ; clk             ;
;  dummy_out[9]  ; clk        ; 25.073 ; 25.112 ; Rise       ; clk             ;
;  dummy_out[10] ; clk        ; 30.992 ; 31.271 ; Rise       ; clk             ;
;  dummy_out[11] ; clk        ; 26.639 ; 26.702 ; Rise       ; clk             ;
;  dummy_out[12] ; clk        ; 27.440 ; 27.507 ; Rise       ; clk             ;
;  dummy_out[13] ; clk        ; 27.582 ; 27.523 ; Rise       ; clk             ;
;  dummy_out[14] ; clk        ; 29.171 ; 29.042 ; Rise       ; clk             ;
;  dummy_out[15] ; clk        ; 26.997 ; 27.109 ; Rise       ; clk             ;
;  dummy_out[16] ; clk        ; 23.907 ; 24.031 ; Rise       ; clk             ;
;  dummy_out[17] ; clk        ; 28.073 ; 28.216 ; Rise       ; clk             ;
;  dummy_out[18] ; clk        ; 25.718 ; 25.722 ; Rise       ; clk             ;
;  dummy_out[19] ; clk        ; 23.998 ; 23.999 ; Rise       ; clk             ;
;  dummy_out[20] ; clk        ; 25.442 ; 25.577 ; Rise       ; clk             ;
;  dummy_out[21] ; clk        ; 25.131 ; 25.312 ; Rise       ; clk             ;
;  dummy_out[22] ; clk        ; 25.743 ; 25.721 ; Rise       ; clk             ;
;  dummy_out[23] ; clk        ; 25.360 ; 25.482 ; Rise       ; clk             ;
;  dummy_out[24] ; clk        ; 24.090 ; 24.057 ; Rise       ; clk             ;
;  dummy_out[25] ; clk        ; 25.198 ; 25.233 ; Rise       ; clk             ;
;  dummy_out[26] ; clk        ; 25.826 ; 25.825 ; Rise       ; clk             ;
;  dummy_out[27] ; clk        ; 28.796 ; 28.963 ; Rise       ; clk             ;
;  dummy_out[28] ; clk        ; 30.009 ; 30.227 ; Rise       ; clk             ;
;  dummy_out[29] ; clk        ; 23.831 ; 23.865 ; Rise       ; clk             ;
;  dummy_out[30] ; clk        ; 30.350 ; 30.388 ; Rise       ; clk             ;
;  dummy_out[31] ; clk        ; 24.639 ; 24.813 ; Rise       ; clk             ;
+----------------+------------+--------+--------+------------+-----------------+


+------------------------------------------------------------------------------+
; Minimum Clock to Output Times                                                ;
+----------------+------------+--------+--------+------------+-----------------+
; Data Port      ; Clock Port ; Rise   ; Fall   ; Clock Edge ; Clock Reference ;
+----------------+------------+--------+--------+------------+-----------------+
; dummy_out[*]   ; clk        ; 9.952  ; 9.965  ; Rise       ; clk             ;
;  dummy_out[0]  ; clk        ; 13.862 ; 13.847 ; Rise       ; clk             ;
;  dummy_out[1]  ; clk        ; 11.770 ; 11.852 ; Rise       ; clk             ;
;  dummy_out[2]  ; clk        ; 10.608 ; 10.731 ; Rise       ; clk             ;
;  dummy_out[3]  ; clk        ; 11.334 ; 11.319 ; Rise       ; clk             ;
;  dummy_out[4]  ; clk        ; 12.884 ; 13.060 ; Rise       ; clk             ;
;  dummy_out[5]  ; clk        ; 13.125 ; 13.315 ; Rise       ; clk             ;
;  dummy_out[6]  ; clk        ; 12.458 ; 12.709 ; Rise       ; clk             ;
;  dummy_out[7]  ; clk        ; 12.463 ; 12.523 ; Rise       ; clk             ;
;  dummy_out[8]  ; clk        ; 14.436 ; 14.543 ; Rise       ; clk             ;
;  dummy_out[9]  ; clk        ; 12.618 ; 12.582 ; Rise       ; clk             ;
;  dummy_out[10] ; clk        ; 14.724 ; 14.858 ; Rise       ; clk             ;
;  dummy_out[11] ; clk        ; 11.046 ; 11.174 ; Rise       ; clk             ;
;  dummy_out[12] ; clk        ; 12.727 ; 12.857 ; Rise       ; clk             ;
;  dummy_out[13] ; clk        ; 9.952  ; 9.965  ; Rise       ; clk             ;
;  dummy_out[14] ; clk        ; 10.384 ; 10.328 ; Rise       ; clk             ;
;  dummy_out[15] ; clk        ; 12.370 ; 12.389 ; Rise       ; clk             ;
;  dummy_out[16] ; clk        ; 10.071 ; 10.064 ; Rise       ; clk             ;
;  dummy_out[17] ; clk        ; 12.878 ; 13.008 ; Rise       ; clk             ;
;  dummy_out[18] ; clk        ; 13.118 ; 13.107 ; Rise       ; clk             ;
;  dummy_out[19] ; clk        ; 11.326 ; 11.432 ; Rise       ; clk             ;
;  dummy_out[20] ; clk        ; 11.327 ; 11.555 ; Rise       ; clk             ;
;  dummy_out[21] ; clk        ; 11.881 ; 11.924 ; Rise       ; clk             ;
;  dummy_out[22] ; clk        ; 11.881 ; 11.856 ; Rise       ; clk             ;
;  dummy_out[23] ; clk        ; 11.408 ; 11.439 ; Rise       ; clk             ;
;  dummy_out[24] ; clk        ; 11.324 ; 11.389 ; Rise       ; clk             ;
;  dummy_out[25] ; clk        ; 12.766 ; 12.883 ; Rise       ; clk             ;
;  dummy_out[26] ; clk        ; 12.568 ; 12.645 ; Rise       ; clk             ;
;  dummy_out[27] ; clk        ; 11.668 ; 11.590 ; Rise       ; clk             ;
;  dummy_out[28] ; clk        ; 11.823 ; 11.888 ; Rise       ; clk             ;
;  dummy_out[29] ; clk        ; 10.939 ; 11.074 ; Rise       ; clk             ;
;  dummy_out[30] ; clk        ; 14.555 ; 14.771 ; Rise       ; clk             ;
;  dummy_out[31] ; clk        ; 12.347 ; 12.411 ; Rise       ; clk             ;
+----------------+------------+--------+--------+------------+-----------------+


----------------------------------------------
; Slow 1200mV 85C Model Metastability Report ;
----------------------------------------------
No synchronizer chains to report.


+-------------------------------------------------+
; Slow 1200mV 0C Model Fmax Summary               ;
+-----------+-----------------+------------+------+
; Fmax      ; Restricted Fmax ; Clock Name ; Note ;
+-----------+-----------------+------------+------+
; 35.93 MHz ; 35.93 MHz       ; clk        ;      ;
+-----------+-----------------+------------+------+
This panel reports FMAX for every clock in the design, regardless of the user-specified clock periods.  FMAX is only computed for paths where the source and destination registers or ports are driven by the same clock.  Paths of different clocks, including generated clocks, are ignored.  For paths between a clock and its inversion, FMAX is computed as if the rising and falling edges are scaled along with FMAX, such that the duty cycle (in terms of a percentage) is maintained. Altera recommends that you always use clock constraints and other slack reports for sign-off analysis.


+------------------------------------+
; Slow 1200mV 0C Model Setup Summary ;
+-------+--------+-------------------+
; Clock ; Slack  ; End Point TNS     ;
+-------+--------+-------------------+
; clk   ; -7.831 ; -68756.128        ;
+-------+--------+-------------------+


+-----------------------------------+
; Slow 1200mV 0C Model Hold Summary ;
+-------+-------+-------------------+
; Clock ; Slack ; End Point TNS     ;
+-------+-------+-------------------+
; clk   ; 0.294 ; 0.000             ;
+-------+-------+-------------------+


-----------------------------------------
; Slow 1200mV 0C Model Recovery Summary ;
-----------------------------------------
No paths to report.


----------------------------------------
; Slow 1200mV 0C Model Removal Summary ;
----------------------------------------
No paths to report.


+--------------------------------------------------+
; Slow 1200mV 0C Model Minimum Pulse Width Summary ;
+-------+-------+----------------------------------+
; Clock ; Slack ; End Point TNS                    ;
+-------+-------+----------------------------------+
; clk   ; 9.690 ; 0.000                            ;
+-------+-------+----------------------------------+


+--------------------------------------------------------------------------------------------------------------------------------------------------------------------------------------------------------------------------------------+
; Slow 1200mV 0C Model Setup: 'clk'                                                                                                                                                                                                    ;
+--------+--------------------------------------------------------------+----------------------------------------------------------------------------------------+--------------+-------------+--------------+------------+------------+
; Slack  ; From Node                                                    ; To Node                                                                                ; Launch Clock ; Latch Clock ; Relationship ; Clock Skew ; Data Delay ;
+--------+--------------------------------------------------------------+----------------------------------------------------------------------------------------+--------------+-------------+--------------+------------+------------+
; -7.831 ; RISCV_Core:Core_0|ie_status                                  ; RISCV_Core:Core_0|Core_Datapath:Datapath|Register_File:Register_inst|REG_MEM_BLOCK~799 ; clk          ; clk         ; 20.000       ; 0.259      ; 28.105     ;
; -7.798 ; RISCV_Core:Core_0|ie_status                                  ; RISCV_Core:Core_0|Core_Datapath:Datapath|Register_File:Register_inst|REG_MEM_BLOCK~671 ; clk          ; clk         ; 20.000       ; 0.289      ; 28.102     ;
; -7.670 ; InterCore_Ctrl:ICC_Inst|irq_core1                            ; RISCV_Core:Core_0|Core_Datapath:Datapath|Register_File:Register_inst|REG_MEM_BLOCK~799 ; clk          ; clk         ; 20.000       ; 0.216      ; 27.901     ;
; -7.665 ; InterCore_Ctrl:ICC_Inst|irq_core0                            ; RISCV_Core:Core_0|Core_Datapath:Datapath|Register_File:Register_inst|REG_MEM_BLOCK~799 ; clk          ; clk         ; 20.000       ; 0.259      ; 27.939     ;
; -7.663 ; RISCV_Core:Core_0|ie_status                                  ; RISCV_Core:Core_1|Core_Datapath:Datapath|Register_File:Register_inst|REG_MEM_BLOCK~767 ; clk          ; clk         ; 20.000       ; 0.234      ; 27.912     ;
; -7.643 ; RISCV_Core:Core_0|ie_status                                  ; RISCV_Core:Core_1|Core_Datapath:Datapath|Register_File:Register_inst|REG_MEM_BLOCK~479 ; clk          ; clk         ; 20.000       ; 0.274      ; 27.932     ;
; -7.637 ; RISCV_Core:Core_0|ie_status                                  ; RISCV_Core:Core_1|Core_Datapath:Datapath|Register_File:Register_inst|REG_MEM_BLOCK~895 ; clk          ; clk         ; 20.000       ; 0.261      ; 27.913     ;
; -7.637 ; InterCore_Ctrl:ICC_Inst|irq_core1                            ; RISCV_Core:Core_0|Core_Datapath:Datapath|Register_File:Register_inst|REG_MEM_BLOCK~671 ; clk          ; clk         ; 20.000       ; 0.246      ; 27.898     ;
; -7.632 ; InterCore_Ctrl:ICC_Inst|irq_core0                            ; RISCV_Core:Core_0|Core_Datapath:Datapath|Register_File:Register_inst|REG_MEM_BLOCK~671 ; clk          ; clk         ; 20.000       ; 0.289      ; 27.936     ;
; -7.618 ; RISCV_Core:Core_0|ie_status                                  ; RISCV_Core:Core_1|Core_Datapath:Datapath|Register_File:Register_inst|REG_MEM_BLOCK~447 ; clk          ; clk         ; 20.000       ; 0.300      ; 27.933     ;
; -7.614 ; RISCV_Core:Core_0|Core_Datapath:Datapath|PC:PC_inst|PCReg[9] ; RISCV_Core:Core_0|Core_Datapath:Datapath|Register_File:Register_inst|REG_MEM_BLOCK~799 ; clk          ; clk         ; 20.000       ; 0.260      ; 27.889     ;
; -7.594 ; RISCV_Core:Core_0|ie_status                                  ; RISCV_Core:Core_1|Core_Datapath:Datapath|Register_File:Register_inst|REG_MEM_BLOCK~877 ; clk          ; clk         ; 20.000       ; 0.223      ; 27.832     ;
; -7.581 ; RISCV_Core:Core_0|Core_Datapath:Datapath|PC:PC_inst|PCReg[9] ; RISCV_Core:Core_0|Core_Datapath:Datapath|Register_File:Register_inst|REG_MEM_BLOCK~671 ; clk          ; clk         ; 20.000       ; 0.290      ; 27.886     ;
; -7.567 ; RISCV_Core:Core_0|ie_status                                  ; RISCV_Core:Core_1|Core_Datapath:Datapath|Register_File:Register_inst|REG_MEM_BLOCK~749 ; clk          ; clk         ; 20.000       ; 0.248      ; 27.830     ;
; -7.559 ; RISCV_Core:Core_1|ie_status                                  ; RISCV_Core:Core_0|Core_Datapath:Datapath|Register_File:Register_inst|REG_MEM_BLOCK~799 ; clk          ; clk         ; 20.000       ; 0.216      ; 27.790     ;
; -7.526 ; RISCV_Core:Core_1|ie_status                                  ; RISCV_Core:Core_0|Core_Datapath:Datapath|Register_File:Register_inst|REG_MEM_BLOCK~671 ; clk          ; clk         ; 20.000       ; 0.246      ; 27.787     ;
; -7.523 ; RISCV_Core:Core_0|ie_status                                  ; RISCV_Core:Core_1|Core_Datapath:Datapath|Register_File:Register_inst|REG_MEM_BLOCK~511 ; clk          ; clk         ; 20.000       ; 0.229      ; 27.767     ;
; -7.520 ; RISCV_Core:Core_0|ie_status                                  ; RISCV_Core:Core_1|Core_Datapath:Datapath|Register_File:Register_inst|REG_MEM_BLOCK~959 ; clk          ; clk         ; 20.000       ; 0.241      ; 27.776     ;
; -7.504 ; RISCV_Core:Core_0|ie_status                                  ; RISCV_Core:Core_0|Core_Datapath:Datapath|Register_File:Register_inst|REG_MEM_BLOCK~226 ; clk          ; clk         ; 20.000       ; 0.240      ; 27.759     ;
; -7.501 ; RISCV_Core:Core_0|ie_status                                  ; RISCV_Core:Core_0|Core_Datapath:Datapath|Register_File:Register_inst|REG_MEM_BLOCK~418 ; clk          ; clk         ; 20.000       ; 0.262      ; 27.778     ;
; -7.500 ; RISCV_Core:Core_0|ie_status                                  ; RISCV_Core:Core_0|Core_Datapath:Datapath|Register_File:Register_inst|REG_MEM_BLOCK~98  ; clk          ; clk         ; 20.000       ; 0.253      ; 27.768     ;
; -7.497 ; InterCore_Ctrl:ICC_Inst|irq_core0                            ; RISCV_Core:Core_1|Core_Datapath:Datapath|Register_File:Register_inst|REG_MEM_BLOCK~767 ; clk          ; clk         ; 20.000       ; 0.234      ; 27.746     ;
; -7.495 ; RISCV_Core:Core_0|ie_status                                  ; RISCV_Core:Core_1|Core_Datapath:Datapath|Register_File:Register_inst|REG_MEM_BLOCK~415 ; clk          ; clk         ; 20.000       ; 0.257      ; 27.767     ;
; -7.493 ; RISCV_Core:Core_0|ie_status                                  ; RISCV_Core:Core_0|Core_Datapath:Datapath|Register_File:Register_inst|REG_MEM_BLOCK~706 ; clk          ; clk         ; 20.000       ; 0.277      ; 27.785     ;
; -7.488 ; RISCV_Core:Core_0|ie_status                                  ; RISCV_Core:Core_1|Core_Datapath:Datapath|Register_File:Register_inst|REG_MEM_BLOCK~213 ; clk          ; clk         ; 20.000       ; 0.266      ; 27.769     ;
; -7.479 ; RISCV_Core:Core_0|ie_status                                  ; RISCV_Core:Core_0|Core_Datapath:Datapath|Register_File:Register_inst|REG_MEM_BLOCK~162 ; clk          ; clk         ; 20.000       ; 0.265      ; 27.759     ;
; -7.477 ; InterCore_Ctrl:ICC_Inst|irq_core0                            ; RISCV_Core:Core_1|Core_Datapath:Datapath|Register_File:Register_inst|REG_MEM_BLOCK~479 ; clk          ; clk         ; 20.000       ; 0.274      ; 27.766     ;
; -7.474 ; RISCV_Core:Core_0|ie_status                                  ; RISCV_Core:Core_0|Core_Datapath:Datapath|Register_File:Register_inst|REG_MEM_BLOCK~2   ; clk          ; clk         ; 20.000       ; 0.282      ; 27.771     ;
; -7.474 ; RISCV_Core:Core_0|ie_status                                  ; RISCV_Core:Core_0|Core_Datapath:Datapath|Register_File:Register_inst|REG_MEM_BLOCK~450 ; clk          ; clk         ; 20.000       ; 0.287      ; 27.776     ;
; -7.472 ; InterCore_Ctrl:ICC_Inst|irq_core1                            ; RISCV_Core:Core_1|Core_Datapath:Datapath|Register_File:Register_inst|REG_MEM_BLOCK~767 ; clk          ; clk         ; 20.000       ; 0.221      ; 27.708     ;
; -7.471 ; RISCV_Core:Core_0|ie_status                                  ; RISCV_Core:Core_1|Core_Datapath:Datapath|Register_File:Register_inst|REG_MEM_BLOCK~991 ; clk          ; clk         ; 20.000       ; 0.249      ; 27.735     ;
; -7.471 ; RISCV_Core:Core_0|ie_status                                  ; RISCV_Core:Core_1|Core_Datapath:Datapath|Register_File:Register_inst|REG_MEM_BLOCK~469 ; clk          ; clk         ; 20.000       ; 0.282      ; 27.768     ;
; -7.471 ; InterCore_Ctrl:ICC_Inst|irq_core0                            ; RISCV_Core:Core_1|Core_Datapath:Datapath|Register_File:Register_inst|REG_MEM_BLOCK~895 ; clk          ; clk         ; 20.000       ; 0.261      ; 27.747     ;
; -7.466 ; RISCV_Core:Core_0|ie_status                                  ; RISCV_Core:Core_0|Core_Datapath:Datapath|Register_File:Register_inst|REG_MEM_BLOCK~85  ; clk          ; clk         ; 20.000       ; 0.301      ; 27.782     ;
; -7.464 ; RISCV_Core:Core_0|ie_status                                  ; RISCV_Core:Core_1|Core_Datapath:Datapath|Register_File:Register_inst|REG_MEM_BLOCK~181 ; clk          ; clk         ; 20.000       ; 0.291      ; 27.770     ;
; -7.460 ; RISCV_Core:Core_0|ie_status                                  ; RISCV_Core:Core_0|Core_Datapath:Datapath|Register_File:Register_inst|REG_MEM_BLOCK~981 ; clk          ; clk         ; 20.000       ; 0.291      ; 27.766     ;
; -7.458 ; RISCV_Core:Core_0|ie_status                                  ; RISCV_Core:Core_0|Core_Datapath:Datapath|Register_File:Register_inst|REG_MEM_BLOCK~597 ; clk          ; clk         ; 20.000       ; 0.294      ; 27.767     ;
; -7.452 ; InterCore_Ctrl:ICC_Inst|irq_core1                            ; RISCV_Core:Core_1|Core_Datapath:Datapath|Register_File:Register_inst|REG_MEM_BLOCK~479 ; clk          ; clk         ; 20.000       ; 0.261      ; 27.728     ;
; -7.452 ; InterCore_Ctrl:ICC_Inst|irq_core0                            ; RISCV_Core:Core_1|Core_Datapath:Datapath|Register_File:Register_inst|REG_MEM_BLOCK~447 ; clk          ; clk         ; 20.000       ; 0.300      ; 27.767     ;
; -7.449 ; RISCV_Core:Core_0|ie_status                                  ; RISCV_Core:Core_0|Core_Datapath:Datapath|Register_File:Register_inst|REG_MEM_BLOCK~213 ; clk          ; clk         ; 20.000       ; 0.259      ; 27.723     ;
; -7.446 ; InterCore_Ctrl:ICC_Inst|irq_core1                            ; RISCV_Core:Core_1|Core_Datapath:Datapath|Register_File:Register_inst|REG_MEM_BLOCK~895 ; clk          ; clk         ; 20.000       ; 0.248      ; 27.709     ;
; -7.446 ; RISCV_Core:Core_0|Core_Datapath:Datapath|PC:PC_inst|PCReg[9] ; RISCV_Core:Core_1|Core_Datapath:Datapath|Register_File:Register_inst|REG_MEM_BLOCK~767 ; clk          ; clk         ; 20.000       ; 0.235      ; 27.696     ;
; -7.444 ; RISCV_Core:Core_0|ie_status                                  ; RISCV_Core:Core_1|Core_Datapath:Datapath|Register_File:Register_inst|REG_MEM_BLOCK~437 ; clk          ; clk         ; 20.000       ; 0.309      ; 27.768     ;
; -7.444 ; RISCV_Core:Core_0|ie_status                                  ; RISCV_Core:Core_1|Core_Datapath:Datapath|Register_File:Register_inst|REG_MEM_BLOCK~397 ; clk          ; clk         ; 20.000       ; 0.239      ; 27.698     ;
; -7.443 ; RISCV_Core:Core_0|ie_status                                  ; RISCV_Core:Core_1|Core_Datapath:Datapath|Register_File:Register_inst|REG_MEM_BLOCK~575 ; clk          ; clk         ; 20.000       ; 0.293      ; 27.751     ;
; -7.440 ; RISCV_Core:Core_0|ie_status                                  ; RISCV_Core:Core_1|Core_Datapath:Datapath|Register_File:Register_inst|REG_MEM_BLOCK~383 ; clk          ; clk         ; 20.000       ; 0.258      ; 27.713     ;
; -7.440 ; RISCV_Core:Core_0|ie_status                                  ; RISCV_Core:Core_1|Core_Datapath:Datapath|Register_File:Register_inst|REG_MEM_BLOCK~863 ; clk          ; clk         ; 20.000       ; 0.277      ; 27.732     ;
; -7.436 ; RISCV_Core:Core_0|ie_status                                  ; RISCV_Core:Core_0|Core_Datapath:Datapath|Register_File:Register_inst|REG_MEM_BLOCK~501 ; clk          ; clk         ; 20.000       ; 0.254      ; 27.705     ;
; -7.428 ; InterCore_Ctrl:ICC_Inst|irq_core0                            ; RISCV_Core:Core_1|Core_Datapath:Datapath|Register_File:Register_inst|REG_MEM_BLOCK~877 ; clk          ; clk         ; 20.000       ; 0.223      ; 27.666     ;
; -7.427 ; InterCore_Ctrl:ICC_Inst|irq_core1                            ; RISCV_Core:Core_1|Core_Datapath:Datapath|Register_File:Register_inst|REG_MEM_BLOCK~447 ; clk          ; clk         ; 20.000       ; 0.287      ; 27.729     ;
; -7.427 ; RISCV_Core:Core_0|ie_status                                  ; RISCV_Core:Core_0|Core_Datapath:Datapath|Register_File:Register_inst|REG_MEM_BLOCK~757 ; clk          ; clk         ; 20.000       ; 0.269      ; 27.711     ;
; -7.426 ; RISCV_Core:Core_0|Core_Datapath:Datapath|PC:PC_inst|PCReg[6] ; RISCV_Core:Core_0|Core_Datapath:Datapath|Register_File:Register_inst|REG_MEM_BLOCK~799 ; clk          ; clk         ; 20.000       ; 0.260      ; 27.701     ;
; -7.426 ; RISCV_Core:Core_0|Core_Datapath:Datapath|PC:PC_inst|PCReg[9] ; RISCV_Core:Core_1|Core_Datapath:Datapath|Register_File:Register_inst|REG_MEM_BLOCK~479 ; clk          ; clk         ; 20.000       ; 0.275      ; 27.716     ;
; -7.423 ; RISCV_Core:Core_0|ie_status                                  ; RISCV_Core:Core_0|Core_Datapath:Datapath|Register_File:Register_inst|REG_MEM_BLOCK~991 ; clk          ; clk         ; 20.000       ; 0.273      ; 27.711     ;
; -7.423 ; RISCV_Core:Core_0|ie_status                                  ; RISCV_Core:Core_0|Core_Datapath:Datapath|Register_File:Register_inst|REG_MEM_BLOCK~181 ; clk          ; clk         ; 20.000       ; 0.286      ; 27.724     ;
; -7.420 ; RISCV_Core:Core_0|Core_Datapath:Datapath|PC:PC_inst|PCReg[9] ; RISCV_Core:Core_1|Core_Datapath:Datapath|Register_File:Register_inst|REG_MEM_BLOCK~895 ; clk          ; clk         ; 20.000       ; 0.262      ; 27.697     ;
; -7.417 ; RISCV_Core:Core_0|ie_status                                  ; RISCV_Core:Core_1|Core_Datapath:Datapath|Register_File:Register_inst|REG_MEM_BLOCK~557 ; clk          ; clk         ; 20.000       ; 0.261      ; 27.693     ;
; -7.415 ; RISCV_Core:Core_0|ie_status                                  ; RISCV_Core:Core_1|Core_Datapath:Datapath|Register_File:Register_inst|REG_MEM_BLOCK~319 ; clk          ; clk         ; 20.000       ; 0.285      ; 27.715     ;
; -7.415 ; RISCV_Core:Core_0|ie_status                                  ; RISCV_Core:Core_1|Core_Datapath:Datapath|Register_File:Register_inst|REG_MEM_BLOCK~461 ; clk          ; clk         ; 20.000       ; 0.264      ; 27.694     ;
; -7.412 ; RISCV_Core:Core_0|ie_status                                  ; RISCV_Core:Core_1|Core_Datapath:Datapath|Register_File:Register_inst|REG_MEM_BLOCK~493 ; clk          ; clk         ; 20.000       ; 0.281      ; 27.708     ;
; -7.405 ; RISCV_Core:Core_0|ie_status                                  ; RISCV_Core:Core_0|Core_Datapath:Datapath|Register_File:Register_inst|REG_MEM_BLOCK~405 ; clk          ; clk         ; 20.000       ; 0.282      ; 27.702     ;
; -7.405 ; RISCV_Core:Core_0|ie_status                                  ; RISCV_Core:Core_1|Core_Datapath:Datapath|Register_File:Register_inst|REG_MEM_BLOCK~429 ; clk          ; clk         ; 20.000       ; 0.284      ; 27.704     ;
; -7.402 ; RISCV_Core:Core_0|ie_status                                  ; RISCV_Core:Core_0|Core_Datapath:Datapath|Register_File:Register_inst|REG_MEM_BLOCK~354 ; clk          ; clk         ; 20.000       ; 0.276      ; 27.693     ;
; -7.401 ; RISCV_Core:Core_0|Core_Datapath:Datapath|PC:PC_inst|PCReg[9] ; RISCV_Core:Core_1|Core_Datapath:Datapath|Register_File:Register_inst|REG_MEM_BLOCK~447 ; clk          ; clk         ; 20.000       ; 0.301      ; 27.717     ;
; -7.401 ; InterCore_Ctrl:ICC_Inst|irq_core0                            ; RISCV_Core:Core_1|Core_Datapath:Datapath|Register_File:Register_inst|REG_MEM_BLOCK~749 ; clk          ; clk         ; 20.000       ; 0.248      ; 27.664     ;
; -7.400 ; RISCV_Core:Core_0|ie_status                                  ; RISCV_Core:Core_0|Core_Datapath:Datapath|Register_File:Register_inst|REG_MEM_BLOCK~885 ; clk          ; clk         ; 20.000       ; 0.298      ; 27.713     ;
; -7.397 ; RISCV_Core:Core_0|Core_Datapath:Datapath|PC:PC_inst|PCReg[2] ; RISCV_Core:Core_0|Core_Datapath:Datapath|Register_File:Register_inst|REG_MEM_BLOCK~799 ; clk          ; clk         ; 20.000       ; 0.259      ; 27.671     ;
; -7.396 ; RISCV_Core:Core_0|ie_status                                  ; RISCV_Core:Core_0|Core_Datapath:Datapath|Register_File:Register_inst|REG_MEM_BLOCK~607 ; clk          ; clk         ; 20.000       ; 0.299      ; 27.710     ;
; -7.393 ; RISCV_Core:Core_0|Core_Datapath:Datapath|PC:PC_inst|PCReg[6] ; RISCV_Core:Core_0|Core_Datapath:Datapath|Register_File:Register_inst|REG_MEM_BLOCK~671 ; clk          ; clk         ; 20.000       ; 0.290      ; 27.698     ;
; -7.389 ; RISCV_Core:Core_0|ie_status                                  ; RISCV_Core:Core_1|Core_Datapath:Datapath|Register_File:Register_inst|REG_MEM_BLOCK~789 ; clk          ; clk         ; 20.000       ; 0.239      ; 27.643     ;
; -7.387 ; RISCV_Core:Core_0|ie_status                                  ; RISCV_Core:Core_1|Core_Datapath:Datapath|Register_File:Register_inst|REG_MEM_BLOCK~341 ; clk          ; clk         ; 20.000       ; 0.245      ; 27.647     ;
; -7.382 ; RISCV_Core:Core_0|ie_status                                  ; RISCV_Core:Core_1|Core_Datapath:Datapath|Register_File:Register_inst|REG_MEM_BLOCK~563 ; clk          ; clk         ; 20.000       ; 0.293      ; 27.690     ;
; -7.380 ; RISCV_Core:Core_0|ie_status                                  ; RISCV_Core:Core_1|Core_Datapath:Datapath|Register_File:Register_inst|REG_MEM_BLOCK~373 ; clk          ; clk         ; 20.000       ; 0.259      ; 27.654     ;
; -7.377 ; RISCV_Core:Core_0|ie_status                                  ; RISCV_Core:Core_1|Core_Datapath:Datapath|Register_File:Register_inst|REG_MEM_BLOCK~287 ; clk          ; clk         ; 20.000       ; 0.267      ; 27.659     ;
; -7.377 ; RISCV_Core:Core_0|Core_Datapath:Datapath|PC:PC_inst|PCReg[9] ; RISCV_Core:Core_1|Core_Datapath:Datapath|Register_File:Register_inst|REG_MEM_BLOCK~877 ; clk          ; clk         ; 20.000       ; 0.224      ; 27.616     ;
; -7.375 ; RISCV_Core:Core_0|ie_status                                  ; RISCV_Core:Core_0|Core_Datapath:Datapath|Register_File:Register_inst|REG_MEM_BLOCK~290 ; clk          ; clk         ; 20.000       ; 0.303      ; 27.693     ;
; -7.372 ; RISCV_Core:Core_0|ie_status                                  ; RISCV_Core:Core_0|Core_Datapath:Datapath|Register_File:Register_inst|REG_MEM_BLOCK~34  ; clk          ; clk         ; 20.000       ; 0.258      ; 27.645     ;
; -7.369 ; RISCV_Core:Core_0|ie_status                                  ; RISCV_Core:Core_0|Core_Datapath:Datapath|Register_File:Register_inst|REG_MEM_BLOCK~383 ; clk          ; clk         ; 20.000       ; 0.247      ; 27.631     ;
; -7.365 ; InterCore_Ctrl:ICC_Inst|irq_core1                            ; RISCV_Core:Core_1|Core_Datapath:Datapath|Register_File:Register_inst|REG_MEM_BLOCK~877 ; clk          ; clk         ; 20.000       ; 0.210      ; 27.590     ;
; -7.364 ; RISCV_Core:Core_0|Core_Datapath:Datapath|PC:PC_inst|PCReg[2] ; RISCV_Core:Core_0|Core_Datapath:Datapath|Register_File:Register_inst|REG_MEM_BLOCK~671 ; clk          ; clk         ; 20.000       ; 0.289      ; 27.668     ;
; -7.361 ; RISCV_Core:Core_1|ie_status                                  ; RISCV_Core:Core_1|Core_Datapath:Datapath|Register_File:Register_inst|REG_MEM_BLOCK~767 ; clk          ; clk         ; 20.000       ; 0.221      ; 27.597     ;
; -7.361 ; RISCV_Core:Core_0|ie_status                                  ; RISCV_Core:Core_1|Core_Datapath:Datapath|Register_File:Register_inst|REG_MEM_BLOCK~661 ; clk          ; clk         ; 20.000       ; 0.264      ; 27.640     ;
; -7.358 ; RISCV_Core:Core_0|ie_status                                  ; RISCV_Core:Core_0|Core_Datapath:Datapath|Register_File:Register_inst|REG_MEM_BLOCK~53  ; clk          ; clk         ; 20.000       ; 0.274      ; 27.647     ;
; -7.357 ; InterCore_Ctrl:ICC_Inst|irq_core0                            ; RISCV_Core:Core_1|Core_Datapath:Datapath|Register_File:Register_inst|REG_MEM_BLOCK~511 ; clk          ; clk         ; 20.000       ; 0.229      ; 27.601     ;
; -7.356 ; RISCV_Core:Core_0|ie_status                                  ; RISCV_Core:Core_1|Core_Datapath:Datapath|Register_File:Register_inst|REG_MEM_BLOCK~309 ; clk          ; clk         ; 20.000       ; 0.284      ; 27.655     ;
; -7.354 ; InterCore_Ctrl:ICC_Inst|irq_core0                            ; RISCV_Core:Core_1|Core_Datapath:Datapath|Register_File:Register_inst|REG_MEM_BLOCK~959 ; clk          ; clk         ; 20.000       ; 0.241      ; 27.610     ;
; -7.350 ; RISCV_Core:Core_0|Core_Datapath:Datapath|PC:PC_inst|PCReg[9] ; RISCV_Core:Core_1|Core_Datapath:Datapath|Register_File:Register_inst|REG_MEM_BLOCK~749 ; clk          ; clk         ; 20.000       ; 0.249      ; 27.614     ;
; -7.347 ; RISCV_Core:Core_0|ie_status                                  ; RISCV_Core:Core_1|Core_Datapath:Datapath|Register_File:Register_inst|REG_MEM_BLOCK~351 ; clk          ; clk         ; 20.000       ; 0.294      ; 27.656     ;
; -7.341 ; RISCV_Core:Core_1|ie_status                                  ; RISCV_Core:Core_1|Core_Datapath:Datapath|Register_File:Register_inst|REG_MEM_BLOCK~479 ; clk          ; clk         ; 20.000       ; 0.261      ; 27.617     ;
; -7.340 ; RISCV_Core:Core_0|ie_status                                  ; RISCV_Core:Core_0|Core_Datapath:Datapath|Register_File:Register_inst|REG_MEM_BLOCK~319 ; clk          ; clk         ; 20.000       ; 0.276      ; 27.631     ;
; -7.339 ; RISCV_Core:Core_1|Core_Datapath:Datapath|PC:PC_inst|PCReg[4] ; RISCV_Core:Core_0|Core_Datapath:Datapath|Register_File:Register_inst|REG_MEM_BLOCK~799 ; clk          ; clk         ; 20.000       ; 0.216      ; 27.570     ;
; -7.338 ; InterCore_Ctrl:ICC_Inst|irq_core1                            ; RISCV_Core:Core_1|Core_Datapath:Datapath|Register_File:Register_inst|REG_MEM_BLOCK~749 ; clk          ; clk         ; 20.000       ; 0.235      ; 27.588     ;
; -7.338 ; InterCore_Ctrl:ICC_Inst|irq_core0                            ; RISCV_Core:Core_0|Core_Datapath:Datapath|Register_File:Register_inst|REG_MEM_BLOCK~226 ; clk          ; clk         ; 20.000       ; 0.240      ; 27.593     ;
; -7.337 ; RISCV_Core:Core_0|ie_status                                  ; RISCV_Core:Core_1|Core_Datapath:Datapath|Register_File:Register_inst|REG_MEM_BLOCK~277 ; clk          ; clk         ; 20.000       ; 0.297      ; 27.649     ;
; -7.335 ; RISCV_Core:Core_1|ie_status                                  ; RISCV_Core:Core_1|Core_Datapath:Datapath|Register_File:Register_inst|REG_MEM_BLOCK~895 ; clk          ; clk         ; 20.000       ; 0.248      ; 27.598     ;
; -7.335 ; InterCore_Ctrl:ICC_Inst|irq_core0                            ; RISCV_Core:Core_0|Core_Datapath:Datapath|Register_File:Register_inst|REG_MEM_BLOCK~418 ; clk          ; clk         ; 20.000       ; 0.262      ; 27.612     ;
; -7.334 ; InterCore_Ctrl:ICC_Inst|irq_core0                            ; RISCV_Core:Core_0|Core_Datapath:Datapath|Register_File:Register_inst|REG_MEM_BLOCK~98  ; clk          ; clk         ; 20.000       ; 0.253      ; 27.602     ;
; -7.332 ; InterCore_Ctrl:ICC_Inst|irq_core1                            ; RISCV_Core:Core_1|Core_Datapath:Datapath|Register_File:Register_inst|REG_MEM_BLOCK~511 ; clk          ; clk         ; 20.000       ; 0.216      ; 27.563     ;
; -7.329 ; InterCore_Ctrl:ICC_Inst|irq_core1                            ; RISCV_Core:Core_1|Core_Datapath:Datapath|Register_File:Register_inst|REG_MEM_BLOCK~959 ; clk          ; clk         ; 20.000       ; 0.228      ; 27.572     ;
; -7.329 ; RISCV_Core:Core_0|ie_status                                  ; RISCV_Core:Core_1|Core_Datapath:Datapath|Register_File:Register_inst|REG_MEM_BLOCK~639 ; clk          ; clk         ; 20.000       ; 0.264      ; 27.608     ;
+--------+--------------------------------------------------------------+----------------------------------------------------------------------------------------+--------------+-------------+--------------+------------+------------+


+--------------------------------------------------------------------------------------------------------------------------------------------------------------------------------------------------------------------------------------+
; Slow 1200mV 0C Model Hold: 'clk'                                                                                                                                                                                                     ;
+-------+---------------------------------------------------------------+----------------------------------------------------------------------------------------+--------------+-------------+--------------+------------+------------+
; Slack ; From Node                                                     ; To Node                                                                                ; Launch Clock ; Latch Clock ; Relationship ; Clock Skew ; Data Delay ;
+-------+---------------------------------------------------------------+----------------------------------------------------------------------------------------+--------------+-------------+--------------+------------+------------+
; 0.294 ; crossbar_2x3:Interconnect|rr_s1                               ; crossbar_2x3:Interconnect|rr_s1                                                        ; clk          ; clk         ; 0.000        ; 0.073      ; 0.511      ;
; 0.296 ; crossbar_2x3:Interconnect|rr_s0                               ; crossbar_2x3:Interconnect|rr_s0                                                        ; clk          ; clk         ; 0.000        ; 0.071      ; 0.511      ;
; 0.296 ; crossbar_2x3:Interconnect|rr_s2                               ; crossbar_2x3:Interconnect|rr_s2                                                        ; clk          ; clk         ; 0.000        ; 0.071      ; 0.511      ;
; 0.309 ; RISCV_Core:Core_1|mepc_reg[2]                                 ; RISCV_Core:Core_1|mepc_reg[2]                                                          ; clk          ; clk         ; 0.000        ; 0.058      ; 0.511      ;
; 0.309 ; InterCore_Ctrl:ICC_Inst|mutex_lock                            ; InterCore_Ctrl:ICC_Inst|mutex_lock                                                     ; clk          ; clk         ; 0.000        ; 0.058      ; 0.511      ;
; 0.310 ; InterCore_Ctrl:ICC_Inst|irq_core1                             ; InterCore_Ctrl:ICC_Inst|irq_core1                                                      ; clk          ; clk         ; 0.000        ; 0.057      ; 0.511      ;
; 0.310 ; RISCV_Core:Core_1|ie_status                                   ; RISCV_Core:Core_1|ie_status                                                            ; clk          ; clk         ; 0.000        ; 0.057      ; 0.511      ;
; 0.310 ; RISCV_Core:Core_0|ie_status                                   ; RISCV_Core:Core_0|ie_status                                                            ; clk          ; clk         ; 0.000        ; 0.057      ; 0.511      ;
; 0.310 ; RISCV_Core:Core_0|mepc_reg[2]                                 ; RISCV_Core:Core_0|mepc_reg[2]                                                          ; clk          ; clk         ; 0.000        ; 0.057      ; 0.511      ;
; 0.310 ; InterCore_Ctrl:ICC_Inst|irq_core0                             ; InterCore_Ctrl:ICC_Inst|irq_core0                                                      ; clk          ; clk         ; 0.000        ; 0.057      ; 0.511      ;
; 0.549 ; InterCore_Ctrl:ICC_Inst|irq_core1                             ; RISCV_Core:Core_1|ie_status                                                            ; clk          ; clk         ; 0.000        ; 0.057      ; 0.750      ;
; 0.554 ; RISCV_Core:Core_1|Core_Datapath:Datapath|PC:PC_inst|PCReg[2]  ; RISCV_Core:Core_1|mepc_reg[2]                                                          ; clk          ; clk         ; 0.000        ; 0.058      ; 0.756      ;
; 0.561 ; InterCore_Ctrl:ICC_Inst|irq_core0                             ; RISCV_Core:Core_0|ie_status                                                            ; clk          ; clk         ; 0.000        ; 0.057      ; 0.762      ;
; 0.574 ; RISCV_Core:Core_0|Core_Datapath:Datapath|PC:PC_inst|PCReg[2]  ; RISCV_Core:Core_0|mepc_reg[2]                                                          ; clk          ; clk         ; 0.000        ; 0.057      ; 0.775      ;
; 0.863 ; RISCV_Core:Core_0|Core_Datapath:Datapath|PC:PC_inst|PCReg[7]  ; RISCV_Core:Core_0|mepc_reg[2]                                                          ; clk          ; clk         ; 0.000        ; 0.057      ; 1.064      ;
; 0.906 ; RISCV_Core:Core_1|Core_Datapath:Datapath|PC:PC_inst|PCReg[3]  ; RISCV_Core:Core_1|ie_status                                                            ; clk          ; clk         ; 0.000        ; 0.057      ; 1.107      ;
; 0.923 ; RISCV_Core:Core_0|Core_Datapath:Datapath|PC:PC_inst|PCReg[24] ; RISCV_Core:Core_0|Core_Datapath:Datapath|PC:PC_inst|PCReg[24]                          ; clk          ; clk         ; 0.000        ; 0.056      ; 1.123      ;
; 0.928 ; RISCV_Core:Core_1|Core_Datapath:Datapath|PC:PC_inst|PCReg[14] ; RISCV_Core:Core_1|Core_Datapath:Datapath|PC:PC_inst|PCReg[14]                          ; clk          ; clk         ; 0.000        ; 0.057      ; 1.129      ;
; 0.942 ; RISCV_Core:Core_1|Core_Datapath:Datapath|PC:PC_inst|PCReg[8]  ; RISCV_Core:Core_1|ie_status                                                            ; clk          ; clk         ; 0.000        ; 0.058      ; 1.144      ;
; 0.946 ; RISCV_Core:Core_1|Core_Datapath:Datapath|PC:PC_inst|PCReg[3]  ; RISCV_Core:Core_1|mepc_reg[2]                                                          ; clk          ; clk         ; 0.000        ; 0.057      ; 1.147      ;
; 0.950 ; RISCV_Core:Core_0|Core_Datapath:Datapath|PC:PC_inst|PCReg[8]  ; RISCV_Core:Core_0|mepc_reg[2]                                                          ; clk          ; clk         ; 0.000        ; 0.057      ; 1.151      ;
; 0.966 ; RISCV_Core:Core_0|ie_status                                   ; RISCV_Core:Core_0|mepc_reg[2]                                                          ; clk          ; clk         ; 0.000        ; 0.057      ; 1.167      ;
; 0.984 ; RISCV_Core:Core_1|Core_Datapath:Datapath|PC:PC_inst|PCReg[8]  ; RISCV_Core:Core_1|mepc_reg[2]                                                          ; clk          ; clk         ; 0.000        ; 0.058      ; 1.186      ;
; 1.013 ; RISCV_Core:Core_1|ie_status                                   ; RISCV_Core:Core_1|mepc_reg[2]                                                          ; clk          ; clk         ; 0.000        ; 0.057      ; 1.214      ;
; 1.062 ; InterCore_Ctrl:ICC_Inst|irq_core0                             ; RISCV_Core:Core_0|mepc_reg[2]                                                          ; clk          ; clk         ; 0.000        ; 0.057      ; 1.263      ;
; 1.077 ; RISCV_Core:Core_1|Core_Datapath:Datapath|PC:PC_inst|PCReg[5]  ; RISCV_Core:Core_1|ie_status                                                            ; clk          ; clk         ; 0.000        ; 0.057      ; 1.278      ;
; 1.078 ; InterCore_Ctrl:ICC_Inst|irq_core1                             ; RISCV_Core:Core_1|mepc_reg[2]                                                          ; clk          ; clk         ; 0.000        ; 0.057      ; 1.279      ;
; 1.131 ; RISCV_Core:Core_0|Core_Datapath:Datapath|PC:PC_inst|PCReg[4]  ; RISCV_Core:Core_0|mepc_reg[2]                                                          ; clk          ; clk         ; 0.000        ; 0.057      ; 1.332      ;
; 1.157 ; RISCV_Core:Core_0|Core_Datapath:Datapath|PC:PC_inst|PCReg[19] ; RISCV_Core:Core_0|Core_Datapath:Datapath|PC:PC_inst|PCReg[19]                          ; clk          ; clk         ; 0.000        ; 0.056      ; 1.357      ;
; 1.165 ; RISCV_Core:Core_1|Core_Datapath:Datapath|PC:PC_inst|PCReg[5]  ; RISCV_Core:Core_1|mepc_reg[2]                                                          ; clk          ; clk         ; 0.000        ; 0.057      ; 1.366      ;
; 1.173 ; RISCV_Core:Core_1|Core_Datapath:Datapath|PC:PC_inst|PCReg[7]  ; RISCV_Core:Core_1|ie_status                                                            ; clk          ; clk         ; 0.000        ; 0.057      ; 1.374      ;
; 1.213 ; RISCV_Core:Core_1|Core_Datapath:Datapath|PC:PC_inst|PCReg[7]  ; RISCV_Core:Core_1|mepc_reg[2]                                                          ; clk          ; clk         ; 0.000        ; 0.057      ; 1.414      ;
; 1.236 ; RISCV_Core:Core_0|Core_Datapath:Datapath|PC:PC_inst|PCReg[14] ; RISCV_Core:Core_0|Core_Datapath:Datapath|PC:PC_inst|PCReg[14]                          ; clk          ; clk         ; 0.000        ; 0.057      ; 1.437      ;
; 1.249 ; RISCV_Core:Core_1|Core_Datapath:Datapath|PC:PC_inst|PCReg[25] ; RISCV_Core:Core_1|Core_Datapath:Datapath|PC:PC_inst|PCReg[25]                          ; clk          ; clk         ; 0.000        ; 0.058      ; 1.451      ;
; 1.275 ; RISCV_Core:Core_1|ie_status                                   ; RISCV_Core:Core_1|mepc_reg[8]                                                          ; clk          ; clk         ; 0.000        ; 0.057      ; 1.476      ;
; 1.275 ; RISCV_Core:Core_0|Core_Datapath:Datapath|PC:PC_inst|PCReg[7]  ; RISCV_Core:Core_0|ie_status                                                            ; clk          ; clk         ; 0.000        ; 0.057      ; 1.476      ;
; 1.280 ; RISCV_Core:Core_1|Core_Datapath:Datapath|PC:PC_inst|PCReg[16] ; RISCV_Core:Core_1|Core_Datapath:Datapath|PC:PC_inst|PCReg[16]                          ; clk          ; clk         ; 0.000        ; 0.058      ; 1.482      ;
; 1.301 ; RISCV_Core:Core_1|Core_Datapath:Datapath|PC:PC_inst|PCReg[2]  ; RISCV_Core:Core_1|ie_status                                                            ; clk          ; clk         ; 0.000        ; 0.058      ; 1.503      ;
; 1.335 ; RISCV_Core:Core_0|Core_Datapath:Datapath|PC:PC_inst|PCReg[22] ; RISCV_Core:Core_0|Core_Datapath:Datapath|PC:PC_inst|PCReg[24]                          ; clk          ; clk         ; 0.000        ; 0.056      ; 1.535      ;
; 1.353 ; RISCV_Core:Core_1|Core_Datapath:Datapath|PC:PC_inst|PCReg[9]  ; RISCV_Core:Core_1|ie_status                                                            ; clk          ; clk         ; 0.000        ; 0.057      ; 1.554      ;
; 1.362 ; RISCV_Core:Core_0|Core_Datapath:Datapath|PC:PC_inst|PCReg[8]  ; RISCV_Core:Core_0|ie_status                                                            ; clk          ; clk         ; 0.000        ; 0.057      ; 1.563      ;
; 1.366 ; RISCV_Core:Core_0|Core_Datapath:Datapath|PC:PC_inst|PCReg[5]  ; RISCV_Core:Core_0|mepc_reg[2]                                                          ; clk          ; clk         ; 0.000        ; 0.057      ; 1.567      ;
; 1.382 ; RISCV_Core:Core_0|Core_Datapath:Datapath|PC:PC_inst|PCReg[11] ; RISCV_Core:Core_0|Core_Datapath:Datapath|PC:PC_inst|PCReg[11]                          ; clk          ; clk         ; 0.000        ; 0.057      ; 1.583      ;
; 1.384 ; RISCV_Core:Core_0|Core_Datapath:Datapath|PC:PC_inst|PCReg[3]  ; RISCV_Core:Core_0|mepc_reg[2]                                                          ; clk          ; clk         ; 0.000        ; 0.057      ; 1.585      ;
; 1.390 ; RISCV_Core:Core_0|Core_Datapath:Datapath|PC:PC_inst|PCReg[27] ; RISCV_Core:Core_0|Core_Datapath:Datapath|PC:PC_inst|PCReg[27]                          ; clk          ; clk         ; 0.000        ; 0.056      ; 1.590      ;
; 1.393 ; RISCV_Core:Core_1|Core_Datapath:Datapath|PC:PC_inst|PCReg[9]  ; RISCV_Core:Core_1|mepc_reg[2]                                                          ; clk          ; clk         ; 0.000        ; 0.057      ; 1.594      ;
; 1.406 ; RISCV_Core:Core_0|Core_Datapath:Datapath|PC:PC_inst|PCReg[10] ; RISCV_Core:Core_0|Core_Datapath:Datapath|PC:PC_inst|PCReg[10]                          ; clk          ; clk         ; 0.000        ; 0.057      ; 1.607      ;
; 1.409 ; RISCV_Core:Core_0|Core_Datapath:Datapath|PC:PC_inst|PCReg[22] ; RISCV_Core:Core_0|Core_Datapath:Datapath|PC:PC_inst|PCReg[22]                          ; clk          ; clk         ; 0.000        ; 0.056      ; 1.609      ;
; 1.419 ; RISCV_Core:Core_0|Core_Datapath:Datapath|PC:PC_inst|PCReg[18] ; RISCV_Core:Core_0|Core_Datapath:Datapath|PC:PC_inst|PCReg[18]                          ; clk          ; clk         ; 0.000        ; 0.056      ; 1.619      ;
; 1.426 ; RISCV_Core:Core_0|Core_Datapath:Datapath|PC:PC_inst|PCReg[13] ; RISCV_Core:Core_0|Core_Datapath:Datapath|PC:PC_inst|PCReg[13]                          ; clk          ; clk         ; 0.000        ; 0.057      ; 1.627      ;
; 1.432 ; RISCV_Core:Core_0|Core_Datapath:Datapath|PC:PC_inst|PCReg[20] ; RISCV_Core:Core_0|Core_Datapath:Datapath|PC:PC_inst|PCReg[24]                          ; clk          ; clk         ; 0.000        ; 0.056      ; 1.632      ;
; 1.441 ; RISCV_Core:Core_0|Core_Datapath:Datapath|PC:PC_inst|PCReg[20] ; RISCV_Core:Core_0|Core_Datapath:Datapath|PC:PC_inst|PCReg[20]                          ; clk          ; clk         ; 0.000        ; 0.056      ; 1.641      ;
; 1.446 ; RISCV_Core:Core_0|Core_Datapath:Datapath|PC:PC_inst|PCReg[18] ; RISCV_Core:Core_0|Core_Datapath:Datapath|PC:PC_inst|PCReg[19]                          ; clk          ; clk         ; 0.000        ; 0.056      ; 1.646      ;
; 1.451 ; InterCore_Ctrl:ICC_Inst|irq_core1                             ; RISCV_Core:Core_1|mepc_reg[8]                                                          ; clk          ; clk         ; 0.000        ; 0.057      ; 1.652      ;
; 1.453 ; RISCV_Core:Core_0|Core_Datapath:Datapath|PC:PC_inst|PCReg[31] ; RISCV_Core:Core_0|Core_Datapath:Datapath|PC:PC_inst|PCReg[31]                          ; clk          ; clk         ; 0.000        ; 0.056      ; 1.653      ;
; 1.460 ; InterCore_Ctrl:ICC_Inst|irq_core0                             ; RISCV_Core:Core_0|mepc_reg[8]                                                          ; clk          ; clk         ; 0.000        ; 0.056      ; 1.660      ;
; 1.472 ; RISCV_Core:Core_1|Core_Datapath:Datapath|PC:PC_inst|PCReg[30] ; RISCV_Core:Core_1|Core_Datapath:Datapath|PC:PC_inst|PCReg[30]                          ; clk          ; clk         ; 0.000        ; 0.058      ; 1.674      ;
; 1.485 ; RISCV_Core:Core_0|Core_Datapath:Datapath|PC:PC_inst|PCReg[19] ; RISCV_Core:Core_0|Core_Datapath:Datapath|PC:PC_inst|PCReg[24]                          ; clk          ; clk         ; 0.000        ; 0.056      ; 1.685      ;
; 1.514 ; RISCV_Core:Core_0|Core_Datapath:Datapath|PC:PC_inst|PCReg[29] ; RISCV_Core:Core_0|Core_Datapath:Datapath|PC:PC_inst|PCReg[29]                          ; clk          ; clk         ; 0.000        ; 0.056      ; 1.714      ;
; 1.528 ; RISCV_Core:Core_0|ie_status                                   ; RISCV_Core:Core_0|mepc_reg[8]                                                          ; clk          ; clk         ; 0.000        ; 0.056      ; 1.728      ;
; 1.530 ; RISCV_Core:Core_1|Core_Datapath:Datapath|PC:PC_inst|PCReg[16] ; RISCV_Core:Core_1|Core_Datapath:Datapath|PC:PC_inst|PCReg[21]                          ; clk          ; clk         ; 0.000        ; 0.058      ; 1.732      ;
; 1.533 ; RISCV_Core:Core_0|Core_Datapath:Datapath|PC:PC_inst|PCReg[11] ; RISCV_Core:Core_0|Core_Datapath:Datapath|PC:PC_inst|PCReg[14]                          ; clk          ; clk         ; 0.000        ; 0.057      ; 1.734      ;
; 1.536 ; RISCV_Core:Core_0|Core_Datapath:Datapath|PC:PC_inst|PCReg[10] ; RISCV_Core:Core_0|Core_Datapath:Datapath|PC:PC_inst|PCReg[14]                          ; clk          ; clk         ; 0.000        ; 0.057      ; 1.737      ;
; 1.537 ; RISCV_Core:Core_1|Core_Datapath:Datapath|PC:PC_inst|PCReg[25] ; RISCV_Core:Core_1|Core_Datapath:Datapath|PC:PC_inst|PCReg[26]                          ; clk          ; clk         ; 0.000        ; 0.058      ; 1.739      ;
; 1.542 ; RISCV_Core:Core_0|Core_Datapath:Datapath|PC:PC_inst|PCReg[18] ; RISCV_Core:Core_0|Core_Datapath:Datapath|PC:PC_inst|PCReg[24]                          ; clk          ; clk         ; 0.000        ; 0.056      ; 1.742      ;
; 1.543 ; RISCV_Core:Core_0|Core_Datapath:Datapath|PC:PC_inst|PCReg[4]  ; RISCV_Core:Core_0|ie_status                                                            ; clk          ; clk         ; 0.000        ; 0.057      ; 1.744      ;
; 1.557 ; RISCV_Core:Core_0|Core_Datapath:Datapath|PC:PC_inst|PCReg[24] ; RISCV_Core:Core_0|Core_Datapath:Datapath|PC:PC_inst|PCReg[25]                          ; clk          ; clk         ; 0.000        ; 0.063      ; 1.764      ;
; 1.567 ; RISCV_Core:Core_1|Core_Datapath:Datapath|PC:PC_inst|PCReg[6]  ; RISCV_Core:Core_1|ie_status                                                            ; clk          ; clk         ; 0.000        ; 0.058      ; 1.769      ;
; 1.571 ; RISCV_Core:Core_1|Core_Datapath:Datapath|PC:PC_inst|PCReg[4]  ; RISCV_Core:Core_1|ie_status                                                            ; clk          ; clk         ; 0.000        ; 0.058      ; 1.773      ;
; 1.575 ; RISCV_Core:Core_0|Core_Datapath:Datapath|PC:PC_inst|PCReg[16] ; RISCV_Core:Core_0|Core_Datapath:Datapath|PC:PC_inst|PCReg[19]                          ; clk          ; clk         ; 0.000        ; 0.034      ; 1.753      ;
; 1.593 ; RISCV_Core:Core_0|Core_Datapath:Datapath|PC:PC_inst|PCReg[24] ; RISCV_Core:Core_0|Core_Datapath:Datapath|PC:PC_inst|PCReg[27]                          ; clk          ; clk         ; 0.000        ; 0.056      ; 1.793      ;
; 1.598 ; RISCV_Core:Core_1|Core_Datapath:Datapath|PC:PC_inst|PCReg[14] ; RISCV_Core:Core_1|Core_Datapath:Datapath|PC:PC_inst|PCReg[16]                          ; clk          ; clk         ; 0.000        ; 0.054      ; 1.796      ;
; 1.605 ; RISCV_Core:Core_0|Core_Datapath:Datapath|PC:PC_inst|PCReg[10] ; RISCV_Core:Core_0|Core_Datapath:Datapath|PC:PC_inst|PCReg[11]                          ; clk          ; clk         ; 0.000        ; 0.057      ; 1.806      ;
; 1.607 ; RISCV_Core:Core_1|Core_Datapath:Datapath|PC:PC_inst|PCReg[25] ; RISCV_Core:Core_1|Core_Datapath:Datapath|PC:PC_inst|PCReg[27]                          ; clk          ; clk         ; 0.000        ; 0.058      ; 1.809      ;
; 1.610 ; RISCV_Core:Core_0|Core_Datapath:Datapath|PC:PC_inst|PCReg[6]  ; RISCV_Core:Core_0|mepc_reg[2]                                                          ; clk          ; clk         ; 0.000        ; 0.057      ; 1.811      ;
; 1.611 ; RISCV_Core:Core_1|Core_Datapath:Datapath|PC:PC_inst|PCReg[4]  ; RISCV_Core:Core_1|mepc_reg[2]                                                          ; clk          ; clk         ; 0.000        ; 0.058      ; 1.813      ;
; 1.614 ; RISCV_Core:Core_1|Core_Datapath:Datapath|PC:PC_inst|PCReg[6]  ; RISCV_Core:Core_1|mepc_reg[2]                                                          ; clk          ; clk         ; 0.000        ; 0.058      ; 1.816      ;
; 1.617 ; RISCV_Core:Core_0|Core_Datapath:Datapath|PC:PC_inst|PCReg[13] ; RISCV_Core:Core_0|Core_Datapath:Datapath|PC:PC_inst|PCReg[14]                          ; clk          ; clk         ; 0.000        ; 0.057      ; 1.818      ;
; 1.618 ; RISCV_Core:Core_1|Core_Datapath:Datapath|PC:PC_inst|PCReg[26] ; RISCV_Core:Core_1|Core_Datapath:Datapath|PC:PC_inst|PCReg[26]                          ; clk          ; clk         ; 0.000        ; 0.057      ; 1.819      ;
; 1.621 ; RISCV_Core:Core_1|Core_Datapath:Datapath|PC:PC_inst|PCReg[27] ; RISCV_Core:Core_1|Core_Datapath:Datapath|PC:PC_inst|PCReg[27]                          ; clk          ; clk         ; 0.000        ; 0.057      ; 1.822      ;
; 1.623 ; RISCV_Core:Core_0|Core_Datapath:Datapath|PC:PC_inst|PCReg[16] ; RISCV_Core:Core_0|Core_Datapath:Datapath|PC:PC_inst|PCReg[16]                          ; clk          ; clk         ; 0.000        ; 0.057      ; 1.824      ;
; 1.638 ; RISCV_Core:Core_1|Core_Datapath:Datapath|PC:PC_inst|PCReg[25] ; RISCV_Core:Core_1|Core_Datapath:Datapath|PC:PC_inst|PCReg[28]                          ; clk          ; clk         ; 0.000        ; 0.058      ; 1.840      ;
; 1.641 ; RISCV_Core:Core_1|Core_Datapath:Datapath|PC:PC_inst|PCReg[28] ; RISCV_Core:Core_1|Core_Datapath:Datapath|PC:PC_inst|PCReg[28]                          ; clk          ; clk         ; 0.000        ; 0.057      ; 1.842      ;
; 1.654 ; RISCV_Core:Core_0|Core_Datapath:Datapath|PC:PC_inst|PCReg[19] ; RISCV_Core:Core_0|Core_Datapath:Datapath|PC:PC_inst|PCReg[20]                          ; clk          ; clk         ; 0.000        ; 0.056      ; 1.854      ;
; 1.658 ; RISCV_Core:Core_0|Core_Datapath:Datapath|PC:PC_inst|PCReg[17] ; RISCV_Core:Core_0|Core_Datapath:Datapath|PC:PC_inst|PCReg[17]                          ; clk          ; clk         ; 0.000        ; 0.057      ; 1.859      ;
; 1.659 ; RISCV_Core:Core_1|Core_Datapath:Datapath|PC:PC_inst|PCReg[10] ; RISCV_Core:Core_1|Core_Datapath:Datapath|PC:PC_inst|PCReg[14]                          ; clk          ; clk         ; 0.000        ; 0.056      ; 1.859      ;
; 1.661 ; RISCV_Core:Core_0|Core_Datapath:Datapath|PC:PC_inst|PCReg[16] ; RISCV_Core:Core_0|Core_Datapath:Datapath|PC:PC_inst|PCReg[24]                          ; clk          ; clk         ; 0.000        ; 0.034      ; 1.839      ;
; 1.664 ; InterCore_Ctrl:ICC_Inst|mailbox_0to1[30]                      ; RISCV_Core:Core_1|Core_Datapath:Datapath|Register_File:Register_inst|REG_MEM_BLOCK~702 ; clk          ; clk         ; 0.000        ; 0.098      ; 1.906      ;
; 1.668 ; RISCV_Core:Core_0|Core_Datapath:Datapath|PC:PC_inst|PCReg[20] ; RISCV_Core:Core_0|Core_Datapath:Datapath|PC:PC_inst|PCReg[22]                          ; clk          ; clk         ; 0.000        ; 0.056      ; 1.868      ;
; 1.675 ; RISCV_Core:Core_0|Core_Datapath:Datapath|PC:PC_inst|PCReg[14] ; RISCV_Core:Core_0|Core_Datapath:Datapath|PC:PC_inst|PCReg[19]                          ; clk          ; clk         ; 0.000        ; 0.034      ; 1.853      ;
; 1.689 ; RISCV_Core:Core_0|Core_Datapath:Datapath|PC:PC_inst|PCReg[16] ; RISCV_Core:Core_0|Core_Datapath:Datapath|PC:PC_inst|PCReg[17]                          ; clk          ; clk         ; 0.000        ; 0.057      ; 1.890      ;
; 1.700 ; RISCV_Core:Core_0|Core_Datapath:Datapath|PC:PC_inst|PCReg[16] ; RISCV_Core:Core_0|Core_Datapath:Datapath|PC:PC_inst|PCReg[18]                          ; clk          ; clk         ; 0.000        ; 0.034      ; 1.878      ;
; 1.707 ; RISCV_Core:Core_0|Core_Datapath:Datapath|PC:PC_inst|PCReg[24] ; RISCV_Core:Core_0|Core_Datapath:Datapath|PC:PC_inst|PCReg[26]                          ; clk          ; clk         ; 0.000        ; 0.063      ; 1.914      ;
; 1.711 ; RISCV_Core:Core_0|Core_Datapath:Datapath|PC:PC_inst|PCReg[18] ; RISCV_Core:Core_0|Core_Datapath:Datapath|PC:PC_inst|PCReg[20]                          ; clk          ; clk         ; 0.000        ; 0.056      ; 1.911      ;
; 1.721 ; RISCV_Core:Core_0|Core_Datapath:Datapath|PC:PC_inst|PCReg[19] ; RISCV_Core:Core_0|Core_Datapath:Datapath|PC:PC_inst|PCReg[22]                          ; clk          ; clk         ; 0.000        ; 0.056      ; 1.921      ;
; 1.731 ; InterCore_Ctrl:ICC_Inst|mailbox_0to1[1]                       ; RISCV_Core:Core_0|Core_Datapath:Datapath|Register_File:Register_inst|REG_MEM_BLOCK~705 ; clk          ; clk         ; 0.000        ; 0.073      ; 1.948      ;
; 1.745 ; InterCore_Ctrl:ICC_Inst|mailbox_0to1[7]                       ; RISCV_Core:Core_0|Core_Datapath:Datapath|Register_File:Register_inst|REG_MEM_BLOCK~871 ; clk          ; clk         ; 0.000        ; 0.073      ; 1.962      ;
; 1.747 ; RISCV_Core:Core_1|Core_Datapath:Datapath|PC:PC_inst|PCReg[21] ; RISCV_Core:Core_1|Core_Datapath:Datapath|PC:PC_inst|PCReg[21]                          ; clk          ; clk         ; 0.000        ; 0.058      ; 1.949      ;
; 1.756 ; RISCV_Core:Core_0|Core_Datapath:Datapath|PC:PC_inst|PCReg[17] ; RISCV_Core:Core_0|Core_Datapath:Datapath|PC:PC_inst|PCReg[19]                          ; clk          ; clk         ; 0.000        ; 0.034      ; 1.934      ;
; 1.761 ; RISCV_Core:Core_0|Core_Datapath:Datapath|PC:PC_inst|PCReg[14] ; RISCV_Core:Core_0|Core_Datapath:Datapath|PC:PC_inst|PCReg[24]                          ; clk          ; clk         ; 0.000        ; 0.034      ; 1.939      ;
+-------+---------------------------------------------------------------+----------------------------------------------------------------------------------------+--------------+-------------+--------------+------------+------------+


+-----------------------------------------------------------------------------------------------------------------------------------------------------------------------+
; Slow 1200mV 0C Model Minimum Pulse Width: 'clk'                                                                                                                       ;
+-------+--------------+----------------+-----------------+-------+------------+----------------------------------------------------------------------------------------+
; Slack ; Actual Width ; Required Width ; Type            ; Clock ; Clock Edge ; Target                                                                                 ;
+-------+--------------+----------------+-----------------+-------+------------+----------------------------------------------------------------------------------------+
; 9.690 ; 9.874        ; 0.184          ; Low Pulse Width ; clk   ; Rise       ; RISCV_Core:Core_1|Core_Datapath:Datapath|Register_File:Register_inst|REG_MEM_BLOCK~353 ;
; 9.690 ; 9.874        ; 0.184          ; Low Pulse Width ; clk   ; Rise       ; RISCV_Core:Core_1|Core_Datapath:Datapath|Register_File:Register_inst|REG_MEM_BLOCK~569 ;
; 9.690 ; 9.874        ; 0.184          ; Low Pulse Width ; clk   ; Rise       ; RISCV_Core:Core_1|Core_Datapath:Datapath|Register_File:Register_inst|REG_MEM_BLOCK~571 ;
; 9.691 ; 9.875        ; 0.184          ; Low Pulse Width ; clk   ; Rise       ; RISCV_Core:Core_0|Core_Datapath:Datapath|Register_File:Register_inst|REG_MEM_BLOCK~347 ;
; 9.691 ; 9.875        ; 0.184          ; Low Pulse Width ; clk   ; Rise       ; RISCV_Core:Core_1|Core_Datapath:Datapath|Register_File:Register_inst|REG_MEM_BLOCK~347 ;
; 9.691 ; 9.875        ; 0.184          ; Low Pulse Width ; clk   ; Rise       ; RISCV_Core:Core_1|Core_Datapath:Datapath|Register_File:Register_inst|REG_MEM_BLOCK~593 ;
; 9.691 ; 9.875        ; 0.184          ; Low Pulse Width ; clk   ; Rise       ; RISCV_Core:Core_1|Core_Datapath:Datapath|Register_File:Register_inst|REG_MEM_BLOCK~594 ;
; 9.691 ; 9.875        ; 0.184          ; Low Pulse Width ; clk   ; Rise       ; RISCV_Core:Core_1|Core_Datapath:Datapath|Register_File:Register_inst|REG_MEM_BLOCK~596 ;
; 9.691 ; 9.875        ; 0.184          ; Low Pulse Width ; clk   ; Rise       ; RISCV_Core:Core_1|Core_Datapath:Datapath|Register_File:Register_inst|REG_MEM_BLOCK~597 ;
; 9.691 ; 9.875        ; 0.184          ; Low Pulse Width ; clk   ; Rise       ; RISCV_Core:Core_1|Core_Datapath:Datapath|Register_File:Register_inst|REG_MEM_BLOCK~598 ;
; 9.691 ; 9.875        ; 0.184          ; Low Pulse Width ; clk   ; Rise       ; RISCV_Core:Core_1|Core_Datapath:Datapath|Register_File:Register_inst|REG_MEM_BLOCK~605 ;
; 9.691 ; 9.875        ; 0.184          ; Low Pulse Width ; clk   ; Rise       ; RISCV_Core:Core_1|Core_Datapath:Datapath|Register_File:Register_inst|REG_MEM_BLOCK~606 ;
; 9.691 ; 9.875        ; 0.184          ; Low Pulse Width ; clk   ; Rise       ; RISCV_Core:Core_1|Core_Datapath:Datapath|Register_File:Register_inst|REG_MEM_BLOCK~853 ;
; 9.691 ; 9.875        ; 0.184          ; Low Pulse Width ; clk   ; Rise       ; RISCV_Core:Core_1|Core_Datapath:Datapath|Register_File:Register_inst|REG_MEM_BLOCK~857 ;
; 9.692 ; 9.876        ; 0.184          ; Low Pulse Width ; clk   ; Rise       ; Data_Memory:Shared_RAM_Bank0|RAM~2479                                                  ;
; 9.692 ; 9.876        ; 0.184          ; Low Pulse Width ; clk   ; Rise       ; Data_Memory:Shared_RAM_Bank0|RAM~2495                                                  ;
; 9.692 ; 9.876        ; 0.184          ; Low Pulse Width ; clk   ; Rise       ; Data_Memory:Shared_RAM_Bank0|RAM~3328                                                  ;
; 9.692 ; 9.876        ; 0.184          ; Low Pulse Width ; clk   ; Rise       ; Data_Memory:Shared_RAM_Bank0|RAM~3332                                                  ;
; 9.692 ; 9.876        ; 0.184          ; Low Pulse Width ; clk   ; Rise       ; Data_Memory:Shared_RAM_Bank0|RAM~3350                                                  ;
; 9.692 ; 9.876        ; 0.184          ; Low Pulse Width ; clk   ; Rise       ; Data_Memory:Shared_RAM_Bank0|RAM~3356                                                  ;
; 9.692 ; 9.876        ; 0.184          ; Low Pulse Width ; clk   ; Rise       ; Data_Memory:Shared_RAM_Bank0|RAM~4129                                                  ;
; 9.692 ; 9.876        ; 0.184          ; Low Pulse Width ; clk   ; Rise       ; Data_Memory:Shared_RAM_Bank0|RAM~4130                                                  ;
; 9.692 ; 9.876        ; 0.184          ; Low Pulse Width ; clk   ; Rise       ; Data_Memory:Shared_RAM_Bank0|RAM~4133                                                  ;
; 9.692 ; 9.876        ; 0.184          ; Low Pulse Width ; clk   ; Rise       ; Data_Memory:Shared_RAM_Bank0|RAM~4134                                                  ;
; 9.692 ; 9.876        ; 0.184          ; Low Pulse Width ; clk   ; Rise       ; Data_Memory:Shared_RAM_Bank0|RAM~4138                                                  ;
; 9.692 ; 9.876        ; 0.184          ; Low Pulse Width ; clk   ; Rise       ; Data_Memory:Shared_RAM_Bank0|RAM~4139                                                  ;
; 9.692 ; 9.876        ; 0.184          ; Low Pulse Width ; clk   ; Rise       ; Data_Memory:Shared_RAM_Bank0|RAM~4142                                                  ;
; 9.692 ; 9.876        ; 0.184          ; Low Pulse Width ; clk   ; Rise       ; Data_Memory:Shared_RAM_Bank0|RAM~4145                                                  ;
; 9.692 ; 9.876        ; 0.184          ; Low Pulse Width ; clk   ; Rise       ; Data_Memory:Shared_RAM_Bank0|RAM~4146                                                  ;
; 9.692 ; 9.876        ; 0.184          ; Low Pulse Width ; clk   ; Rise       ; Data_Memory:Shared_RAM_Bank0|RAM~4147                                                  ;
; 9.692 ; 9.876        ; 0.184          ; Low Pulse Width ; clk   ; Rise       ; Data_Memory:Shared_RAM_Bank0|RAM~4149                                                  ;
; 9.692 ; 9.876        ; 0.184          ; Low Pulse Width ; clk   ; Rise       ; Data_Memory:Shared_RAM_Bank0|RAM~4150                                                  ;
; 9.692 ; 9.876        ; 0.184          ; Low Pulse Width ; clk   ; Rise       ; Data_Memory:Shared_RAM_Bank0|RAM~4151                                                  ;
; 9.692 ; 9.876        ; 0.184          ; Low Pulse Width ; clk   ; Rise       ; Data_Memory:Shared_RAM_Bank0|RAM~4153                                                  ;
; 9.692 ; 9.876        ; 0.184          ; Low Pulse Width ; clk   ; Rise       ; Data_Memory:Shared_RAM_Bank0|RAM~4154                                                  ;
; 9.692 ; 9.876        ; 0.184          ; Low Pulse Width ; clk   ; Rise       ; Data_Memory:Shared_RAM_Bank0|RAM~4355                                                  ;
; 9.692 ; 9.876        ; 0.184          ; Low Pulse Width ; clk   ; Rise       ; Data_Memory:Shared_RAM_Bank0|RAM~4369                                                  ;
; 9.692 ; 9.876        ; 0.184          ; Low Pulse Width ; clk   ; Rise       ; Data_Memory:Shared_RAM_Bank0|RAM~4381                                                  ;
; 9.692 ; 9.876        ; 0.184          ; Low Pulse Width ; clk   ; Rise       ; Data_Memory:Shared_RAM_Bank0|RAM~4383                                                  ;
; 9.692 ; 9.876        ; 0.184          ; Low Pulse Width ; clk   ; Rise       ; Data_Memory:Shared_RAM_Bank0|RAM~4499                                                  ;
; 9.692 ; 9.876        ; 0.184          ; Low Pulse Width ; clk   ; Rise       ; Data_Memory:Shared_RAM_Bank0|RAM~4505                                                  ;
; 9.692 ; 9.876        ; 0.184          ; Low Pulse Width ; clk   ; Rise       ; Data_Memory:Shared_RAM_Bank0|RAM~5824                                                  ;
; 9.692 ; 9.876        ; 0.184          ; Low Pulse Width ; clk   ; Rise       ; Data_Memory:Shared_RAM_Bank0|RAM~5828                                                  ;
; 9.692 ; 9.876        ; 0.184          ; Low Pulse Width ; clk   ; Rise       ; Data_Memory:Shared_RAM_Bank0|RAM~5830                                                  ;
; 9.692 ; 9.876        ; 0.184          ; Low Pulse Width ; clk   ; Rise       ; Data_Memory:Shared_RAM_Bank0|RAM~5834                                                  ;
; 9.692 ; 9.876        ; 0.184          ; Low Pulse Width ; clk   ; Rise       ; Data_Memory:Shared_RAM_Bank0|RAM~5840                                                  ;
; 9.692 ; 9.876        ; 0.184          ; Low Pulse Width ; clk   ; Rise       ; Data_Memory:Shared_RAM_Bank0|RAM~5842                                                  ;
; 9.692 ; 9.876        ; 0.184          ; Low Pulse Width ; clk   ; Rise       ; Data_Memory:Shared_RAM_Bank0|RAM~5846                                                  ;
; 9.692 ; 9.876        ; 0.184          ; Low Pulse Width ; clk   ; Rise       ; Data_Memory:Shared_RAM_Bank0|RAM~5847                                                  ;
; 9.692 ; 9.876        ; 0.184          ; Low Pulse Width ; clk   ; Rise       ; Data_Memory:Shared_RAM_Bank0|RAM~66                                                    ;
; 9.692 ; 9.876        ; 0.184          ; Low Pulse Width ; clk   ; Rise       ; Data_Memory:Shared_RAM_Bank0|RAM~6726                                                  ;
; 9.692 ; 9.876        ; 0.184          ; Low Pulse Width ; clk   ; Rise       ; Data_Memory:Shared_RAM_Bank0|RAM~6732                                                  ;
; 9.692 ; 9.876        ; 0.184          ; Low Pulse Width ; clk   ; Rise       ; Data_Memory:Shared_RAM_Bank0|RAM~6744                                                  ;
; 9.692 ; 9.876        ; 0.184          ; Low Pulse Width ; clk   ; Rise       ; Data_Memory:Shared_RAM_Bank0|RAM~6746                                                  ;
; 9.692 ; 9.876        ; 0.184          ; Low Pulse Width ; clk   ; Rise       ; Data_Memory:Shared_RAM_Bank0|RAM~6751                                                  ;
; 9.692 ; 9.876        ; 0.184          ; Low Pulse Width ; clk   ; Rise       ; Data_Memory:Shared_RAM_Bank0|RAM~7231                                                  ;
; 9.692 ; 9.876        ; 0.184          ; Low Pulse Width ; clk   ; Rise       ; Data_Memory:Shared_RAM_Bank0|RAM~8032                                                  ;
; 9.692 ; 9.876        ; 0.184          ; Low Pulse Width ; clk   ; Rise       ; Data_Memory:Shared_RAM_Bank0|RAM~8044                                                  ;
; 9.692 ; 9.876        ; 0.184          ; Low Pulse Width ; clk   ; Rise       ; Data_Memory:Shared_RAM_Bank0|RAM~8052                                                  ;
; 9.692 ; 9.876        ; 0.184          ; Low Pulse Width ; clk   ; Rise       ; Data_Memory:Shared_RAM_Bank0|RAM~8058                                                  ;
; 9.692 ; 9.876        ; 0.184          ; Low Pulse Width ; clk   ; Rise       ; Data_Memory:Shared_RAM_Bank1|RAM~2364                                                  ;
; 9.692 ; 9.876        ; 0.184          ; Low Pulse Width ; clk   ; Rise       ; Data_Memory:Shared_RAM_Bank1|RAM~5546                                                  ;
; 9.692 ; 9.876        ; 0.184          ; Low Pulse Width ; clk   ; Rise       ; Data_Memory:Shared_RAM_Bank1|RAM~5554                                                  ;
; 9.692 ; 9.876        ; 0.184          ; Low Pulse Width ; clk   ; Rise       ; Data_Memory:Shared_RAM_Bank1|RAM~5566                                                  ;
; 9.692 ; 9.876        ; 0.184          ; Low Pulse Width ; clk   ; Rise       ; RISCV_Core:Core_0|Core_Datapath:Datapath|Register_File:Register_inst|REG_MEM_BLOCK~202 ;
; 9.692 ; 9.876        ; 0.184          ; Low Pulse Width ; clk   ; Rise       ; RISCV_Core:Core_0|Core_Datapath:Datapath|Register_File:Register_inst|REG_MEM_BLOCK~204 ;
; 9.692 ; 9.876        ; 0.184          ; Low Pulse Width ; clk   ; Rise       ; RISCV_Core:Core_0|Core_Datapath:Datapath|Register_File:Register_inst|REG_MEM_BLOCK~212 ;
; 9.692 ; 9.876        ; 0.184          ; Low Pulse Width ; clk   ; Rise       ; RISCV_Core:Core_0|Core_Datapath:Datapath|Register_File:Register_inst|REG_MEM_BLOCK~216 ;
; 9.692 ; 9.876        ; 0.184          ; Low Pulse Width ; clk   ; Rise       ; RISCV_Core:Core_0|Core_Datapath:Datapath|Register_File:Register_inst|REG_MEM_BLOCK~587 ;
; 9.692 ; 9.876        ; 0.184          ; Low Pulse Width ; clk   ; Rise       ; RISCV_Core:Core_0|Core_Datapath:Datapath|Register_File:Register_inst|REG_MEM_BLOCK~588 ;
; 9.692 ; 9.876        ; 0.184          ; Low Pulse Width ; clk   ; Rise       ; RISCV_Core:Core_0|Core_Datapath:Datapath|Register_File:Register_inst|REG_MEM_BLOCK~592 ;
; 9.692 ; 9.876        ; 0.184          ; Low Pulse Width ; clk   ; Rise       ; RISCV_Core:Core_0|Core_Datapath:Datapath|Register_File:Register_inst|REG_MEM_BLOCK~593 ;
; 9.692 ; 9.876        ; 0.184          ; Low Pulse Width ; clk   ; Rise       ; RISCV_Core:Core_0|Core_Datapath:Datapath|Register_File:Register_inst|REG_MEM_BLOCK~594 ;
; 9.692 ; 9.876        ; 0.184          ; Low Pulse Width ; clk   ; Rise       ; RISCV_Core:Core_0|Core_Datapath:Datapath|Register_File:Register_inst|REG_MEM_BLOCK~596 ;
; 9.692 ; 9.876        ; 0.184          ; Low Pulse Width ; clk   ; Rise       ; RISCV_Core:Core_0|Core_Datapath:Datapath|Register_File:Register_inst|REG_MEM_BLOCK~597 ;
; 9.692 ; 9.876        ; 0.184          ; Low Pulse Width ; clk   ; Rise       ; RISCV_Core:Core_0|Core_Datapath:Datapath|Register_File:Register_inst|REG_MEM_BLOCK~806 ;
; 9.692 ; 9.876        ; 0.184          ; Low Pulse Width ; clk   ; Rise       ; RISCV_Core:Core_0|Core_Datapath:Datapath|Register_File:Register_inst|REG_MEM_BLOCK~808 ;
; 9.692 ; 9.876        ; 0.184          ; Low Pulse Width ; clk   ; Rise       ; RISCV_Core:Core_0|Core_Datapath:Datapath|Register_File:Register_inst|REG_MEM_BLOCK~812 ;
; 9.692 ; 9.876        ; 0.184          ; Low Pulse Width ; clk   ; Rise       ; RISCV_Core:Core_0|Core_Datapath:Datapath|Register_File:Register_inst|REG_MEM_BLOCK~818 ;
; 9.692 ; 9.876        ; 0.184          ; Low Pulse Width ; clk   ; Rise       ; RISCV_Core:Core_0|Core_Datapath:Datapath|Register_File:Register_inst|REG_MEM_BLOCK~824 ;
; 9.692 ; 9.876        ; 0.184          ; Low Pulse Width ; clk   ; Rise       ; RISCV_Core:Core_1|Core_Datapath:Datapath|Register_File:Register_inst|REG_MEM_BLOCK~135 ;
; 9.692 ; 9.876        ; 0.184          ; Low Pulse Width ; clk   ; Rise       ; RISCV_Core:Core_1|Core_Datapath:Datapath|Register_File:Register_inst|REG_MEM_BLOCK~152 ;
; 9.692 ; 9.876        ; 0.184          ; Low Pulse Width ; clk   ; Rise       ; RISCV_Core:Core_1|Core_Datapath:Datapath|Register_File:Register_inst|REG_MEM_BLOCK~155 ;
; 9.692 ; 9.876        ; 0.184          ; Low Pulse Width ; clk   ; Rise       ; RISCV_Core:Core_1|Core_Datapath:Datapath|Register_File:Register_inst|REG_MEM_BLOCK~158 ;
; 9.692 ; 9.876        ; 0.184          ; Low Pulse Width ; clk   ; Rise       ; RISCV_Core:Core_1|Core_Datapath:Datapath|Register_File:Register_inst|REG_MEM_BLOCK~159 ;
; 9.692 ; 9.876        ; 0.184          ; Low Pulse Width ; clk   ; Rise       ; RISCV_Core:Core_1|Core_Datapath:Datapath|Register_File:Register_inst|REG_MEM_BLOCK~295 ;
; 9.692 ; 9.876        ; 0.184          ; Low Pulse Width ; clk   ; Rise       ; RISCV_Core:Core_1|Core_Datapath:Datapath|Register_File:Register_inst|REG_MEM_BLOCK~297 ;
; 9.692 ; 9.876        ; 0.184          ; Low Pulse Width ; clk   ; Rise       ; RISCV_Core:Core_1|Core_Datapath:Datapath|Register_File:Register_inst|REG_MEM_BLOCK~300 ;
; 9.692 ; 9.876        ; 0.184          ; Low Pulse Width ; clk   ; Rise       ; RISCV_Core:Core_1|Core_Datapath:Datapath|Register_File:Register_inst|REG_MEM_BLOCK~301 ;
; 9.692 ; 9.876        ; 0.184          ; Low Pulse Width ; clk   ; Rise       ; RISCV_Core:Core_1|Core_Datapath:Datapath|Register_File:Register_inst|REG_MEM_BLOCK~302 ;
; 9.692 ; 9.876        ; 0.184          ; Low Pulse Width ; clk   ; Rise       ; RISCV_Core:Core_1|Core_Datapath:Datapath|Register_File:Register_inst|REG_MEM_BLOCK~540 ;
; 9.692 ; 9.876        ; 0.184          ; Low Pulse Width ; clk   ; Rise       ; RISCV_Core:Core_1|Core_Datapath:Datapath|Register_File:Register_inst|REG_MEM_BLOCK~542 ;
; 9.692 ; 9.876        ; 0.184          ; Low Pulse Width ; clk   ; Rise       ; RISCV_Core:Core_1|Core_Datapath:Datapath|Register_File:Register_inst|REG_MEM_BLOCK~74  ;
; 9.692 ; 9.876        ; 0.184          ; Low Pulse Width ; clk   ; Rise       ; RISCV_Core:Core_1|Core_Datapath:Datapath|Register_File:Register_inst|REG_MEM_BLOCK~76  ;
; 9.692 ; 9.876        ; 0.184          ; Low Pulse Width ; clk   ; Rise       ; RISCV_Core:Core_1|Core_Datapath:Datapath|Register_File:Register_inst|REG_MEM_BLOCK~78  ;
; 9.692 ; 9.876        ; 0.184          ; Low Pulse Width ; clk   ; Rise       ; RISCV_Core:Core_1|Core_Datapath:Datapath|Register_File:Register_inst|REG_MEM_BLOCK~79  ;
; 9.692 ; 9.876        ; 0.184          ; Low Pulse Width ; clk   ; Rise       ; RISCV_Core:Core_1|Core_Datapath:Datapath|Register_File:Register_inst|REG_MEM_BLOCK~80  ;
; 9.692 ; 9.876        ; 0.184          ; Low Pulse Width ; clk   ; Rise       ; RISCV_Core:Core_1|Core_Datapath:Datapath|Register_File:Register_inst|REG_MEM_BLOCK~814 ;
; 9.692 ; 9.876        ; 0.184          ; Low Pulse Width ; clk   ; Rise       ; RISCV_Core:Core_1|Core_Datapath:Datapath|Register_File:Register_inst|REG_MEM_BLOCK~824 ;
; 9.692 ; 9.876        ; 0.184          ; Low Pulse Width ; clk   ; Rise       ; RISCV_Core:Core_1|Core_Datapath:Datapath|Register_File:Register_inst|REG_MEM_BLOCK~95  ;
+-------+--------------+----------------+-----------------+-------+------------+----------------------------------------------------------------------------------------+


+------------------------------------------------------------------------------+
; Clock to Output Times                                                        ;
+----------------+------------+--------+--------+------------+-----------------+
; Data Port      ; Clock Port ; Rise   ; Fall   ; Clock Edge ; Clock Reference ;
+----------------+------------+--------+--------+------------+-----------------+
; dummy_out[*]   ; clk        ; 28.135 ; 28.100 ; Rise       ; clk             ;
;  dummy_out[0]  ; clk        ; 25.800 ; 25.630 ; Rise       ; clk             ;
;  dummy_out[1]  ; clk        ; 25.519 ; 25.574 ; Rise       ; clk             ;
;  dummy_out[2]  ; clk        ; 21.554 ; 21.477 ; Rise       ; clk             ;
;  dummy_out[3]  ; clk        ; 22.799 ; 22.787 ; Rise       ; clk             ;
;  dummy_out[4]  ; clk        ; 24.347 ; 24.336 ; Rise       ; clk             ;
;  dummy_out[5]  ; clk        ; 24.677 ; 24.521 ; Rise       ; clk             ;
;  dummy_out[6]  ; clk        ; 23.097 ; 23.205 ; Rise       ; clk             ;
;  dummy_out[7]  ; clk        ; 24.534 ; 24.420 ; Rise       ; clk             ;
;  dummy_out[8]  ; clk        ; 25.692 ; 25.524 ; Rise       ; clk             ;
;  dummy_out[9]  ; clk        ; 22.646 ; 22.610 ; Rise       ; clk             ;
;  dummy_out[10] ; clk        ; 28.135 ; 28.100 ; Rise       ; clk             ;
;  dummy_out[11] ; clk        ; 24.119 ; 23.992 ; Rise       ; clk             ;
;  dummy_out[12] ; clk        ; 24.723 ; 24.599 ; Rise       ; clk             ;
;  dummy_out[13] ; clk        ; 25.008 ; 24.798 ; Rise       ; clk             ;
;  dummy_out[14] ; clk        ; 26.510 ; 26.270 ; Rise       ; clk             ;
;  dummy_out[15] ; clk        ; 24.408 ; 24.319 ; Rise       ; clk             ;
;  dummy_out[16] ; clk        ; 21.596 ; 21.532 ; Rise       ; clk             ;
;  dummy_out[17] ; clk        ; 25.479 ; 25.344 ; Rise       ; clk             ;
;  dummy_out[18] ; clk        ; 23.286 ; 23.128 ; Rise       ; clk             ;
;  dummy_out[19] ; clk        ; 21.657 ; 21.546 ; Rise       ; clk             ;
;  dummy_out[20] ; clk        ; 22.972 ; 22.968 ; Rise       ; clk             ;
;  dummy_out[21] ; clk        ; 22.678 ; 22.764 ; Rise       ; clk             ;
;  dummy_out[22] ; clk        ; 23.191 ; 23.067 ; Rise       ; clk             ;
;  dummy_out[23] ; clk        ; 22.826 ; 22.859 ; Rise       ; clk             ;
;  dummy_out[24] ; clk        ; 21.773 ; 21.644 ; Rise       ; clk             ;
;  dummy_out[25] ; clk        ; 22.693 ; 22.599 ; Rise       ; clk             ;
;  dummy_out[26] ; clk        ; 23.319 ; 23.162 ; Rise       ; clk             ;
;  dummy_out[27] ; clk        ; 26.080 ; 26.005 ; Rise       ; clk             ;
;  dummy_out[28] ; clk        ; 27.203 ; 27.178 ; Rise       ; clk             ;
;  dummy_out[29] ; clk        ; 21.447 ; 21.410 ; Rise       ; clk             ;
;  dummy_out[30] ; clk        ; 27.484 ; 27.235 ; Rise       ; clk             ;
;  dummy_out[31] ; clk        ; 22.303 ; 22.238 ; Rise       ; clk             ;
+----------------+------------+--------+--------+------------+-----------------+


+------------------------------------------------------------------------------+
; Minimum Clock to Output Times                                                ;
+----------------+------------+--------+--------+------------+-----------------+
; Data Port      ; Clock Port ; Rise   ; Fall   ; Clock Edge ; Clock Reference ;
+----------------+------------+--------+--------+------------+-----------------+
; dummy_out[*]   ; clk        ; 8.965  ; 8.921  ; Rise       ; clk             ;
;  dummy_out[0]  ; clk        ; 12.583 ; 12.349 ; Rise       ; clk             ;
;  dummy_out[1]  ; clk        ; 10.651 ; 10.673 ; Rise       ; clk             ;
;  dummy_out[2]  ; clk        ; 9.601  ; 9.629  ; Rise       ; clk             ;
;  dummy_out[3]  ; clk        ; 10.279 ; 10.207 ; Rise       ; clk             ;
;  dummy_out[4]  ; clk        ; 11.703 ; 11.728 ; Rise       ; clk             ;
;  dummy_out[5]  ; clk        ; 11.948 ; 11.922 ; Rise       ; clk             ;
;  dummy_out[6]  ; clk        ; 11.272 ; 11.395 ; Rise       ; clk             ;
;  dummy_out[7]  ; clk        ; 11.317 ; 11.214 ; Rise       ; clk             ;
;  dummy_out[8]  ; clk        ; 13.161 ; 13.011 ; Rise       ; clk             ;
;  dummy_out[9]  ; clk        ; 11.439 ; 11.307 ; Rise       ; clk             ;
;  dummy_out[10] ; clk        ; 13.408 ; 13.339 ; Rise       ; clk             ;
;  dummy_out[11] ; clk        ; 10.036 ; 9.963  ; Rise       ; clk             ;
;  dummy_out[12] ; clk        ; 11.503 ; 11.448 ; Rise       ; clk             ;
;  dummy_out[13] ; clk        ; 8.965  ; 8.921  ; Rise       ; clk             ;
;  dummy_out[14] ; clk        ; 9.374  ; 9.316  ; Rise       ; clk             ;
;  dummy_out[15] ; clk        ; 11.186 ; 11.082 ; Rise       ; clk             ;
;  dummy_out[16] ; clk        ; 9.123  ; 9.031  ; Rise       ; clk             ;
;  dummy_out[17] ; clk        ; 11.709 ; 11.588 ; Rise       ; clk             ;
;  dummy_out[18] ; clk        ; 11.868 ; 11.763 ; Rise       ; clk             ;
;  dummy_out[19] ; clk        ; 10.255 ; 10.235 ; Rise       ; clk             ;
;  dummy_out[20] ; clk        ; 10.238 ; 10.340 ; Rise       ; clk             ;
;  dummy_out[21] ; clk        ; 10.755 ; 10.729 ; Rise       ; clk             ;
;  dummy_out[22] ; clk        ; 10.706 ; 10.628 ; Rise       ; clk             ;
;  dummy_out[23] ; clk        ; 10.333 ; 10.267 ; Rise       ; clk             ;
;  dummy_out[24] ; clk        ; 10.306 ; 10.180 ; Rise       ; clk             ;
;  dummy_out[25] ; clk        ; 11.568 ; 11.566 ; Rise       ; clk             ;
;  dummy_out[26] ; clk        ; 11.407 ; 11.290 ; Rise       ; clk             ;
;  dummy_out[27] ; clk        ; 10.561 ; 10.368 ; Rise       ; clk             ;
;  dummy_out[28] ; clk        ; 10.625 ; 10.671 ; Rise       ; clk             ;
;  dummy_out[29] ; clk        ; 9.863  ; 9.913  ; Rise       ; clk             ;
;  dummy_out[30] ; clk        ; 13.137 ; 13.203 ; Rise       ; clk             ;
;  dummy_out[31] ; clk        ; 11.209 ; 11.157 ; Rise       ; clk             ;
+----------------+------------+--------+--------+------------+-----------------+


---------------------------------------------
; Slow 1200mV 0C Model Metastability Report ;
---------------------------------------------
No synchronizer chains to report.


+------------------------------------+
; Fast 1200mV 0C Model Setup Summary ;
+-------+-------+--------------------+
; Clock ; Slack ; End Point TNS      ;
+-------+-------+--------------------+
; clk   ; 1.938 ; 0.000              ;
+-------+-------+--------------------+


+-----------------------------------+
; Fast 1200mV 0C Model Hold Summary ;
+-------+-------+-------------------+
; Clock ; Slack ; End Point TNS     ;
+-------+-------+-------------------+
; clk   ; 0.177 ; 0.000             ;
+-------+-------+-------------------+


-----------------------------------------
; Fast 1200mV 0C Model Recovery Summary ;
-----------------------------------------
No paths to report.


----------------------------------------
; Fast 1200mV 0C Model Removal Summary ;
----------------------------------------
No paths to report.


+--------------------------------------------------+
; Fast 1200mV 0C Model Minimum Pulse Width Summary ;
+-------+-------+----------------------------------+
; Clock ; Slack ; End Point TNS                    ;
+-------+-------+----------------------------------+
; clk   ; 9.409 ; 0.000                            ;
+-------+-------+----------------------------------+


+-------------------------------------------------------------------------------------------------------------------------------------------------------------------------------------------------------------------------------------+
; Fast 1200mV 0C Model Setup: 'clk'                                                                                                                                                                                                   ;
+-------+--------------------------------------------------------------+----------------------------------------------------------------------------------------+--------------+-------------+--------------+------------+------------+
; Slack ; From Node                                                    ; To Node                                                                                ; Launch Clock ; Latch Clock ; Relationship ; Clock Skew ; Data Delay ;
+-------+--------------------------------------------------------------+----------------------------------------------------------------------------------------+--------------+-------------+--------------+------------+------------+
; 1.938 ; RISCV_Core:Core_1|ie_status                                  ; RISCV_Core:Core_0|Core_Datapath:Datapath|Register_File:Register_inst|REG_MEM_BLOCK~799 ; clk          ; clk         ; 20.000       ; 0.121      ; 18.190     ;
; 1.943 ; InterCore_Ctrl:ICC_Inst|irq_core1                            ; RISCV_Core:Core_0|Core_Datapath:Datapath|Register_File:Register_inst|REG_MEM_BLOCK~799 ; clk          ; clk         ; 20.000       ; 0.121      ; 18.185     ;
; 1.957 ; RISCV_Core:Core_1|ie_status                                  ; RISCV_Core:Core_0|Core_Datapath:Datapath|Register_File:Register_inst|REG_MEM_BLOCK~671 ; clk          ; clk         ; 20.000       ; 0.138      ; 18.188     ;
; 1.962 ; InterCore_Ctrl:ICC_Inst|irq_core1                            ; RISCV_Core:Core_0|Core_Datapath:Datapath|Register_File:Register_inst|REG_MEM_BLOCK~671 ; clk          ; clk         ; 20.000       ; 0.138      ; 18.183     ;
; 2.009 ; RISCV_Core:Core_0|ie_status                                  ; RISCV_Core:Core_0|Core_Datapath:Datapath|Register_File:Register_inst|REG_MEM_BLOCK~799 ; clk          ; clk         ; 20.000       ; 0.153      ; 18.151     ;
; 2.028 ; RISCV_Core:Core_0|ie_status                                  ; RISCV_Core:Core_0|Core_Datapath:Datapath|Register_File:Register_inst|REG_MEM_BLOCK~671 ; clk          ; clk         ; 20.000       ; 0.170      ; 18.149     ;
; 2.067 ; RISCV_Core:Core_1|ie_status                                  ; RISCV_Core:Core_1|Core_Datapath:Datapath|Register_File:Register_inst|REG_MEM_BLOCK~767 ; clk          ; clk         ; 20.000       ; 0.126      ; 18.066     ;
; 2.070 ; RISCV_Core:Core_1|ie_status                                  ; RISCV_Core:Core_1|Core_Datapath:Datapath|Register_File:Register_inst|REG_MEM_BLOCK~479 ; clk          ; clk         ; 20.000       ; 0.149      ; 18.086     ;
; 2.072 ; InterCore_Ctrl:ICC_Inst|irq_core1                            ; RISCV_Core:Core_1|Core_Datapath:Datapath|Register_File:Register_inst|REG_MEM_BLOCK~767 ; clk          ; clk         ; 20.000       ; 0.126      ; 18.061     ;
; 2.075 ; InterCore_Ctrl:ICC_Inst|irq_core1                            ; RISCV_Core:Core_1|Core_Datapath:Datapath|Register_File:Register_inst|REG_MEM_BLOCK~479 ; clk          ; clk         ; 20.000       ; 0.149      ; 18.081     ;
; 2.081 ; RISCV_Core:Core_1|ie_status                                  ; RISCV_Core:Core_1|Core_Datapath:Datapath|Register_File:Register_inst|REG_MEM_BLOCK~895 ; clk          ; clk         ; 20.000       ; 0.141      ; 18.067     ;
; 2.083 ; RISCV_Core:Core_1|ie_status                                  ; RISCV_Core:Core_1|Core_Datapath:Datapath|Register_File:Register_inst|REG_MEM_BLOCK~447 ; clk          ; clk         ; 20.000       ; 0.163      ; 18.087     ;
; 2.085 ; InterCore_Ctrl:ICC_Inst|irq_core0                            ; RISCV_Core:Core_0|Core_Datapath:Datapath|Register_File:Register_inst|REG_MEM_BLOCK~799 ; clk          ; clk         ; 20.000       ; 0.153      ; 18.075     ;
; 2.086 ; InterCore_Ctrl:ICC_Inst|irq_core1                            ; RISCV_Core:Core_1|Core_Datapath:Datapath|Register_File:Register_inst|REG_MEM_BLOCK~895 ; clk          ; clk         ; 20.000       ; 0.141      ; 18.062     ;
; 2.088 ; InterCore_Ctrl:ICC_Inst|irq_core1                            ; RISCV_Core:Core_1|Core_Datapath:Datapath|Register_File:Register_inst|REG_MEM_BLOCK~447 ; clk          ; clk         ; 20.000       ; 0.163      ; 18.082     ;
; 2.092 ; RISCV_Core:Core_0|Core_Datapath:Datapath|PC:PC_inst|PCReg[9] ; RISCV_Core:Core_0|Core_Datapath:Datapath|Register_File:Register_inst|REG_MEM_BLOCK~799 ; clk          ; clk         ; 20.000       ; 0.154      ; 18.069     ;
; 2.104 ; InterCore_Ctrl:ICC_Inst|irq_core0                            ; RISCV_Core:Core_0|Core_Datapath:Datapath|Register_File:Register_inst|REG_MEM_BLOCK~671 ; clk          ; clk         ; 20.000       ; 0.170      ; 18.073     ;
; 2.111 ; RISCV_Core:Core_0|Core_Datapath:Datapath|PC:PC_inst|PCReg[9] ; RISCV_Core:Core_0|Core_Datapath:Datapath|Register_File:Register_inst|REG_MEM_BLOCK~671 ; clk          ; clk         ; 20.000       ; 0.171      ; 18.067     ;
; 2.116 ; RISCV_Core:Core_0|ie_status                                  ; RISCV_Core:Core_1|Core_Datapath:Datapath|Register_File:Register_inst|REG_MEM_BLOCK~767 ; clk          ; clk         ; 20.000       ; 0.136      ; 18.027     ;
; 2.116 ; RISCV_Core:Core_1|Core_Datapath:Datapath|PC:PC_inst|PCReg[4] ; RISCV_Core:Core_0|Core_Datapath:Datapath|Register_File:Register_inst|REG_MEM_BLOCK~799 ; clk          ; clk         ; 20.000       ; 0.122      ; 18.013     ;
; 2.119 ; RISCV_Core:Core_0|ie_status                                  ; RISCV_Core:Core_1|Core_Datapath:Datapath|Register_File:Register_inst|REG_MEM_BLOCK~479 ; clk          ; clk         ; 20.000       ; 0.159      ; 18.047     ;
; 2.125 ; RISCV_Core:Core_0|ie_status                                  ; RISCV_Core:Core_1|Core_Datapath:Datapath|Register_File:Register_inst|REG_MEM_BLOCK~877 ; clk          ; clk         ; 20.000       ; 0.124      ; 18.006     ;
; 2.128 ; RISCV_Core:Core_1|Core_Datapath:Datapath|PC:PC_inst|PCReg[6] ; RISCV_Core:Core_0|Core_Datapath:Datapath|Register_File:Register_inst|REG_MEM_BLOCK~799 ; clk          ; clk         ; 20.000       ; 0.122      ; 18.001     ;
; 2.130 ; RISCV_Core:Core_0|ie_status                                  ; RISCV_Core:Core_1|Core_Datapath:Datapath|Register_File:Register_inst|REG_MEM_BLOCK~895 ; clk          ; clk         ; 20.000       ; 0.151      ; 18.028     ;
; 2.132 ; RISCV_Core:Core_0|ie_status                                  ; RISCV_Core:Core_1|Core_Datapath:Datapath|Register_File:Register_inst|REG_MEM_BLOCK~447 ; clk          ; clk         ; 20.000       ; 0.173      ; 18.048     ;
; 2.135 ; RISCV_Core:Core_1|Core_Datapath:Datapath|PC:PC_inst|PCReg[4] ; RISCV_Core:Core_0|Core_Datapath:Datapath|Register_File:Register_inst|REG_MEM_BLOCK~671 ; clk          ; clk         ; 20.000       ; 0.139      ; 18.011     ;
; 2.142 ; RISCV_Core:Core_0|ie_status                                  ; RISCV_Core:Core_1|Core_Datapath:Datapath|Register_File:Register_inst|REG_MEM_BLOCK~749 ; clk          ; clk         ; 20.000       ; 0.138      ; 18.003     ;
; 2.147 ; RISCV_Core:Core_1|Core_Datapath:Datapath|PC:PC_inst|PCReg[6] ; RISCV_Core:Core_0|Core_Datapath:Datapath|Register_File:Register_inst|REG_MEM_BLOCK~671 ; clk          ; clk         ; 20.000       ; 0.139      ; 17.999     ;
; 2.149 ; RISCV_Core:Core_1|ie_status                                  ; RISCV_Core:Core_1|Core_Datapath:Datapath|Register_File:Register_inst|REG_MEM_BLOCK~511 ; clk          ; clk         ; 20.000       ; 0.121      ; 17.979     ;
; 2.154 ; InterCore_Ctrl:ICC_Inst|irq_core1                            ; RISCV_Core:Core_1|Core_Datapath:Datapath|Register_File:Register_inst|REG_MEM_BLOCK~511 ; clk          ; clk         ; 20.000       ; 0.121      ; 17.974     ;
; 2.163 ; RISCV_Core:Core_0|ie_status                                  ; RISCV_Core:Core_1|Core_Datapath:Datapath|Register_File:Register_inst|REG_MEM_BLOCK~213 ; clk          ; clk         ; 20.000       ; 0.157      ; 18.001     ;
; 2.165 ; RISCV_Core:Core_1|ie_status                                  ; RISCV_Core:Core_1|Core_Datapath:Datapath|Register_File:Register_inst|REG_MEM_BLOCK~415 ; clk          ; clk         ; 20.000       ; 0.137      ; 17.979     ;
; 2.170 ; InterCore_Ctrl:ICC_Inst|irq_core1                            ; RISCV_Core:Core_1|Core_Datapath:Datapath|Register_File:Register_inst|REG_MEM_BLOCK~415 ; clk          ; clk         ; 20.000       ; 0.137      ; 17.974     ;
; 2.171 ; RISCV_Core:Core_0|ie_status                                  ; RISCV_Core:Core_0|Core_Datapath:Datapath|Register_File:Register_inst|REG_MEM_BLOCK~418 ; clk          ; clk         ; 20.000       ; 0.159      ; 17.995     ;
; 2.175 ; RISCV_Core:Core_1|ie_status                                  ; RISCV_Core:Core_1|Core_Datapath:Datapath|Register_File:Register_inst|REG_MEM_BLOCK~959 ; clk          ; clk         ; 20.000       ; 0.129      ; 17.961     ;
; 2.176 ; RISCV_Core:Core_0|ie_status                                  ; RISCV_Core:Core_1|Core_Datapath:Datapath|Register_File:Register_inst|REG_MEM_BLOCK~181 ; clk          ; clk         ; 20.000       ; 0.171      ; 18.002     ;
; 2.177 ; RISCV_Core:Core_0|ie_status                                  ; RISCV_Core:Core_0|Core_Datapath:Datapath|Register_File:Register_inst|REG_MEM_BLOCK~981 ; clk          ; clk         ; 20.000       ; 0.176      ; 18.006     ;
; 2.179 ; RISCV_Core:Core_0|ie_status                                  ; RISCV_Core:Core_0|Core_Datapath:Datapath|Register_File:Register_inst|REG_MEM_BLOCK~597 ; clk          ; clk         ; 20.000       ; 0.179      ; 18.007     ;
; 2.180 ; InterCore_Ctrl:ICC_Inst|irq_core1                            ; RISCV_Core:Core_1|Core_Datapath:Datapath|Register_File:Register_inst|REG_MEM_BLOCK~959 ; clk          ; clk         ; 20.000       ; 0.129      ; 17.956     ;
; 2.184 ; RISCV_Core:Core_0|ie_status                                  ; RISCV_Core:Core_1|Core_Datapath:Datapath|Register_File:Register_inst|REG_MEM_BLOCK~469 ; clk          ; clk         ; 20.000       ; 0.166      ; 17.989     ;
; 2.185 ; RISCV_Core:Core_0|ie_status                                  ; RISCV_Core:Core_0|Core_Datapath:Datapath|Register_File:Register_inst|REG_MEM_BLOCK~450 ; clk          ; clk         ; 20.000       ; 0.173      ; 17.995     ;
; 2.189 ; RISCV_Core:Core_1|ie_status                                  ; RISCV_Core:Core_0|Core_Datapath:Datapath|Register_File:Register_inst|REG_MEM_BLOCK~991 ; clk          ; clk         ; 20.000       ; 0.126      ; 17.944     ;
; 2.191 ; RISCV_Core:Core_1|ie_status                                  ; RISCV_Core:Core_1|Core_Datapath:Datapath|Register_File:Register_inst|REG_MEM_BLOCK~991 ; clk          ; clk         ; 20.000       ; 0.136      ; 17.952     ;
; 2.192 ; InterCore_Ctrl:ICC_Inst|irq_core0                            ; RISCV_Core:Core_1|Core_Datapath:Datapath|Register_File:Register_inst|REG_MEM_BLOCK~767 ; clk          ; clk         ; 20.000       ; 0.136      ; 17.951     ;
; 2.193 ; RISCV_Core:Core_0|ie_status                                  ; RISCV_Core:Core_0|Core_Datapath:Datapath|Register_File:Register_inst|REG_MEM_BLOCK~85  ; clk          ; clk         ; 20.000       ; 0.183      ; 17.997     ;
; 2.194 ; InterCore_Ctrl:ICC_Inst|irq_core1                            ; RISCV_Core:Core_0|Core_Datapath:Datapath|Register_File:Register_inst|REG_MEM_BLOCK~991 ; clk          ; clk         ; 20.000       ; 0.126      ; 17.939     ;
; 2.195 ; InterCore_Ctrl:ICC_Inst|irq_core0                            ; RISCV_Core:Core_1|Core_Datapath:Datapath|Register_File:Register_inst|REG_MEM_BLOCK~479 ; clk          ; clk         ; 20.000       ; 0.159      ; 17.971     ;
; 2.196 ; RISCV_Core:Core_1|ie_status                                  ; RISCV_Core:Core_1|Core_Datapath:Datapath|Register_File:Register_inst|REG_MEM_BLOCK~575 ; clk          ; clk         ; 20.000       ; 0.155      ; 17.966     ;
; 2.196 ; InterCore_Ctrl:ICC_Inst|irq_core1                            ; RISCV_Core:Core_1|Core_Datapath:Datapath|Register_File:Register_inst|REG_MEM_BLOCK~991 ; clk          ; clk         ; 20.000       ; 0.136      ; 17.947     ;
; 2.198 ; RISCV_Core:Core_0|ie_status                                  ; RISCV_Core:Core_1|Core_Datapath:Datapath|Register_File:Register_inst|REG_MEM_BLOCK~511 ; clk          ; clk         ; 20.000       ; 0.131      ; 17.940     ;
; 2.198 ; RISCV_Core:Core_0|ie_status                                  ; RISCV_Core:Core_1|Core_Datapath:Datapath|Register_File:Register_inst|REG_MEM_BLOCK~437 ; clk          ; clk         ; 20.000       ; 0.180      ; 17.989     ;
; 2.199 ; RISCV_Core:Core_0|Core_Datapath:Datapath|PC:PC_inst|PCReg[9] ; RISCV_Core:Core_1|Core_Datapath:Datapath|Register_File:Register_inst|REG_MEM_BLOCK~767 ; clk          ; clk         ; 20.000       ; 0.137      ; 17.945     ;
; 2.201 ; InterCore_Ctrl:ICC_Inst|irq_core1                            ; RISCV_Core:Core_1|Core_Datapath:Datapath|Register_File:Register_inst|REG_MEM_BLOCK~575 ; clk          ; clk         ; 20.000       ; 0.155      ; 17.961     ;
; 2.201 ; InterCore_Ctrl:ICC_Inst|irq_core0                            ; RISCV_Core:Core_1|Core_Datapath:Datapath|Register_File:Register_inst|REG_MEM_BLOCK~877 ; clk          ; clk         ; 20.000       ; 0.124      ; 17.930     ;
; 2.202 ; RISCV_Core:Core_0|Core_Datapath:Datapath|PC:PC_inst|PCReg[9] ; RISCV_Core:Core_1|Core_Datapath:Datapath|Register_File:Register_inst|REG_MEM_BLOCK~479 ; clk          ; clk         ; 20.000       ; 0.160      ; 17.965     ;
; 2.205 ; RISCV_Core:Core_0|ie_status                                  ; RISCV_Core:Core_0|Core_Datapath:Datapath|Register_File:Register_inst|REG_MEM_BLOCK~98  ; clk          ; clk         ; 20.000       ; 0.152      ; 17.954     ;
; 2.205 ; RISCV_Core:Core_1|ie_status                                  ; RISCV_Core:Core_0|Core_Datapath:Datapath|Register_File:Register_inst|REG_MEM_BLOCK~607 ; clk          ; clk         ; 20.000       ; 0.140      ; 17.942     ;
; 2.206 ; InterCore_Ctrl:ICC_Inst|irq_core0                            ; RISCV_Core:Core_1|Core_Datapath:Datapath|Register_File:Register_inst|REG_MEM_BLOCK~895 ; clk          ; clk         ; 20.000       ; 0.151      ; 17.952     ;
; 2.208 ; RISCV_Core:Core_0|ie_status                                  ; RISCV_Core:Core_1|Core_Datapath:Datapath|Register_File:Register_inst|REG_MEM_BLOCK~397 ; clk          ; clk         ; 20.000       ; 0.137      ; 17.936     ;
; 2.208 ; RISCV_Core:Core_0|Core_Datapath:Datapath|PC:PC_inst|PCReg[9] ; RISCV_Core:Core_1|Core_Datapath:Datapath|Register_File:Register_inst|REG_MEM_BLOCK~877 ; clk          ; clk         ; 20.000       ; 0.125      ; 17.924     ;
; 2.208 ; InterCore_Ctrl:ICC_Inst|irq_core0                            ; RISCV_Core:Core_1|Core_Datapath:Datapath|Register_File:Register_inst|REG_MEM_BLOCK~447 ; clk          ; clk         ; 20.000       ; 0.173      ; 17.972     ;
; 2.210 ; InterCore_Ctrl:ICC_Inst|irq_core1                            ; RISCV_Core:Core_0|Core_Datapath:Datapath|Register_File:Register_inst|REG_MEM_BLOCK~607 ; clk          ; clk         ; 20.000       ; 0.140      ; 17.937     ;
; 2.211 ; RISCV_Core:Core_1|ie_status                                  ; RISCV_Core:Core_1|Core_Datapath:Datapath|Register_File:Register_inst|REG_MEM_BLOCK~863 ; clk          ; clk         ; 20.000       ; 0.152      ; 17.948     ;
; 2.212 ; RISCV_Core:Core_1|ie_status                                  ; RISCV_Core:Core_1|Core_Datapath:Datapath|Register_File:Register_inst|REG_MEM_BLOCK~383 ; clk          ; clk         ; 20.000       ; 0.138      ; 17.933     ;
; 2.213 ; RISCV_Core:Core_0|Core_Datapath:Datapath|PC:PC_inst|PCReg[9] ; RISCV_Core:Core_1|Core_Datapath:Datapath|Register_File:Register_inst|REG_MEM_BLOCK~895 ; clk          ; clk         ; 20.000       ; 0.152      ; 17.946     ;
; 2.214 ; RISCV_Core:Core_0|ie_status                                  ; RISCV_Core:Core_0|Core_Datapath:Datapath|Register_File:Register_inst|REG_MEM_BLOCK~213 ; clk          ; clk         ; 20.000       ; 0.157      ; 17.950     ;
; 2.214 ; RISCV_Core:Core_0|ie_status                                  ; RISCV_Core:Core_1|Core_Datapath:Datapath|Register_File:Register_inst|REG_MEM_BLOCK~415 ; clk          ; clk         ; 20.000       ; 0.147      ; 17.940     ;
; 2.215 ; RISCV_Core:Core_0|Core_Datapath:Datapath|PC:PC_inst|PCReg[9] ; RISCV_Core:Core_1|Core_Datapath:Datapath|Register_File:Register_inst|REG_MEM_BLOCK~447 ; clk          ; clk         ; 20.000       ; 0.174      ; 17.966     ;
; 2.216 ; InterCore_Ctrl:ICC_Inst|irq_core1                            ; RISCV_Core:Core_1|Core_Datapath:Datapath|Register_File:Register_inst|REG_MEM_BLOCK~863 ; clk          ; clk         ; 20.000       ; 0.152      ; 17.943     ;
; 2.217 ; RISCV_Core:Core_0|Core_Datapath:Datapath|PC:PC_inst|PCReg[6] ; RISCV_Core:Core_0|Core_Datapath:Datapath|Register_File:Register_inst|REG_MEM_BLOCK~799 ; clk          ; clk         ; 20.000       ; 0.154      ; 17.944     ;
; 2.217 ; InterCore_Ctrl:ICC_Inst|irq_core1                            ; RISCV_Core:Core_1|Core_Datapath:Datapath|Register_File:Register_inst|REG_MEM_BLOCK~383 ; clk          ; clk         ; 20.000       ; 0.138      ; 17.928     ;
; 2.218 ; InterCore_Ctrl:ICC_Inst|irq_core0                            ; RISCV_Core:Core_1|Core_Datapath:Datapath|Register_File:Register_inst|REG_MEM_BLOCK~749 ; clk          ; clk         ; 20.000       ; 0.138      ; 17.927     ;
; 2.219 ; RISCV_Core:Core_0|ie_status                                  ; RISCV_Core:Core_0|Core_Datapath:Datapath|Register_File:Register_inst|REG_MEM_BLOCK~706 ; clk          ; clk         ; 20.000       ; 0.159      ; 17.947     ;
; 2.219 ; RISCV_Core:Core_0|ie_status                                  ; RISCV_Core:Core_0|Core_Datapath:Datapath|Register_File:Register_inst|REG_MEM_BLOCK~2   ; clk          ; clk         ; 20.000       ; 0.168      ; 17.956     ;
; 2.220 ; RISCV_Core:Core_0|ie_status                                  ; RISCV_Core:Core_0|Core_Datapath:Datapath|Register_File:Register_inst|REG_MEM_BLOCK~757 ; clk          ; clk         ; 20.000       ; 0.162      ; 17.949     ;
; 2.223 ; RISCV_Core:Core_1|ie_status                                  ; RISCV_Core:Core_1|Core_Datapath:Datapath|Register_File:Register_inst|REG_MEM_BLOCK~877 ; clk          ; clk         ; 20.000       ; 0.114      ; 17.898     ;
; 2.223 ; RISCV_Core:Core_1|ie_status                                  ; RISCV_Core:Core_1|Core_Datapath:Datapath|Register_File:Register_inst|REG_MEM_BLOCK~319 ; clk          ; clk         ; 20.000       ; 0.151      ; 17.935     ;
; 2.224 ; RISCV_Core:Core_0|ie_status                                  ; RISCV_Core:Core_0|Core_Datapath:Datapath|Register_File:Register_inst|REG_MEM_BLOCK~501 ; clk          ; clk         ; 20.000       ; 0.153      ; 17.936     ;
; 2.224 ; RISCV_Core:Core_0|ie_status                                  ; RISCV_Core:Core_1|Core_Datapath:Datapath|Register_File:Register_inst|REG_MEM_BLOCK~959 ; clk          ; clk         ; 20.000       ; 0.139      ; 17.922     ;
; 2.224 ; RISCV_Core:Core_0|ie_status                                  ; RISCV_Core:Core_1|Core_Datapath:Datapath|Register_File:Register_inst|REG_MEM_BLOCK~461 ; clk          ; clk         ; 20.000       ; 0.151      ; 17.934     ;
; 2.225 ; RISCV_Core:Core_0|Core_Datapath:Datapath|PC:PC_inst|PCReg[9] ; RISCV_Core:Core_1|Core_Datapath:Datapath|Register_File:Register_inst|REG_MEM_BLOCK~749 ; clk          ; clk         ; 20.000       ; 0.139      ; 17.921     ;
; 2.226 ; RISCV_Core:Core_0|ie_status                                  ; RISCV_Core:Core_0|Core_Datapath:Datapath|Register_File:Register_inst|REG_MEM_BLOCK~181 ; clk          ; clk         ; 20.000       ; 0.171      ; 17.952     ;
; 2.226 ; RISCV_Core:Core_0|ie_status                                  ; RISCV_Core:Core_1|Core_Datapath:Datapath|Register_File:Register_inst|REG_MEM_BLOCK~373 ; clk          ; clk         ; 20.000       ; 0.154      ; 17.935     ;
; 2.227 ; RISCV_Core:Core_0|ie_status                                  ; RISCV_Core:Core_1|Core_Datapath:Datapath|Register_File:Register_inst|REG_MEM_BLOCK~341 ; clk          ; clk         ; 20.000       ; 0.143      ; 17.923     ;
; 2.227 ; RISCV_Core:Core_1|ie_status                                  ; RISCV_Core:Core_0|Core_Datapath:Datapath|Register_File:Register_inst|REG_MEM_BLOCK~418 ; clk          ; clk         ; 20.000       ; 0.138      ; 17.918     ;
; 2.228 ; InterCore_Ctrl:ICC_Inst|irq_core1                            ; RISCV_Core:Core_1|Core_Datapath:Datapath|Register_File:Register_inst|REG_MEM_BLOCK~877 ; clk          ; clk         ; 20.000       ; 0.114      ; 17.893     ;
; 2.228 ; InterCore_Ctrl:ICC_Inst|irq_core1                            ; RISCV_Core:Core_1|Core_Datapath:Datapath|Register_File:Register_inst|REG_MEM_BLOCK~319 ; clk          ; clk         ; 20.000       ; 0.151      ; 17.930     ;
; 2.229 ; RISCV_Core:Core_0|ie_status                                  ; RISCV_Core:Core_0|Core_Datapath:Datapath|Register_File:Register_inst|REG_MEM_BLOCK~226 ; clk          ; clk         ; 20.000       ; 0.138      ; 17.916     ;
; 2.232 ; InterCore_Ctrl:ICC_Inst|irq_core1                            ; RISCV_Core:Core_0|Core_Datapath:Datapath|Register_File:Register_inst|REG_MEM_BLOCK~418 ; clk          ; clk         ; 20.000       ; 0.138      ; 17.913     ;
; 2.234 ; RISCV_Core:Core_1|ie_status                                  ; RISCV_Core:Core_0|Core_Datapath:Datapath|Register_File:Register_inst|REG_MEM_BLOCK~383 ; clk          ; clk         ; 20.000       ; 0.114      ; 17.887     ;
; 2.236 ; RISCV_Core:Core_0|ie_status                                  ; RISCV_Core:Core_0|Core_Datapath:Datapath|Register_File:Register_inst|REG_MEM_BLOCK~885 ; clk          ; clk         ; 20.000       ; 0.178      ; 17.949     ;
; 2.236 ; RISCV_Core:Core_0|Core_Datapath:Datapath|PC:PC_inst|PCReg[6] ; RISCV_Core:Core_0|Core_Datapath:Datapath|Register_File:Register_inst|REG_MEM_BLOCK~671 ; clk          ; clk         ; 20.000       ; 0.171      ; 17.942     ;
; 2.239 ; InterCore_Ctrl:ICC_Inst|irq_core0                            ; RISCV_Core:Core_1|Core_Datapath:Datapath|Register_File:Register_inst|REG_MEM_BLOCK~213 ; clk          ; clk         ; 20.000       ; 0.157      ; 17.925     ;
; 2.239 ; InterCore_Ctrl:ICC_Inst|irq_core1                            ; RISCV_Core:Core_0|Core_Datapath:Datapath|Register_File:Register_inst|REG_MEM_BLOCK~383 ; clk          ; clk         ; 20.000       ; 0.114      ; 17.882     ;
; 2.240 ; RISCV_Core:Core_1|ie_status                                  ; RISCV_Core:Core_1|Core_Datapath:Datapath|Register_File:Register_inst|REG_MEM_BLOCK~749 ; clk          ; clk         ; 20.000       ; 0.128      ; 17.895     ;
; 2.240 ; RISCV_Core:Core_0|ie_status                                  ; RISCV_Core:Core_1|Core_Datapath:Datapath|Register_File:Register_inst|REG_MEM_BLOCK~991 ; clk          ; clk         ; 20.000       ; 0.146      ; 17.913     ;
; 2.240 ; RISCV_Core:Core_0|ie_status                                  ; RISCV_Core:Core_1|Core_Datapath:Datapath|Register_File:Register_inst|REG_MEM_BLOCK~309 ; clk          ; clk         ; 20.000       ; 0.169      ; 17.936     ;
; 2.241 ; RISCV_Core:Core_1|ie_status                                  ; RISCV_Core:Core_0|Core_Datapath:Datapath|Register_File:Register_inst|REG_MEM_BLOCK~450 ; clk          ; clk         ; 20.000       ; 0.152      ; 17.918     ;
; 2.242 ; RISCV_Core:Core_0|ie_status                                  ; RISCV_Core:Core_0|Core_Datapath:Datapath|Register_File:Register_inst|REG_MEM_BLOCK~405 ; clk          ; clk         ; 20.000       ; 0.168      ; 17.933     ;
; 2.243 ; RISCV_Core:Core_0|ie_status                                  ; RISCV_Core:Core_0|Core_Datapath:Datapath|Register_File:Register_inst|REG_MEM_BLOCK~162 ; clk          ; clk         ; 20.000       ; 0.153      ; 17.917     ;
+-------+--------------------------------------------------------------+----------------------------------------------------------------------------------------+--------------+-------------+--------------+------------+------------+


+--------------------------------------------------------------------------------------------------------------------------------------------------------------------------------------------------------------------------------------+
; Fast 1200mV 0C Model Hold: 'clk'                                                                                                                                                                                                     ;
+-------+---------------------------------------------------------------+----------------------------------------------------------------------------------------+--------------+-------------+--------------+------------+------------+
; Slack ; From Node                                                     ; To Node                                                                                ; Launch Clock ; Latch Clock ; Relationship ; Clock Skew ; Data Delay ;
+-------+---------------------------------------------------------------+----------------------------------------------------------------------------------------+--------------+-------------+--------------+------------+------------+
; 0.177 ; crossbar_2x3:Interconnect|rr_s0                               ; crossbar_2x3:Interconnect|rr_s0                                                        ; clk          ; clk         ; 0.000        ; 0.046      ; 0.307      ;
; 0.177 ; crossbar_2x3:Interconnect|rr_s1                               ; crossbar_2x3:Interconnect|rr_s1                                                        ; clk          ; clk         ; 0.000        ; 0.046      ; 0.307      ;
; 0.177 ; crossbar_2x3:Interconnect|rr_s2                               ; crossbar_2x3:Interconnect|rr_s2                                                        ; clk          ; clk         ; 0.000        ; 0.046      ; 0.307      ;
; 0.185 ; RISCV_Core:Core_1|mepc_reg[2]                                 ; RISCV_Core:Core_1|mepc_reg[2]                                                          ; clk          ; clk         ; 0.000        ; 0.038      ; 0.307      ;
; 0.185 ; InterCore_Ctrl:ICC_Inst|mutex_lock                            ; InterCore_Ctrl:ICC_Inst|mutex_lock                                                     ; clk          ; clk         ; 0.000        ; 0.038      ; 0.307      ;
; 0.185 ; InterCore_Ctrl:ICC_Inst|irq_core1                             ; InterCore_Ctrl:ICC_Inst|irq_core1                                                      ; clk          ; clk         ; 0.000        ; 0.038      ; 0.307      ;
; 0.185 ; RISCV_Core:Core_1|ie_status                                   ; RISCV_Core:Core_1|ie_status                                                            ; clk          ; clk         ; 0.000        ; 0.038      ; 0.307      ;
; 0.186 ; RISCV_Core:Core_0|ie_status                                   ; RISCV_Core:Core_0|ie_status                                                            ; clk          ; clk         ; 0.000        ; 0.037      ; 0.307      ;
; 0.186 ; RISCV_Core:Core_0|mepc_reg[2]                                 ; RISCV_Core:Core_0|mepc_reg[2]                                                          ; clk          ; clk         ; 0.000        ; 0.037      ; 0.307      ;
; 0.186 ; InterCore_Ctrl:ICC_Inst|irq_core0                             ; InterCore_Ctrl:ICC_Inst|irq_core0                                                      ; clk          ; clk         ; 0.000        ; 0.037      ; 0.307      ;
; 0.330 ; RISCV_Core:Core_1|Core_Datapath:Datapath|PC:PC_inst|PCReg[2]  ; RISCV_Core:Core_1|mepc_reg[2]                                                          ; clk          ; clk         ; 0.000        ; 0.038      ; 0.452      ;
; 0.333 ; InterCore_Ctrl:ICC_Inst|irq_core1                             ; RISCV_Core:Core_1|ie_status                                                            ; clk          ; clk         ; 0.000        ; 0.038      ; 0.455      ;
; 0.342 ; InterCore_Ctrl:ICC_Inst|irq_core0                             ; RISCV_Core:Core_0|ie_status                                                            ; clk          ; clk         ; 0.000        ; 0.037      ; 0.463      ;
; 0.345 ; RISCV_Core:Core_0|Core_Datapath:Datapath|PC:PC_inst|PCReg[2]  ; RISCV_Core:Core_0|mepc_reg[2]                                                          ; clk          ; clk         ; 0.000        ; 0.037      ; 0.466      ;
; 0.535 ; RISCV_Core:Core_0|Core_Datapath:Datapath|PC:PC_inst|PCReg[7]  ; RISCV_Core:Core_0|mepc_reg[2]                                                          ; clk          ; clk         ; 0.000        ; 0.037      ; 0.656      ;
; 0.543 ; RISCV_Core:Core_0|Core_Datapath:Datapath|PC:PC_inst|PCReg[24] ; RISCV_Core:Core_0|Core_Datapath:Datapath|PC:PC_inst|PCReg[24]                          ; clk          ; clk         ; 0.000        ; 0.037      ; 0.664      ;
; 0.546 ; RISCV_Core:Core_1|Core_Datapath:Datapath|PC:PC_inst|PCReg[14] ; RISCV_Core:Core_1|Core_Datapath:Datapath|PC:PC_inst|PCReg[14]                          ; clk          ; clk         ; 0.000        ; 0.038      ; 0.668      ;
; 0.550 ; RISCV_Core:Core_1|Core_Datapath:Datapath|PC:PC_inst|PCReg[3]  ; RISCV_Core:Core_1|ie_status                                                            ; clk          ; clk         ; 0.000        ; 0.038      ; 0.672      ;
; 0.561 ; RISCV_Core:Core_1|Core_Datapath:Datapath|PC:PC_inst|PCReg[8]  ; RISCV_Core:Core_1|ie_status                                                            ; clk          ; clk         ; 0.000        ; 0.039      ; 0.684      ;
; 0.583 ; RISCV_Core:Core_0|ie_status                                   ; RISCV_Core:Core_0|mepc_reg[2]                                                          ; clk          ; clk         ; 0.000        ; 0.037      ; 0.704      ;
; 0.585 ; RISCV_Core:Core_1|Core_Datapath:Datapath|PC:PC_inst|PCReg[3]  ; RISCV_Core:Core_1|mepc_reg[2]                                                          ; clk          ; clk         ; 0.000        ; 0.037      ; 0.706      ;
; 0.585 ; RISCV_Core:Core_0|Core_Datapath:Datapath|PC:PC_inst|PCReg[8]  ; RISCV_Core:Core_0|mepc_reg[2]                                                          ; clk          ; clk         ; 0.000        ; 0.037      ; 0.706      ;
; 0.596 ; RISCV_Core:Core_1|Core_Datapath:Datapath|PC:PC_inst|PCReg[8]  ; RISCV_Core:Core_1|mepc_reg[2]                                                          ; clk          ; clk         ; 0.000        ; 0.038      ; 0.718      ;
; 0.607 ; RISCV_Core:Core_1|ie_status                                   ; RISCV_Core:Core_1|mepc_reg[2]                                                          ; clk          ; clk         ; 0.000        ; 0.037      ; 0.728      ;
; 0.620 ; InterCore_Ctrl:ICC_Inst|irq_core0                             ; RISCV_Core:Core_0|mepc_reg[2]                                                          ; clk          ; clk         ; 0.000        ; 0.037      ; 0.741      ;
; 0.634 ; InterCore_Ctrl:ICC_Inst|irq_core1                             ; RISCV_Core:Core_1|mepc_reg[2]                                                          ; clk          ; clk         ; 0.000        ; 0.037      ; 0.755      ;
; 0.643 ; RISCV_Core:Core_1|Core_Datapath:Datapath|PC:PC_inst|PCReg[5]  ; RISCV_Core:Core_1|ie_status                                                            ; clk          ; clk         ; 0.000        ; 0.038      ; 0.765      ;
; 0.661 ; RISCV_Core:Core_0|Core_Datapath:Datapath|PC:PC_inst|PCReg[19] ; RISCV_Core:Core_0|Core_Datapath:Datapath|PC:PC_inst|PCReg[19]                          ; clk          ; clk         ; 0.000        ; 0.037      ; 0.782      ;
; 0.679 ; RISCV_Core:Core_1|Core_Datapath:Datapath|PC:PC_inst|PCReg[5]  ; RISCV_Core:Core_1|mepc_reg[2]                                                          ; clk          ; clk         ; 0.000        ; 0.037      ; 0.800      ;
; 0.699 ; RISCV_Core:Core_0|Core_Datapath:Datapath|PC:PC_inst|PCReg[4]  ; RISCV_Core:Core_0|mepc_reg[2]                                                          ; clk          ; clk         ; 0.000        ; 0.037      ; 0.820      ;
; 0.701 ; RISCV_Core:Core_0|Core_Datapath:Datapath|PC:PC_inst|PCReg[14] ; RISCV_Core:Core_0|Core_Datapath:Datapath|PC:PC_inst|PCReg[14]                          ; clk          ; clk         ; 0.000        ; 0.037      ; 0.822      ;
; 0.716 ; RISCV_Core:Core_1|Core_Datapath:Datapath|PC:PC_inst|PCReg[7]  ; RISCV_Core:Core_1|ie_status                                                            ; clk          ; clk         ; 0.000        ; 0.038      ; 0.838      ;
; 0.717 ; RISCV_Core:Core_1|Core_Datapath:Datapath|PC:PC_inst|PCReg[25] ; RISCV_Core:Core_1|Core_Datapath:Datapath|PC:PC_inst|PCReg[25]                          ; clk          ; clk         ; 0.000        ; 0.037      ; 0.838      ;
; 0.747 ; RISCV_Core:Core_1|Core_Datapath:Datapath|PC:PC_inst|PCReg[16] ; RISCV_Core:Core_1|Core_Datapath:Datapath|PC:PC_inst|PCReg[16]                          ; clk          ; clk         ; 0.000        ; 0.038      ; 0.869      ;
; 0.751 ; RISCV_Core:Core_1|Core_Datapath:Datapath|PC:PC_inst|PCReg[7]  ; RISCV_Core:Core_1|mepc_reg[2]                                                          ; clk          ; clk         ; 0.000        ; 0.037      ; 0.872      ;
; 0.757 ; RISCV_Core:Core_1|ie_status                                   ; RISCV_Core:Core_1|mepc_reg[8]                                                          ; clk          ; clk         ; 0.000        ; 0.037      ; 0.878      ;
; 0.781 ; RISCV_Core:Core_0|Core_Datapath:Datapath|PC:PC_inst|PCReg[22] ; RISCV_Core:Core_0|Core_Datapath:Datapath|PC:PC_inst|PCReg[24]                          ; clk          ; clk         ; 0.000        ; 0.036      ; 0.901      ;
; 0.782 ; RISCV_Core:Core_0|Core_Datapath:Datapath|PC:PC_inst|PCReg[7]  ; RISCV_Core:Core_0|ie_status                                                            ; clk          ; clk         ; 0.000        ; 0.037      ; 0.903      ;
; 0.783 ; RISCV_Core:Core_0|Core_Datapath:Datapath|PC:PC_inst|PCReg[5]  ; RISCV_Core:Core_0|mepc_reg[2]                                                          ; clk          ; clk         ; 0.000        ; 0.038      ; 0.905      ;
; 0.784 ; RISCV_Core:Core_1|Core_Datapath:Datapath|PC:PC_inst|PCReg[2]  ; RISCV_Core:Core_1|ie_status                                                            ; clk          ; clk         ; 0.000        ; 0.039      ; 0.907      ;
; 0.793 ; RISCV_Core:Core_0|Core_Datapath:Datapath|PC:PC_inst|PCReg[11] ; RISCV_Core:Core_0|Core_Datapath:Datapath|PC:PC_inst|PCReg[11]                          ; clk          ; clk         ; 0.000        ; 0.037      ; 0.914      ;
; 0.796 ; RISCV_Core:Core_0|Core_Datapath:Datapath|PC:PC_inst|PCReg[27] ; RISCV_Core:Core_0|Core_Datapath:Datapath|PC:PC_inst|PCReg[27]                          ; clk          ; clk         ; 0.000        ; 0.037      ; 0.917      ;
; 0.803 ; RISCV_Core:Core_0|Core_Datapath:Datapath|PC:PC_inst|PCReg[22] ; RISCV_Core:Core_0|Core_Datapath:Datapath|PC:PC_inst|PCReg[22]                          ; clk          ; clk         ; 0.000        ; 0.037      ; 0.924      ;
; 0.804 ; RISCV_Core:Core_0|Core_Datapath:Datapath|PC:PC_inst|PCReg[10] ; RISCV_Core:Core_0|Core_Datapath:Datapath|PC:PC_inst|PCReg[10]                          ; clk          ; clk         ; 0.000        ; 0.037      ; 0.925      ;
; 0.807 ; RISCV_Core:Core_0|Core_Datapath:Datapath|PC:PC_inst|PCReg[18] ; RISCV_Core:Core_0|Core_Datapath:Datapath|PC:PC_inst|PCReg[18]                          ; clk          ; clk         ; 0.000        ; 0.037      ; 0.928      ;
; 0.817 ; RISCV_Core:Core_1|Core_Datapath:Datapath|PC:PC_inst|PCReg[9]  ; RISCV_Core:Core_1|ie_status                                                            ; clk          ; clk         ; 0.000        ; 0.038      ; 0.939      ;
; 0.820 ; RISCV_Core:Core_0|Core_Datapath:Datapath|PC:PC_inst|PCReg[13] ; RISCV_Core:Core_0|Core_Datapath:Datapath|PC:PC_inst|PCReg[13]                          ; clk          ; clk         ; 0.000        ; 0.037      ; 0.941      ;
; 0.822 ; RISCV_Core:Core_0|Core_Datapath:Datapath|PC:PC_inst|PCReg[20] ; RISCV_Core:Core_0|Core_Datapath:Datapath|PC:PC_inst|PCReg[20]                          ; clk          ; clk         ; 0.000        ; 0.037      ; 0.943      ;
; 0.841 ; RISCV_Core:Core_0|Core_Datapath:Datapath|PC:PC_inst|PCReg[18] ; RISCV_Core:Core_0|Core_Datapath:Datapath|PC:PC_inst|PCReg[19]                          ; clk          ; clk         ; 0.000        ; 0.037      ; 0.962      ;
; 0.842 ; RISCV_Core:Core_0|Core_Datapath:Datapath|PC:PC_inst|PCReg[3]  ; RISCV_Core:Core_0|mepc_reg[2]                                                          ; clk          ; clk         ; 0.000        ; 0.037      ; 0.963      ;
; 0.843 ; RISCV_Core:Core_0|Core_Datapath:Datapath|PC:PC_inst|PCReg[8]  ; RISCV_Core:Core_0|ie_status                                                            ; clk          ; clk         ; 0.000        ; 0.037      ; 0.964      ;
; 0.847 ; RISCV_Core:Core_0|Core_Datapath:Datapath|PC:PC_inst|PCReg[31] ; RISCV_Core:Core_0|Core_Datapath:Datapath|PC:PC_inst|PCReg[31]                          ; clk          ; clk         ; 0.000        ; 0.037      ; 0.968      ;
; 0.847 ; RISCV_Core:Core_0|Core_Datapath:Datapath|PC:PC_inst|PCReg[20] ; RISCV_Core:Core_0|Core_Datapath:Datapath|PC:PC_inst|PCReg[24]                          ; clk          ; clk         ; 0.000        ; 0.036      ; 0.967      ;
; 0.853 ; RISCV_Core:Core_1|Core_Datapath:Datapath|PC:PC_inst|PCReg[9]  ; RISCV_Core:Core_1|mepc_reg[2]                                                          ; clk          ; clk         ; 0.000        ; 0.037      ; 0.974      ;
; 0.854 ; RISCV_Core:Core_1|Core_Datapath:Datapath|PC:PC_inst|PCReg[30] ; RISCV_Core:Core_1|Core_Datapath:Datapath|PC:PC_inst|PCReg[30]                          ; clk          ; clk         ; 0.000        ; 0.038      ; 0.976      ;
; 0.859 ; InterCore_Ctrl:ICC_Inst|irq_core1                             ; RISCV_Core:Core_1|mepc_reg[8]                                                          ; clk          ; clk         ; 0.000        ; 0.037      ; 0.980      ;
; 0.862 ; InterCore_Ctrl:ICC_Inst|irq_core0                             ; RISCV_Core:Core_0|mepc_reg[8]                                                          ; clk          ; clk         ; 0.000        ; 0.036      ; 0.982      ;
; 0.876 ; RISCV_Core:Core_0|Core_Datapath:Datapath|PC:PC_inst|PCReg[29] ; RISCV_Core:Core_0|Core_Datapath:Datapath|PC:PC_inst|PCReg[29]                          ; clk          ; clk         ; 0.000        ; 0.037      ; 0.997      ;
; 0.887 ; RISCV_Core:Core_1|Core_Datapath:Datapath|PC:PC_inst|PCReg[25] ; RISCV_Core:Core_1|Core_Datapath:Datapath|PC:PC_inst|PCReg[26]                          ; clk          ; clk         ; 0.000        ; 0.038      ; 1.009      ;
; 0.887 ; RISCV_Core:Core_0|Core_Datapath:Datapath|PC:PC_inst|PCReg[19] ; RISCV_Core:Core_0|Core_Datapath:Datapath|PC:PC_inst|PCReg[24]                          ; clk          ; clk         ; 0.000        ; 0.036      ; 1.007      ;
; 0.894 ; RISCV_Core:Core_0|Core_Datapath:Datapath|PC:PC_inst|PCReg[11] ; RISCV_Core:Core_0|Core_Datapath:Datapath|PC:PC_inst|PCReg[14]                          ; clk          ; clk         ; 0.000        ; 0.037      ; 1.015      ;
; 0.902 ; RISCV_Core:Core_0|Core_Datapath:Datapath|PC:PC_inst|PCReg[10] ; RISCV_Core:Core_0|Core_Datapath:Datapath|PC:PC_inst|PCReg[14]                          ; clk          ; clk         ; 0.000        ; 0.037      ; 1.023      ;
; 0.910 ; RISCV_Core:Core_1|Core_Datapath:Datapath|PC:PC_inst|PCReg[26] ; RISCV_Core:Core_1|Core_Datapath:Datapath|PC:PC_inst|PCReg[26]                          ; clk          ; clk         ; 0.000        ; 0.037      ; 1.031      ;
; 0.910 ; RISCV_Core:Core_0|ie_status                                   ; RISCV_Core:Core_0|mepc_reg[8]                                                          ; clk          ; clk         ; 0.000        ; 0.036      ; 1.030      ;
; 0.921 ; RISCV_Core:Core_0|Core_Datapath:Datapath|PC:PC_inst|PCReg[18] ; RISCV_Core:Core_0|Core_Datapath:Datapath|PC:PC_inst|PCReg[24]                          ; clk          ; clk         ; 0.000        ; 0.036      ; 1.041      ;
; 0.922 ; RISCV_Core:Core_0|Core_Datapath:Datapath|PC:PC_inst|PCReg[24] ; RISCV_Core:Core_0|Core_Datapath:Datapath|PC:PC_inst|PCReg[25]                          ; clk          ; clk         ; 0.000        ; 0.045      ; 1.051      ;
; 0.925 ; RISCV_Core:Core_0|Core_Datapath:Datapath|PC:PC_inst|PCReg[16] ; RISCV_Core:Core_0|Core_Datapath:Datapath|PC:PC_inst|PCReg[19]                          ; clk          ; clk         ; 0.000        ; 0.020      ; 1.029      ;
; 0.926 ; RISCV_Core:Core_0|Core_Datapath:Datapath|PC:PC_inst|PCReg[16] ; RISCV_Core:Core_0|Core_Datapath:Datapath|PC:PC_inst|PCReg[16]                          ; clk          ; clk         ; 0.000        ; 0.037      ; 1.047      ;
; 0.926 ; RISCV_Core:Core_0|Core_Datapath:Datapath|PC:PC_inst|PCReg[13] ; RISCV_Core:Core_0|Core_Datapath:Datapath|PC:PC_inst|PCReg[14]                          ; clk          ; clk         ; 0.000        ; 0.037      ; 1.047      ;
; 0.928 ; RISCV_Core:Core_1|Core_Datapath:Datapath|PC:PC_inst|PCReg[16] ; RISCV_Core:Core_1|Core_Datapath:Datapath|PC:PC_inst|PCReg[21]                          ; clk          ; clk         ; 0.000        ; 0.038      ; 1.050      ;
; 0.934 ; RISCV_Core:Core_1|Core_Datapath:Datapath|PC:PC_inst|PCReg[27] ; RISCV_Core:Core_1|Core_Datapath:Datapath|PC:PC_inst|PCReg[27]                          ; clk          ; clk         ; 0.000        ; 0.037      ; 1.055      ;
; 0.937 ; RISCV_Core:Core_0|Core_Datapath:Datapath|PC:PC_inst|PCReg[4]  ; RISCV_Core:Core_0|ie_status                                                            ; clk          ; clk         ; 0.000        ; 0.037      ; 1.058      ;
; 0.947 ; RISCV_Core:Core_1|Core_Datapath:Datapath|PC:PC_inst|PCReg[6]  ; RISCV_Core:Core_1|ie_status                                                            ; clk          ; clk         ; 0.000        ; 0.039      ; 1.070      ;
; 0.947 ; RISCV_Core:Core_0|Core_Datapath:Datapath|PC:PC_inst|PCReg[10] ; RISCV_Core:Core_0|Core_Datapath:Datapath|PC:PC_inst|PCReg[11]                          ; clk          ; clk         ; 0.000        ; 0.037      ; 1.068      ;
; 0.952 ; RISCV_Core:Core_1|Core_Datapath:Datapath|PC:PC_inst|PCReg[14] ; RISCV_Core:Core_1|Core_Datapath:Datapath|PC:PC_inst|PCReg[16]                          ; clk          ; clk         ; 0.000        ; 0.033      ; 1.069      ;
; 0.952 ; RISCV_Core:Core_1|Core_Datapath:Datapath|PC:PC_inst|PCReg[4]  ; RISCV_Core:Core_1|ie_status                                                            ; clk          ; clk         ; 0.000        ; 0.039      ; 1.075      ;
; 0.953 ; RISCV_Core:Core_1|Core_Datapath:Datapath|PC:PC_inst|PCReg[28] ; RISCV_Core:Core_1|Core_Datapath:Datapath|PC:PC_inst|PCReg[28]                          ; clk          ; clk         ; 0.000        ; 0.037      ; 1.074      ;
; 0.956 ; RISCV_Core:Core_0|Core_Datapath:Datapath|PC:PC_inst|PCReg[17] ; RISCV_Core:Core_0|Core_Datapath:Datapath|PC:PC_inst|PCReg[17]                          ; clk          ; clk         ; 0.000        ; 0.037      ; 1.077      ;
; 0.957 ; RISCV_Core:Core_0|Core_Datapath:Datapath|PC:PC_inst|PCReg[24] ; RISCV_Core:Core_0|Core_Datapath:Datapath|PC:PC_inst|PCReg[27]                          ; clk          ; clk         ; 0.000        ; 0.038      ; 1.079      ;
; 0.957 ; RISCV_Core:Core_0|Core_Datapath:Datapath|PC:PC_inst|PCReg[19] ; RISCV_Core:Core_0|Core_Datapath:Datapath|PC:PC_inst|PCReg[20]                          ; clk          ; clk         ; 0.000        ; 0.037      ; 1.078      ;
; 0.964 ; RISCV_Core:Core_0|Core_Datapath:Datapath|PC:PC_inst|PCReg[20] ; RISCV_Core:Core_0|Core_Datapath:Datapath|PC:PC_inst|PCReg[22]                          ; clk          ; clk         ; 0.000        ; 0.037      ; 1.085      ;
; 0.968 ; RISCV_Core:Core_1|Core_Datapath:Datapath|PC:PC_inst|PCReg[25] ; RISCV_Core:Core_1|Core_Datapath:Datapath|PC:PC_inst|PCReg[27]                          ; clk          ; clk         ; 0.000        ; 0.038      ; 1.090      ;
; 0.981 ; RISCV_Core:Core_1|Core_Datapath:Datapath|PC:PC_inst|PCReg[25] ; RISCV_Core:Core_1|Core_Datapath:Datapath|PC:PC_inst|PCReg[28]                          ; clk          ; clk         ; 0.000        ; 0.038      ; 1.103      ;
; 0.981 ; RISCV_Core:Core_0|Core_Datapath:Datapath|PC:PC_inst|PCReg[6]  ; RISCV_Core:Core_0|mepc_reg[2]                                                          ; clk          ; clk         ; 0.000        ; 0.038      ; 1.103      ;
; 0.983 ; RISCV_Core:Core_1|Core_Datapath:Datapath|PC:PC_inst|PCReg[6]  ; RISCV_Core:Core_1|mepc_reg[2]                                                          ; clk          ; clk         ; 0.000        ; 0.038      ; 1.105      ;
; 0.985 ; RISCV_Core:Core_0|Core_Datapath:Datapath|PC:PC_inst|PCReg[16] ; RISCV_Core:Core_0|Core_Datapath:Datapath|PC:PC_inst|PCReg[17]                          ; clk          ; clk         ; 0.000        ; 0.037      ; 1.106      ;
; 0.986 ; InterCore_Ctrl:ICC_Inst|mailbox_0to1[30]                      ; RISCV_Core:Core_1|Core_Datapath:Datapath|Register_File:Register_inst|REG_MEM_BLOCK~702 ; clk          ; clk         ; 0.000        ; 0.059      ; 1.129      ;
; 0.986 ; RISCV_Core:Core_0|Core_Datapath:Datapath|PC:PC_inst|PCReg[16] ; RISCV_Core:Core_0|Core_Datapath:Datapath|PC:PC_inst|PCReg[18]                          ; clk          ; clk         ; 0.000        ; 0.020      ; 1.090      ;
; 0.987 ; RISCV_Core:Core_1|Core_Datapath:Datapath|PC:PC_inst|PCReg[10] ; RISCV_Core:Core_1|Core_Datapath:Datapath|PC:PC_inst|PCReg[14]                          ; clk          ; clk         ; 0.000        ; 0.036      ; 1.107      ;
; 0.987 ; RISCV_Core:Core_1|Core_Datapath:Datapath|PC:PC_inst|PCReg[4]  ; RISCV_Core:Core_1|mepc_reg[2]                                                          ; clk          ; clk         ; 0.000        ; 0.038      ; 1.109      ;
; 0.991 ; RISCV_Core:Core_0|Core_Datapath:Datapath|PC:PC_inst|PCReg[18] ; RISCV_Core:Core_0|Core_Datapath:Datapath|PC:PC_inst|PCReg[20]                          ; clk          ; clk         ; 0.000        ; 0.037      ; 1.112      ;
; 0.994 ; RISCV_Core:Core_0|Core_Datapath:Datapath|PC:PC_inst|PCReg[14] ; RISCV_Core:Core_0|Core_Datapath:Datapath|PC:PC_inst|PCReg[19]                          ; clk          ; clk         ; 0.000        ; 0.020      ; 1.098      ;
; 1.004 ; RISCV_Core:Core_0|Core_Datapath:Datapath|PC:PC_inst|PCReg[19] ; RISCV_Core:Core_0|Core_Datapath:Datapath|PC:PC_inst|PCReg[22]                          ; clk          ; clk         ; 0.000        ; 0.037      ; 1.125      ;
; 1.005 ; RISCV_Core:Core_0|Core_Datapath:Datapath|PC:PC_inst|PCReg[16] ; RISCV_Core:Core_0|Core_Datapath:Datapath|PC:PC_inst|PCReg[24]                          ; clk          ; clk         ; 0.000        ; 0.019      ; 1.108      ;
; 1.012 ; RISCV_Core:Core_0|Core_Datapath:Datapath|PC:PC_inst|PCReg[24] ; RISCV_Core:Core_0|Core_Datapath:Datapath|PC:PC_inst|PCReg[26]                          ; clk          ; clk         ; 0.000        ; 0.045      ; 1.141      ;
; 1.015 ; InterCore_Ctrl:ICC_Inst|mailbox_0to1[1]                       ; RISCV_Core:Core_0|Core_Datapath:Datapath|Register_File:Register_inst|REG_MEM_BLOCK~705 ; clk          ; clk         ; 0.000        ; 0.050      ; 1.149      ;
; 1.020 ; RISCV_Core:Core_1|Core_Datapath:Datapath|PC:PC_inst|PCReg[21] ; RISCV_Core:Core_1|Core_Datapath:Datapath|PC:PC_inst|PCReg[21]                          ; clk          ; clk         ; 0.000        ; 0.038      ; 1.142      ;
; 1.021 ; RISCV_Core:Core_0|Core_Datapath:Datapath|PC:PC_inst|PCReg[5]  ; RISCV_Core:Core_0|ie_status                                                            ; clk          ; clk         ; 0.000        ; 0.038      ; 1.143      ;
; 1.023 ; InterCore_Ctrl:ICC_Inst|mailbox_0to1[7]                       ; RISCV_Core:Core_0|Core_Datapath:Datapath|Register_File:Register_inst|REG_MEM_BLOCK~871 ; clk          ; clk         ; 0.000        ; 0.049      ; 1.156      ;
; 1.037 ; RISCV_Core:Core_0|Core_Datapath:Datapath|PC:PC_inst|PCReg[23] ; RISCV_Core:Core_0|Core_Datapath:Datapath|PC:PC_inst|PCReg[24]                          ; clk          ; clk         ; 0.000        ; 0.029      ; 1.150      ;
+-------+---------------------------------------------------------------+----------------------------------------------------------------------------------------+--------------+-------------+--------------+------------+------------+


+-----------------------------------------------------------------------------------------------------------------------------------------------------------------------+
; Fast 1200mV 0C Model Minimum Pulse Width: 'clk'                                                                                                                       ;
+-------+--------------+----------------+-----------------+-------+------------+----------------------------------------------------------------------------------------+
; Slack ; Actual Width ; Required Width ; Type            ; Clock ; Clock Edge ; Target                                                                                 ;
+-------+--------------+----------------+-----------------+-------+------------+----------------------------------------------------------------------------------------+
; 9.409 ; 9.593        ; 0.184          ; Low Pulse Width ; clk   ; Rise       ; Data_Memory:Shared_RAM_Bank0|RAM~6368                                                  ;
; 9.409 ; 9.593        ; 0.184          ; Low Pulse Width ; clk   ; Rise       ; Data_Memory:Shared_RAM_Bank0|RAM~6374                                                  ;
; 9.409 ; 9.593        ; 0.184          ; Low Pulse Width ; clk   ; Rise       ; Data_Memory:Shared_RAM_Bank0|RAM~6376                                                  ;
; 9.409 ; 9.593        ; 0.184          ; Low Pulse Width ; clk   ; Rise       ; Data_Memory:Shared_RAM_Bank0|RAM~6378                                                  ;
; 9.409 ; 9.593        ; 0.184          ; Low Pulse Width ; clk   ; Rise       ; Data_Memory:Shared_RAM_Bank0|RAM~6379                                                  ;
; 9.409 ; 9.593        ; 0.184          ; Low Pulse Width ; clk   ; Rise       ; Data_Memory:Shared_RAM_Bank0|RAM~6380                                                  ;
; 9.409 ; 9.593        ; 0.184          ; Low Pulse Width ; clk   ; Rise       ; Data_Memory:Shared_RAM_Bank0|RAM~6384                                                  ;
; 9.409 ; 9.593        ; 0.184          ; Low Pulse Width ; clk   ; Rise       ; Data_Memory:Shared_RAM_Bank0|RAM~6386                                                  ;
; 9.409 ; 9.593        ; 0.184          ; Low Pulse Width ; clk   ; Rise       ; Data_Memory:Shared_RAM_Bank0|RAM~6388                                                  ;
; 9.409 ; 9.593        ; 0.184          ; Low Pulse Width ; clk   ; Rise       ; Data_Memory:Shared_RAM_Bank0|RAM~6390                                                  ;
; 9.409 ; 9.593        ; 0.184          ; Low Pulse Width ; clk   ; Rise       ; Data_Memory:Shared_RAM_Bank0|RAM~6391                                                  ;
; 9.409 ; 9.593        ; 0.184          ; Low Pulse Width ; clk   ; Rise       ; Data_Memory:Shared_RAM_Bank0|RAM~6392                                                  ;
; 9.409 ; 9.593        ; 0.184          ; Low Pulse Width ; clk   ; Rise       ; Data_Memory:Shared_RAM_Bank0|RAM~6396                                                  ;
; 9.409 ; 9.593        ; 0.184          ; Low Pulse Width ; clk   ; Rise       ; Data_Memory:Shared_RAM_Bank0|RAM~6398                                                  ;
; 9.409 ; 9.593        ; 0.184          ; Low Pulse Width ; clk   ; Rise       ; Data_Memory:Shared_RAM_Bank0|RAM~6399                                                  ;
; 9.410 ; 9.594        ; 0.184          ; Low Pulse Width ; clk   ; Rise       ; Data_Memory:Shared_RAM_Bank0|RAM~2312                                                  ;
; 9.410 ; 9.594        ; 0.184          ; Low Pulse Width ; clk   ; Rise       ; Data_Memory:Shared_RAM_Bank0|RAM~2324                                                  ;
; 9.410 ; 9.594        ; 0.184          ; Low Pulse Width ; clk   ; Rise       ; Data_Memory:Shared_RAM_Bank0|RAM~7362                                                  ;
; 9.410 ; 9.594        ; 0.184          ; Low Pulse Width ; clk   ; Rise       ; Data_Memory:Shared_RAM_Bank0|RAM~7363                                                  ;
; 9.410 ; 9.594        ; 0.184          ; Low Pulse Width ; clk   ; Rise       ; Data_Memory:Shared_RAM_Bank0|RAM~7364                                                  ;
; 9.410 ; 9.594        ; 0.184          ; Low Pulse Width ; clk   ; Rise       ; Data_Memory:Shared_RAM_Bank0|RAM~7368                                                  ;
; 9.410 ; 9.594        ; 0.184          ; Low Pulse Width ; clk   ; Rise       ; Data_Memory:Shared_RAM_Bank0|RAM~7369                                                  ;
; 9.410 ; 9.594        ; 0.184          ; Low Pulse Width ; clk   ; Rise       ; Data_Memory:Shared_RAM_Bank0|RAM~7372                                                  ;
; 9.410 ; 9.594        ; 0.184          ; Low Pulse Width ; clk   ; Rise       ; Data_Memory:Shared_RAM_Bank0|RAM~7373                                                  ;
; 9.410 ; 9.594        ; 0.184          ; Low Pulse Width ; clk   ; Rise       ; Data_Memory:Shared_RAM_Bank0|RAM~7374                                                  ;
; 9.410 ; 9.594        ; 0.184          ; Low Pulse Width ; clk   ; Rise       ; Data_Memory:Shared_RAM_Bank0|RAM~7375                                                  ;
; 9.410 ; 9.594        ; 0.184          ; Low Pulse Width ; clk   ; Rise       ; Data_Memory:Shared_RAM_Bank0|RAM~7376                                                  ;
; 9.410 ; 9.594        ; 0.184          ; Low Pulse Width ; clk   ; Rise       ; Data_Memory:Shared_RAM_Bank0|RAM~7377                                                  ;
; 9.410 ; 9.594        ; 0.184          ; Low Pulse Width ; clk   ; Rise       ; Data_Memory:Shared_RAM_Bank0|RAM~7379                                                  ;
; 9.410 ; 9.594        ; 0.184          ; Low Pulse Width ; clk   ; Rise       ; Data_Memory:Shared_RAM_Bank0|RAM~7381                                                  ;
; 9.410 ; 9.594        ; 0.184          ; Low Pulse Width ; clk   ; Rise       ; Data_Memory:Shared_RAM_Bank0|RAM~7383                                                  ;
; 9.410 ; 9.594        ; 0.184          ; Low Pulse Width ; clk   ; Rise       ; Data_Memory:Shared_RAM_Bank0|RAM~7387                                                  ;
; 9.410 ; 9.594        ; 0.184          ; Low Pulse Width ; clk   ; Rise       ; Data_Memory:Shared_RAM_Bank0|RAM~8001                                                  ;
; 9.410 ; 9.594        ; 0.184          ; Low Pulse Width ; clk   ; Rise       ; Data_Memory:Shared_RAM_Bank0|RAM~8005                                                  ;
; 9.410 ; 9.594        ; 0.184          ; Low Pulse Width ; clk   ; Rise       ; Data_Memory:Shared_RAM_Bank0|RAM~8008                                                  ;
; 9.410 ; 9.594        ; 0.184          ; Low Pulse Width ; clk   ; Rise       ; Data_Memory:Shared_RAM_Bank0|RAM~8009                                                  ;
; 9.410 ; 9.594        ; 0.184          ; Low Pulse Width ; clk   ; Rise       ; Data_Memory:Shared_RAM_Bank0|RAM~8013                                                  ;
; 9.410 ; 9.594        ; 0.184          ; Low Pulse Width ; clk   ; Rise       ; Data_Memory:Shared_RAM_Bank0|RAM~8020                                                  ;
; 9.410 ; 9.594        ; 0.184          ; Low Pulse Width ; clk   ; Rise       ; Data_Memory:Shared_RAM_Bank0|RAM~8025                                                  ;
; 9.410 ; 9.594        ; 0.184          ; Low Pulse Width ; clk   ; Rise       ; Data_Memory:Shared_RAM_Bank0|RAM~8027                                                  ;
; 9.410 ; 9.594        ; 0.184          ; Low Pulse Width ; clk   ; Rise       ; Data_Memory:Shared_RAM_Bank0|RAM~8031                                                  ;
; 9.410 ; 9.594        ; 0.184          ; Low Pulse Width ; clk   ; Rise       ; RISCV_Core:Core_1|Core_Datapath:Datapath|Register_File:Register_inst|REG_MEM_BLOCK~288 ;
; 9.410 ; 9.594        ; 0.184          ; Low Pulse Width ; clk   ; Rise       ; RISCV_Core:Core_1|Core_Datapath:Datapath|Register_File:Register_inst|REG_MEM_BLOCK~314 ;
; 9.410 ; 9.594        ; 0.184          ; Low Pulse Width ; clk   ; Rise       ; RISCV_Core:Core_1|Core_Datapath:Datapath|Register_File:Register_inst|REG_MEM_BLOCK~318 ;
; 9.410 ; 9.594        ; 0.184          ; Low Pulse Width ; clk   ; Rise       ; RISCV_Core:Core_1|Core_Datapath:Datapath|Register_File:Register_inst|REG_MEM_BLOCK~763 ;
; 9.410 ; 9.594        ; 0.184          ; Low Pulse Width ; clk   ; Rise       ; RISCV_Core:Core_1|Core_Datapath:Datapath|Register_File:Register_inst|REG_MEM_BLOCK~765 ;
; 9.411 ; 9.595        ; 0.184          ; Low Pulse Width ; clk   ; Rise       ; Data_Memory:Shared_RAM_Bank0|RAM~1249                                                  ;
; 9.411 ; 9.595        ; 0.184          ; Low Pulse Width ; clk   ; Rise       ; Data_Memory:Shared_RAM_Bank0|RAM~1254                                                  ;
; 9.411 ; 9.595        ; 0.184          ; Low Pulse Width ; clk   ; Rise       ; Data_Memory:Shared_RAM_Bank0|RAM~1255                                                  ;
; 9.411 ; 9.595        ; 0.184          ; Low Pulse Width ; clk   ; Rise       ; Data_Memory:Shared_RAM_Bank0|RAM~1257                                                  ;
; 9.411 ; 9.595        ; 0.184          ; Low Pulse Width ; clk   ; Rise       ; Data_Memory:Shared_RAM_Bank0|RAM~1258                                                  ;
; 9.411 ; 9.595        ; 0.184          ; Low Pulse Width ; clk   ; Rise       ; Data_Memory:Shared_RAM_Bank0|RAM~1260                                                  ;
; 9.411 ; 9.595        ; 0.184          ; Low Pulse Width ; clk   ; Rise       ; Data_Memory:Shared_RAM_Bank0|RAM~1263                                                  ;
; 9.411 ; 9.595        ; 0.184          ; Low Pulse Width ; clk   ; Rise       ; Data_Memory:Shared_RAM_Bank0|RAM~1265                                                  ;
; 9.411 ; 9.595        ; 0.184          ; Low Pulse Width ; clk   ; Rise       ; Data_Memory:Shared_RAM_Bank0|RAM~1266                                                  ;
; 9.411 ; 9.595        ; 0.184          ; Low Pulse Width ; clk   ; Rise       ; Data_Memory:Shared_RAM_Bank0|RAM~1268                                                  ;
; 9.411 ; 9.595        ; 0.184          ; Low Pulse Width ; clk   ; Rise       ; Data_Memory:Shared_RAM_Bank0|RAM~1270                                                  ;
; 9.411 ; 9.595        ; 0.184          ; Low Pulse Width ; clk   ; Rise       ; Data_Memory:Shared_RAM_Bank0|RAM~1271                                                  ;
; 9.411 ; 9.595        ; 0.184          ; Low Pulse Width ; clk   ; Rise       ; Data_Memory:Shared_RAM_Bank0|RAM~1272                                                  ;
; 9.411 ; 9.595        ; 0.184          ; Low Pulse Width ; clk   ; Rise       ; Data_Memory:Shared_RAM_Bank0|RAM~1277                                                  ;
; 9.411 ; 9.595        ; 0.184          ; Low Pulse Width ; clk   ; Rise       ; Data_Memory:Shared_RAM_Bank0|RAM~1279                                                  ;
; 9.411 ; 9.595        ; 0.184          ; Low Pulse Width ; clk   ; Rise       ; Data_Memory:Shared_RAM_Bank0|RAM~1791                                                  ;
; 9.411 ; 9.595        ; 0.184          ; Low Pulse Width ; clk   ; Rise       ; Data_Memory:Shared_RAM_Bank0|RAM~1819                                                  ;
; 9.411 ; 9.595        ; 0.184          ; Low Pulse Width ; clk   ; Rise       ; Data_Memory:Shared_RAM_Bank0|RAM~1823                                                  ;
; 9.411 ; 9.595        ; 0.184          ; Low Pulse Width ; clk   ; Rise       ; Data_Memory:Shared_RAM_Bank0|RAM~1852                                                  ;
; 9.411 ; 9.595        ; 0.184          ; Low Pulse Width ; clk   ; Rise       ; Data_Memory:Shared_RAM_Bank0|RAM~2212                                                  ;
; 9.411 ; 9.595        ; 0.184          ; Low Pulse Width ; clk   ; Rise       ; Data_Memory:Shared_RAM_Bank0|RAM~2216                                                  ;
; 9.411 ; 9.595        ; 0.184          ; Low Pulse Width ; clk   ; Rise       ; Data_Memory:Shared_RAM_Bank0|RAM~2228                                                  ;
; 9.411 ; 9.595        ; 0.184          ; Low Pulse Width ; clk   ; Rise       ; Data_Memory:Shared_RAM_Bank0|RAM~2235                                                  ;
; 9.411 ; 9.595        ; 0.184          ; Low Pulse Width ; clk   ; Rise       ; Data_Memory:Shared_RAM_Bank0|RAM~2340                                                  ;
; 9.411 ; 9.595        ; 0.184          ; Low Pulse Width ; clk   ; Rise       ; Data_Memory:Shared_RAM_Bank0|RAM~2344                                                  ;
; 9.411 ; 9.595        ; 0.184          ; Low Pulse Width ; clk   ; Rise       ; Data_Memory:Shared_RAM_Bank0|RAM~2356                                                  ;
; 9.411 ; 9.595        ; 0.184          ; Low Pulse Width ; clk   ; Rise       ; Data_Memory:Shared_RAM_Bank0|RAM~2366                                                  ;
; 9.411 ; 9.595        ; 0.184          ; Low Pulse Width ; clk   ; Rise       ; Data_Memory:Shared_RAM_Bank0|RAM~2370                                                  ;
; 9.411 ; 9.595        ; 0.184          ; Low Pulse Width ; clk   ; Rise       ; Data_Memory:Shared_RAM_Bank0|RAM~2372                                                  ;
; 9.411 ; 9.595        ; 0.184          ; Low Pulse Width ; clk   ; Rise       ; Data_Memory:Shared_RAM_Bank0|RAM~2376                                                  ;
; 9.411 ; 9.595        ; 0.184          ; Low Pulse Width ; clk   ; Rise       ; Data_Memory:Shared_RAM_Bank0|RAM~2380                                                  ;
; 9.411 ; 9.595        ; 0.184          ; Low Pulse Width ; clk   ; Rise       ; Data_Memory:Shared_RAM_Bank0|RAM~2385                                                  ;
; 9.411 ; 9.595        ; 0.184          ; Low Pulse Width ; clk   ; Rise       ; Data_Memory:Shared_RAM_Bank0|RAM~2388                                                  ;
; 9.411 ; 9.595        ; 0.184          ; Low Pulse Width ; clk   ; Rise       ; Data_Memory:Shared_RAM_Bank0|RAM~2390                                                  ;
; 9.411 ; 9.595        ; 0.184          ; Low Pulse Width ; clk   ; Rise       ; Data_Memory:Shared_RAM_Bank0|RAM~2398                                                  ;
; 9.411 ; 9.595        ; 0.184          ; Low Pulse Width ; clk   ; Rise       ; Data_Memory:Shared_RAM_Bank0|RAM~256                                                   ;
; 9.411 ; 9.595        ; 0.184          ; Low Pulse Width ; clk   ; Rise       ; Data_Memory:Shared_RAM_Bank0|RAM~284                                                   ;
; 9.411 ; 9.595        ; 0.184          ; Low Pulse Width ; clk   ; Rise       ; Data_Memory:Shared_RAM_Bank0|RAM~3081                                                  ;
; 9.411 ; 9.595        ; 0.184          ; Low Pulse Width ; clk   ; Rise       ; Data_Memory:Shared_RAM_Bank0|RAM~3085                                                  ;
; 9.411 ; 9.595        ; 0.184          ; Low Pulse Width ; clk   ; Rise       ; Data_Memory:Shared_RAM_Bank0|RAM~3089                                                  ;
; 9.411 ; 9.595        ; 0.184          ; Low Pulse Width ; clk   ; Rise       ; Data_Memory:Shared_RAM_Bank0|RAM~3093                                                  ;
; 9.411 ; 9.595        ; 0.184          ; Low Pulse Width ; clk   ; Rise       ; Data_Memory:Shared_RAM_Bank0|RAM~3392                                                  ;
; 9.411 ; 9.595        ; 0.184          ; Low Pulse Width ; clk   ; Rise       ; Data_Memory:Shared_RAM_Bank0|RAM~3394                                                  ;
; 9.411 ; 9.595        ; 0.184          ; Low Pulse Width ; clk   ; Rise       ; Data_Memory:Shared_RAM_Bank0|RAM~3395                                                  ;
; 9.411 ; 9.595        ; 0.184          ; Low Pulse Width ; clk   ; Rise       ; Data_Memory:Shared_RAM_Bank0|RAM~3403                                                  ;
; 9.411 ; 9.595        ; 0.184          ; Low Pulse Width ; clk   ; Rise       ; Data_Memory:Shared_RAM_Bank0|RAM~3409                                                  ;
; 9.411 ; 9.595        ; 0.184          ; Low Pulse Width ; clk   ; Rise       ; Data_Memory:Shared_RAM_Bank0|RAM~3414                                                  ;
; 9.411 ; 9.595        ; 0.184          ; Low Pulse Width ; clk   ; Rise       ; Data_Memory:Shared_RAM_Bank0|RAM~3416                                                  ;
; 9.411 ; 9.595        ; 0.184          ; Low Pulse Width ; clk   ; Rise       ; Data_Memory:Shared_RAM_Bank0|RAM~3418                                                  ;
; 9.411 ; 9.595        ; 0.184          ; Low Pulse Width ; clk   ; Rise       ; Data_Memory:Shared_RAM_Bank0|RAM~3420                                                  ;
; 9.411 ; 9.595        ; 0.184          ; Low Pulse Width ; clk   ; Rise       ; Data_Memory:Shared_RAM_Bank0|RAM~3422                                                  ;
; 9.411 ; 9.595        ; 0.184          ; Low Pulse Width ; clk   ; Rise       ; Data_Memory:Shared_RAM_Bank0|RAM~3662                                                  ;
; 9.411 ; 9.595        ; 0.184          ; Low Pulse Width ; clk   ; Rise       ; Data_Memory:Shared_RAM_Bank0|RAM~3674                                                  ;
; 9.411 ; 9.595        ; 0.184          ; Low Pulse Width ; clk   ; Rise       ; Data_Memory:Shared_RAM_Bank0|RAM~3680                                                  ;
+-------+--------------+----------------+-----------------+-------+------------+----------------------------------------------------------------------------------------+


+------------------------------------------------------------------------------+
; Clock to Output Times                                                        ;
+----------------+------------+--------+--------+------------+-----------------+
; Data Port      ; Clock Port ; Rise   ; Fall   ; Clock Edge ; Clock Reference ;
+----------------+------------+--------+--------+------------+-----------------+
; dummy_out[*]   ; clk        ; 17.861 ; 18.522 ; Rise       ; clk             ;
;  dummy_out[0]  ; clk        ; 16.468 ; 17.129 ; Rise       ; clk             ;
;  dummy_out[1]  ; clk        ; 16.506 ; 17.038 ; Rise       ; clk             ;
;  dummy_out[2]  ; clk        ; 13.724 ; 13.978 ; Rise       ; clk             ;
;  dummy_out[3]  ; clk        ; 14.674 ; 15.000 ; Rise       ; clk             ;
;  dummy_out[4]  ; clk        ; 15.613 ; 15.989 ; Rise       ; clk             ;
;  dummy_out[5]  ; clk        ; 15.809 ; 16.147 ; Rise       ; clk             ;
;  dummy_out[6]  ; clk        ; 14.968 ; 15.280 ; Rise       ; clk             ;
;  dummy_out[7]  ; clk        ; 15.625 ; 15.901 ; Rise       ; clk             ;
;  dummy_out[8]  ; clk        ; 16.422 ; 16.899 ; Rise       ; clk             ;
;  dummy_out[9]  ; clk        ; 14.637 ; 14.864 ; Rise       ; clk             ;
;  dummy_out[10] ; clk        ; 17.861 ; 18.522 ; Rise       ; clk             ;
;  dummy_out[11] ; clk        ; 15.466 ; 15.807 ; Rise       ; clk             ;
;  dummy_out[12] ; clk        ; 15.947 ; 16.322 ; Rise       ; clk             ;
;  dummy_out[13] ; clk        ; 16.012 ; 16.285 ; Rise       ; clk             ;
;  dummy_out[14] ; clk        ; 16.897 ; 17.260 ; Rise       ; clk             ;
;  dummy_out[15] ; clk        ; 15.726 ; 16.093 ; Rise       ; clk             ;
;  dummy_out[16] ; clk        ; 13.758 ; 14.079 ; Rise       ; clk             ;
;  dummy_out[17] ; clk        ; 16.242 ; 16.818 ; Rise       ; clk             ;
;  dummy_out[18] ; clk        ; 14.794 ; 15.129 ; Rise       ; clk             ;
;  dummy_out[19] ; clk        ; 13.879 ; 14.148 ; Rise       ; clk             ;
;  dummy_out[20] ; clk        ; 14.691 ; 15.023 ; Rise       ; clk             ;
;  dummy_out[21] ; clk        ; 14.573 ; 14.986 ; Rise       ; clk             ;
;  dummy_out[22] ; clk        ; 14.729 ; 15.073 ; Rise       ; clk             ;
;  dummy_out[23] ; clk        ; 14.586 ; 14.946 ; Rise       ; clk             ;
;  dummy_out[24] ; clk        ; 13.994 ; 14.171 ; Rise       ; clk             ;
;  dummy_out[25] ; clk        ; 14.474 ; 14.766 ; Rise       ; clk             ;
;  dummy_out[26] ; clk        ; 15.016 ; 15.319 ; Rise       ; clk             ;
;  dummy_out[27] ; clk        ; 16.569 ; 17.167 ; Rise       ; clk             ;
;  dummy_out[28] ; clk        ; 17.422 ; 18.138 ; Rise       ; clk             ;
;  dummy_out[29] ; clk        ; 13.702 ; 13.978 ; Rise       ; clk             ;
;  dummy_out[30] ; clk        ; 17.441 ; 18.315 ; Rise       ; clk             ;
;  dummy_out[31] ; clk        ; 14.065 ; 14.646 ; Rise       ; clk             ;
+----------------+------------+--------+--------+------------+-----------------+


+----------------------------------------------------------------------------+
; Minimum Clock to Output Times                                              ;
+----------------+------------+-------+-------+------------+-----------------+
; Data Port      ; Clock Port ; Rise  ; Fall  ; Clock Edge ; Clock Reference ;
+----------------+------------+-------+-------+------------+-----------------+
; dummy_out[*]   ; clk        ; 5.721 ; 5.861 ; Rise       ; clk             ;
;  dummy_out[0]  ; clk        ; 7.942 ; 8.305 ; Rise       ; clk             ;
;  dummy_out[1]  ; clk        ; 6.790 ; 7.023 ; Rise       ; clk             ;
;  dummy_out[2]  ; clk        ; 6.070 ; 6.391 ; Rise       ; clk             ;
;  dummy_out[3]  ; clk        ; 6.527 ; 6.740 ; Rise       ; clk             ;
;  dummy_out[4]  ; clk        ; 7.389 ; 7.895 ; Rise       ; clk             ;
;  dummy_out[5]  ; clk        ; 7.573 ; 7.951 ; Rise       ; clk             ;
;  dummy_out[6]  ; clk        ; 7.256 ; 7.599 ; Rise       ; clk             ;
;  dummy_out[7]  ; clk        ; 7.074 ; 7.503 ; Rise       ; clk             ;
;  dummy_out[8]  ; clk        ; 8.313 ; 8.714 ; Rise       ; clk             ;
;  dummy_out[9]  ; clk        ; 7.202 ; 7.444 ; Rise       ; clk             ;
;  dummy_out[10] ; clk        ; 8.501 ; 8.939 ; Rise       ; clk             ;
;  dummy_out[11] ; clk        ; 6.359 ; 6.679 ; Rise       ; clk             ;
;  dummy_out[12] ; clk        ; 7.392 ; 7.740 ; Rise       ; clk             ;
;  dummy_out[13] ; clk        ; 5.721 ; 5.861 ; Rise       ; clk             ;
;  dummy_out[14] ; clk        ; 5.923 ; 6.065 ; Rise       ; clk             ;
;  dummy_out[15] ; clk        ; 7.125 ; 7.332 ; Rise       ; clk             ;
;  dummy_out[16] ; clk        ; 5.829 ; 5.924 ; Rise       ; clk             ;
;  dummy_out[17] ; clk        ; 7.391 ; 7.794 ; Rise       ; clk             ;
;  dummy_out[18] ; clk        ; 7.503 ; 7.724 ; Rise       ; clk             ;
;  dummy_out[19] ; clk        ; 6.472 ; 6.838 ; Rise       ; clk             ;
;  dummy_out[20] ; clk        ; 6.515 ; 6.933 ; Rise       ; clk             ;
;  dummy_out[21] ; clk        ; 6.813 ; 7.040 ; Rise       ; clk             ;
;  dummy_out[22] ; clk        ; 6.738 ; 6.970 ; Rise       ; clk             ;
;  dummy_out[23] ; clk        ; 6.536 ; 6.867 ; Rise       ; clk             ;
;  dummy_out[24] ; clk        ; 6.523 ; 6.745 ; Rise       ; clk             ;
;  dummy_out[25] ; clk        ; 7.280 ; 7.528 ; Rise       ; clk             ;
;  dummy_out[26] ; clk        ; 7.166 ; 7.588 ; Rise       ; clk             ;
;  dummy_out[27] ; clk        ; 6.672 ; 6.894 ; Rise       ; clk             ;
;  dummy_out[28] ; clk        ; 7.002 ; 7.161 ; Rise       ; clk             ;
;  dummy_out[29] ; clk        ; 6.273 ; 6.471 ; Rise       ; clk             ;
;  dummy_out[30] ; clk        ; 8.529 ; 8.905 ; Rise       ; clk             ;
;  dummy_out[31] ; clk        ; 7.018 ; 7.377 ; Rise       ; clk             ;
+----------------+------------+-------+-------+------------+-----------------+


---------------------------------------------
; Fast 1200mV 0C Model Metastability Report ;
---------------------------------------------
No synchronizer chains to report.


+-----------------------------------------------------------------------------------+
; Multicorner Timing Analysis Summary                                               ;
+------------------+-------------+-------+----------+---------+---------------------+
; Clock            ; Setup       ; Hold  ; Recovery ; Removal ; Minimum Pulse Width ;
+------------------+-------------+-------+----------+---------+---------------------+
; Worst-case Slack ; -10.945     ; 0.177 ; N/A      ; N/A     ; 9.409               ;
;  clk             ; -10.945     ; 0.177 ; N/A      ; N/A     ; 9.409               ;
; Design-wide TNS  ; -117197.657 ; 0.0   ; 0.0      ; 0.0     ; 0.0                 ;
;  clk             ; -117197.657 ; 0.000 ; N/A      ; N/A     ; 0.000               ;
+------------------+-------------+-------+----------+---------+---------------------+


+------------------------------------------------------------------------------+
; Clock to Output Times                                                        ;
+----------------+------------+--------+--------+------------+-----------------+
; Data Port      ; Clock Port ; Rise   ; Fall   ; Clock Edge ; Clock Reference ;
+----------------+------------+--------+--------+------------+-----------------+
; dummy_out[*]   ; clk        ; 30.992 ; 31.271 ; Rise       ; clk             ;
;  dummy_out[0]  ; clk        ; 28.599 ; 28.665 ; Rise       ; clk             ;
;  dummy_out[1]  ; clk        ; 28.292 ; 28.449 ; Rise       ; clk             ;
;  dummy_out[2]  ; clk        ; 23.811 ; 23.858 ; Rise       ; clk             ;
;  dummy_out[3]  ; clk        ; 25.262 ; 25.433 ; Rise       ; clk             ;
;  dummy_out[4]  ; clk        ; 26.917 ; 26.984 ; Rise       ; clk             ;
;  dummy_out[5]  ; clk        ; 27.314 ; 27.373 ; Rise       ; clk             ;
;  dummy_out[6]  ; clk        ; 25.650 ; 25.814 ; Rise       ; clk             ;
;  dummy_out[7]  ; clk        ; 27.215 ; 27.226 ; Rise       ; clk             ;
;  dummy_out[8]  ; clk        ; 28.380 ; 28.534 ; Rise       ; clk             ;
;  dummy_out[9]  ; clk        ; 25.073 ; 25.112 ; Rise       ; clk             ;
;  dummy_out[10] ; clk        ; 30.992 ; 31.271 ; Rise       ; clk             ;
;  dummy_out[11] ; clk        ; 26.639 ; 26.702 ; Rise       ; clk             ;
;  dummy_out[12] ; clk        ; 27.440 ; 27.507 ; Rise       ; clk             ;
;  dummy_out[13] ; clk        ; 27.582 ; 27.523 ; Rise       ; clk             ;
;  dummy_out[14] ; clk        ; 29.171 ; 29.042 ; Rise       ; clk             ;
;  dummy_out[15] ; clk        ; 26.997 ; 27.109 ; Rise       ; clk             ;
;  dummy_out[16] ; clk        ; 23.907 ; 24.031 ; Rise       ; clk             ;
;  dummy_out[17] ; clk        ; 28.073 ; 28.216 ; Rise       ; clk             ;
;  dummy_out[18] ; clk        ; 25.718 ; 25.722 ; Rise       ; clk             ;
;  dummy_out[19] ; clk        ; 23.998 ; 23.999 ; Rise       ; clk             ;
;  dummy_out[20] ; clk        ; 25.442 ; 25.577 ; Rise       ; clk             ;
;  dummy_out[21] ; clk        ; 25.131 ; 25.312 ; Rise       ; clk             ;
;  dummy_out[22] ; clk        ; 25.743 ; 25.721 ; Rise       ; clk             ;
;  dummy_out[23] ; clk        ; 25.360 ; 25.482 ; Rise       ; clk             ;
;  dummy_out[24] ; clk        ; 24.090 ; 24.057 ; Rise       ; clk             ;
;  dummy_out[25] ; clk        ; 25.198 ; 25.233 ; Rise       ; clk             ;
;  dummy_out[26] ; clk        ; 25.826 ; 25.825 ; Rise       ; clk             ;
;  dummy_out[27] ; clk        ; 28.796 ; 28.963 ; Rise       ; clk             ;
;  dummy_out[28] ; clk        ; 30.009 ; 30.227 ; Rise       ; clk             ;
;  dummy_out[29] ; clk        ; 23.831 ; 23.865 ; Rise       ; clk             ;
;  dummy_out[30] ; clk        ; 30.350 ; 30.388 ; Rise       ; clk             ;
;  dummy_out[31] ; clk        ; 24.639 ; 24.813 ; Rise       ; clk             ;
+----------------+------------+--------+--------+------------+-----------------+


+----------------------------------------------------------------------------+
; Minimum Clock to Output Times                                              ;
+----------------+------------+-------+-------+------------+-----------------+
; Data Port      ; Clock Port ; Rise  ; Fall  ; Clock Edge ; Clock Reference ;
+----------------+------------+-------+-------+------------+-----------------+
; dummy_out[*]   ; clk        ; 5.721 ; 5.861 ; Rise       ; clk             ;
;  dummy_out[0]  ; clk        ; 7.942 ; 8.305 ; Rise       ; clk             ;
;  dummy_out[1]  ; clk        ; 6.790 ; 7.023 ; Rise       ; clk             ;
;  dummy_out[2]  ; clk        ; 6.070 ; 6.391 ; Rise       ; clk             ;
;  dummy_out[3]  ; clk        ; 6.527 ; 6.740 ; Rise       ; clk             ;
;  dummy_out[4]  ; clk        ; 7.389 ; 7.895 ; Rise       ; clk             ;
;  dummy_out[5]  ; clk        ; 7.573 ; 7.951 ; Rise       ; clk             ;
;  dummy_out[6]  ; clk        ; 7.256 ; 7.599 ; Rise       ; clk             ;
;  dummy_out[7]  ; clk        ; 7.074 ; 7.503 ; Rise       ; clk             ;
;  dummy_out[8]  ; clk        ; 8.313 ; 8.714 ; Rise       ; clk             ;
;  dummy_out[9]  ; clk        ; 7.202 ; 7.444 ; Rise       ; clk             ;
;  dummy_out[10] ; clk        ; 8.501 ; 8.939 ; Rise       ; clk             ;
;  dummy_out[11] ; clk        ; 6.359 ; 6.679 ; Rise       ; clk             ;
;  dummy_out[12] ; clk        ; 7.392 ; 7.740 ; Rise       ; clk             ;
;  dummy_out[13] ; clk        ; 5.721 ; 5.861 ; Rise       ; clk             ;
;  dummy_out[14] ; clk        ; 5.923 ; 6.065 ; Rise       ; clk             ;
;  dummy_out[15] ; clk        ; 7.125 ; 7.332 ; Rise       ; clk             ;
;  dummy_out[16] ; clk        ; 5.829 ; 5.924 ; Rise       ; clk             ;
;  dummy_out[17] ; clk        ; 7.391 ; 7.794 ; Rise       ; clk             ;
;  dummy_out[18] ; clk        ; 7.503 ; 7.724 ; Rise       ; clk             ;
;  dummy_out[19] ; clk        ; 6.472 ; 6.838 ; Rise       ; clk             ;
;  dummy_out[20] ; clk        ; 6.515 ; 6.933 ; Rise       ; clk             ;
;  dummy_out[21] ; clk        ; 6.813 ; 7.040 ; Rise       ; clk             ;
;  dummy_out[22] ; clk        ; 6.738 ; 6.970 ; Rise       ; clk             ;
;  dummy_out[23] ; clk        ; 6.536 ; 6.867 ; Rise       ; clk             ;
;  dummy_out[24] ; clk        ; 6.523 ; 6.745 ; Rise       ; clk             ;
;  dummy_out[25] ; clk        ; 7.280 ; 7.528 ; Rise       ; clk             ;
;  dummy_out[26] ; clk        ; 7.166 ; 7.588 ; Rise       ; clk             ;
;  dummy_out[27] ; clk        ; 6.672 ; 6.894 ; Rise       ; clk             ;
;  dummy_out[28] ; clk        ; 7.002 ; 7.161 ; Rise       ; clk             ;
;  dummy_out[29] ; clk        ; 6.273 ; 6.471 ; Rise       ; clk             ;
;  dummy_out[30] ; clk        ; 8.529 ; 8.905 ; Rise       ; clk             ;
;  dummy_out[31] ; clk        ; 7.018 ; 7.377 ; Rise       ; clk             ;
+----------------+------------+-------+-------+------------+-----------------+


+------------------------------------------------------------------------------------------------------------------------------------------------------------------------------------------------------------------------------------------------------------------------------------------------------------------------------------------------------------------------------------------------------------------+
; Board Trace Model Assignments                                                                                                                                                                                                                                                                                                                                                                                    ;
+---------------+--------------+-------------------+-------------------------+-------------------------+---------------+---------------------+----------------+------------------+--------+------------------+------------------------+------------------------+--------------+---------------+-----------------+-------+---------------------+--------------------+---------------+-----------------+-------------+
; Pin           ; I/O Standard ; Near Tline Length ; Near Tline L per Length ; Near Tline C per Length ; Near Series R ; Near Differential R ; Near Pull-up R ; Near Pull-down R ; Near C ; Far Tline Length ; Far Tline L per Length ; Far Tline C per Length ; Far Series R ; Far Pull-up R ; Far Pull-down R ; Far C ; Termination Voltage ; Far Differential R ; EBD File Name ; EBD Signal Name ; EBD Far-end ;
+---------------+--------------+-------------------+-------------------------+-------------------------+---------------+---------------------+----------------+------------------+--------+------------------+------------------------+------------------------+--------------+---------------+-----------------+-------+---------------------+--------------------+---------------+-----------------+-------------+
; dummy_out[0]  ; 2.5 V        ; 0 in              ; 0 H/in                  ; 0 F/in                  ; short         ; -                   ; open           ; open             ; open   ; 0 in             ; 0 H/in                 ; 0 F/in                 ; short        ; open          ; open            ; open  ; 0 V                 ; -                  ; n/a           ; n/a             ; n/a         ;
; dummy_out[1]  ; 2.5 V        ; 0 in              ; 0 H/in                  ; 0 F/in                  ; short         ; -                   ; open           ; open             ; open   ; 0 in             ; 0 H/in                 ; 0 F/in                 ; short        ; open          ; open            ; open  ; 0 V                 ; -                  ; n/a           ; n/a             ; n/a         ;
; dummy_out[2]  ; 2.5 V        ; 0 in              ; 0 H/in                  ; 0 F/in                  ; short         ; -                   ; open           ; open             ; open   ; 0 in             ; 0 H/in                 ; 0 F/in                 ; short        ; open          ; open            ; open  ; 0 V                 ; -                  ; n/a           ; n/a             ; n/a         ;
; dummy_out[3]  ; 2.5 V        ; 0 in              ; 0 H/in                  ; 0 F/in                  ; short         ; -                   ; open           ; open             ; open   ; 0 in             ; 0 H/in                 ; 0 F/in                 ; short        ; open          ; open            ; open  ; 0 V                 ; -                  ; n/a           ; n/a             ; n/a         ;
; dummy_out[4]  ; 2.5 V        ; 0 in              ; 0 H/in                  ; 0 F/in                  ; short         ; -                   ; open           ; open             ; open   ; 0 in             ; 0 H/in                 ; 0 F/in                 ; short        ; open          ; open            ; open  ; 0 V                 ; -                  ; n/a           ; n/a             ; n/a         ;
; dummy_out[5]  ; 2.5 V        ; 0 in              ; 0 H/in                  ; 0 F/in                  ; short         ; -                   ; open           ; open             ; open   ; 0 in             ; 0 H/in                 ; 0 F/in                 ; short        ; open          ; open            ; open  ; 0 V                 ; -                  ; n/a           ; n/a             ; n/a         ;
; dummy_out[6]  ; 2.5 V        ; 0 in              ; 0 H/in                  ; 0 F/in                  ; short         ; -                   ; open           ; open             ; open   ; 0 in             ; 0 H/in                 ; 0 F/in                 ; short        ; open          ; open            ; open  ; 0 V                 ; -                  ; n/a           ; n/a             ; n/a         ;
; dummy_out[7]  ; 2.5 V        ; 0 in              ; 0 H/in                  ; 0 F/in                  ; short         ; -                   ; open           ; open             ; open   ; 0 in             ; 0 H/in                 ; 0 F/in                 ; short        ; open          ; open            ; open  ; 0 V                 ; -                  ; n/a           ; n/a             ; n/a         ;
; dummy_out[8]  ; 2.5 V        ; 0 in              ; 0 H/in                  ; 0 F/in                  ; short         ; -                   ; open           ; open             ; open   ; 0 in             ; 0 H/in                 ; 0 F/in                 ; short        ; open          ; open            ; open  ; 0 V                 ; -                  ; n/a           ; n/a             ; n/a         ;
; dummy_out[9]  ; 2.5 V        ; 0 in              ; 0 H/in                  ; 0 F/in                  ; short         ; -                   ; open           ; open             ; open   ; 0 in             ; 0 H/in                 ; 0 F/in                 ; short        ; open          ; open            ; open  ; 0 V                 ; -                  ; n/a           ; n/a             ; n/a         ;
; dummy_out[10] ; 2.5 V        ; 0 in              ; 0 H/in                  ; 0 F/in                  ; short         ; -                   ; open           ; open             ; open   ; 0 in             ; 0 H/in                 ; 0 F/in                 ; short        ; open          ; open            ; open  ; 0 V                 ; -                  ; n/a           ; n/a             ; n/a         ;
; dummy_out[11] ; 2.5 V        ; 0 in              ; 0 H/in                  ; 0 F/in                  ; short         ; -                   ; open           ; open             ; open   ; 0 in             ; 0 H/in                 ; 0 F/in                 ; short        ; open          ; open            ; open  ; 0 V                 ; -                  ; n/a           ; n/a             ; n/a         ;
; dummy_out[12] ; 2.5 V        ; 0 in              ; 0 H/in                  ; 0 F/in                  ; short         ; -                   ; open           ; open             ; open   ; 0 in             ; 0 H/in                 ; 0 F/in                 ; short        ; open          ; open            ; open  ; 0 V                 ; -                  ; n/a           ; n/a             ; n/a         ;
; dummy_out[13] ; 2.5 V        ; 0 in              ; 0 H/in                  ; 0 F/in                  ; short         ; -                   ; open           ; open             ; open   ; 0 in             ; 0 H/in                 ; 0 F/in                 ; short        ; open          ; open            ; open  ; 0 V                 ; -                  ; n/a           ; n/a             ; n/a         ;
; dummy_out[14] ; 2.5 V        ; 0 in              ; 0 H/in                  ; 0 F/in                  ; short         ; -                   ; open           ; open             ; open   ; 0 in             ; 0 H/in                 ; 0 F/in                 ; short        ; open          ; open            ; open  ; 0 V                 ; -                  ; n/a           ; n/a             ; n/a         ;
; dummy_out[15] ; 2.5 V        ; 0 in              ; 0 H/in                  ; 0 F/in                  ; short         ; -                   ; open           ; open             ; open   ; 0 in             ; 0 H/in                 ; 0 F/in                 ; short        ; open          ; open            ; open  ; 0 V                 ; -                  ; n/a           ; n/a             ; n/a         ;
; dummy_out[16] ; 2.5 V        ; 0 in              ; 0 H/in                  ; 0 F/in                  ; short         ; -                   ; open           ; open             ; open   ; 0 in             ; 0 H/in                 ; 0 F/in                 ; short        ; open          ; open            ; open  ; 0 V                 ; -                  ; n/a           ; n/a             ; n/a         ;
; dummy_out[17] ; 2.5 V        ; 0 in              ; 0 H/in                  ; 0 F/in                  ; short         ; -                   ; open           ; open             ; open   ; 0 in             ; 0 H/in                 ; 0 F/in                 ; short        ; open          ; open            ; open  ; 0 V                 ; -                  ; n/a           ; n/a             ; n/a         ;
; dummy_out[18] ; 2.5 V        ; 0 in              ; 0 H/in                  ; 0 F/in                  ; short         ; -                   ; open           ; open             ; open   ; 0 in             ; 0 H/in                 ; 0 F/in                 ; short        ; open          ; open            ; open  ; 0 V                 ; -                  ; n/a           ; n/a             ; n/a         ;
; dummy_out[19] ; 2.5 V        ; 0 in              ; 0 H/in                  ; 0 F/in                  ; short         ; -                   ; open           ; open             ; open   ; 0 in             ; 0 H/in                 ; 0 F/in                 ; short        ; open          ; open            ; open  ; 0 V                 ; -                  ; n/a           ; n/a             ; n/a         ;
; dummy_out[20] ; 2.5 V        ; 0 in              ; 0 H/in                  ; 0 F/in                  ; short         ; -                   ; open           ; open             ; open   ; 0 in             ; 0 H/in                 ; 0 F/in                 ; short        ; open          ; open            ; open  ; 0 V                 ; -                  ; n/a           ; n/a             ; n/a         ;
; dummy_out[21] ; 2.5 V        ; 0 in              ; 0 H/in                  ; 0 F/in                  ; short         ; -                   ; open           ; open             ; open   ; 0 in             ; 0 H/in                 ; 0 F/in                 ; short        ; open          ; open            ; open  ; 0 V                 ; -                  ; n/a           ; n/a             ; n/a         ;
; dummy_out[22] ; 2.5 V        ; 0 in              ; 0 H/in                  ; 0 F/in                  ; short         ; -                   ; open           ; open             ; open   ; 0 in             ; 0 H/in                 ; 0 F/in                 ; short        ; open          ; open            ; open  ; 0 V                 ; -                  ; n/a           ; n/a             ; n/a         ;
; dummy_out[23] ; 2.5 V        ; 0 in              ; 0 H/in                  ; 0 F/in                  ; short         ; -                   ; open           ; open             ; open   ; 0 in             ; 0 H/in                 ; 0 F/in                 ; short        ; open          ; open            ; open  ; 0 V                 ; -                  ; n/a           ; n/a             ; n/a         ;
; dummy_out[24] ; 2.5 V        ; 0 in              ; 0 H/in                  ; 0 F/in                  ; short         ; -                   ; open           ; open             ; open   ; 0 in             ; 0 H/in                 ; 0 F/in                 ; short        ; open          ; open            ; open  ; 0 V                 ; -                  ; n/a           ; n/a             ; n/a         ;
; dummy_out[25] ; 2.5 V        ; 0 in              ; 0 H/in                  ; 0 F/in                  ; short         ; -                   ; open           ; open             ; open   ; 0 in             ; 0 H/in                 ; 0 F/in                 ; short        ; open          ; open            ; open  ; 0 V                 ; -                  ; n/a           ; n/a             ; n/a         ;
; dummy_out[26] ; 2.5 V        ; 0 in              ; 0 H/in                  ; 0 F/in                  ; short         ; -                   ; open           ; open             ; open   ; 0 in             ; 0 H/in                 ; 0 F/in                 ; short        ; open          ; open            ; open  ; 0 V                 ; -                  ; n/a           ; n/a             ; n/a         ;
; dummy_out[27] ; 2.5 V        ; 0 in              ; 0 H/in                  ; 0 F/in                  ; short         ; -                   ; open           ; open             ; open   ; 0 in             ; 0 H/in                 ; 0 F/in                 ; short        ; open          ; open            ; open  ; 0 V                 ; -                  ; n/a           ; n/a             ; n/a         ;
; dummy_out[28] ; 2.5 V        ; 0 in              ; 0 H/in                  ; 0 F/in                  ; short         ; -                   ; open           ; open             ; open   ; 0 in             ; 0 H/in                 ; 0 F/in                 ; short        ; open          ; open            ; open  ; 0 V                 ; -                  ; n/a           ; n/a             ; n/a         ;
; dummy_out[29] ; 2.5 V        ; 0 in              ; 0 H/in                  ; 0 F/in                  ; short         ; -                   ; open           ; open             ; open   ; 0 in             ; 0 H/in                 ; 0 F/in                 ; short        ; open          ; open            ; open  ; 0 V                 ; -                  ; n/a           ; n/a             ; n/a         ;
; dummy_out[30] ; 2.5 V        ; 0 in              ; 0 H/in                  ; 0 F/in                  ; short         ; -                   ; open           ; open             ; open   ; 0 in             ; 0 H/in                 ; 0 F/in                 ; short        ; open          ; open            ; open  ; 0 V                 ; -                  ; n/a           ; n/a             ; n/a         ;
; dummy_out[31] ; 2.5 V        ; 0 in              ; 0 H/in                  ; 0 F/in                  ; short         ; -                   ; open           ; open             ; open   ; 0 in             ; 0 H/in                 ; 0 F/in                 ; short        ; open          ; open            ; open  ; 0 V                 ; -                  ; n/a           ; n/a             ; n/a         ;
; ~ALTERA_DCLK~ ; 2.5 V        ; 0 in              ; 0 H/in                  ; 0 F/in                  ; short         ; -                   ; open           ; open             ; open   ; 0 in             ; 0 H/in                 ; 0 F/in                 ; short        ; open          ; open            ; open  ; 0 V                 ; -                  ; n/a           ; n/a             ; n/a         ;
; ~ALTERA_nCEO~ ; 2.5 V        ; 0 in              ; 0 H/in                  ; 0 F/in                  ; short         ; -                   ; open           ; open             ; open   ; 0 in             ; 0 H/in                 ; 0 F/in                 ; short        ; open          ; open            ; open  ; 0 V                 ; -                  ; n/a           ; n/a             ; n/a         ;
+---------------+--------------+-------------------+-------------------------+-------------------------+---------------+---------------------+----------------+------------------+--------+------------------+------------------------+------------------------+--------------+---------------+-----------------+-------+---------------------+--------------------+---------------+-----------------+-------------+


+----------------------------------------------------------------------------+
; Input Transition Times                                                     ;
+-------------------------+--------------+-----------------+-----------------+
; Pin                     ; I/O Standard ; 10-90 Rise Time ; 90-10 Fall Time ;
+-------------------------+--------------+-----------------+-----------------+
; clk                     ; 2.5 V        ; 2000 ps         ; 2000 ps         ;
; reset                   ; 2.5 V        ; 2000 ps         ; 2000 ps         ;
; ~ALTERA_ASDO_DATA1~     ; 2.5 V        ; 2000 ps         ; 2000 ps         ;
; ~ALTERA_FLASH_nCE_nCSO~ ; 2.5 V        ; 2000 ps         ; 2000 ps         ;
; ~ALTERA_DATA0~          ; 2.5 V        ; 2000 ps         ; 2000 ps         ;
+-------------------------+--------------+-----------------+-----------------+


+--------------------------------------------------------------------------------------------------------------------------------------------------------------------------------------------------------------------------------------------------------------------------------------------------------------------------------------------------------------------------------------------------------------------------------------------------------------------------------------------------------------------------------------------------------------------------------------------------------------------------------------------------------------------------------------------+
; Signal Integrity Metrics (Slow 1200mv 0c Model)                                                                                                                                                                                                                                                                                                                                                                                                                                                                                                                                                                                                                                            ;
+---------------+--------------+---------------------+---------------------+------------------------------+------------------------------+---------------------+---------------------+--------------------------------------+--------------------------------------+-----------------------------+-----------------------------+----------------------------+----------------------------+-----------------------------+-----------------------------+--------------------+--------------------+-------------------------------------+-------------------------------------+----------------------------+----------------------------+---------------------------+---------------------------+
; Pin           ; I/O Standard ; Board Delay on Rise ; Board Delay on Fall ; Steady State Voh at FPGA Pin ; Steady State Vol at FPGA Pin ; Voh Max at FPGA Pin ; Vol Min at FPGA Pin ; Ringback Voltage on Rise at FPGA Pin ; Ringback Voltage on Fall at FPGA Pin ; 10-90 Rise Time at FPGA Pin ; 90-10 Fall Time at FPGA Pin ; Monotonic Rise at FPGA Pin ; Monotonic Fall at FPGA Pin ; Steady State Voh at Far-end ; Steady State Vol at Far-end ; Voh Max at Far-end ; Vol Min at Far-end ; Ringback Voltage on Rise at Far-end ; Ringback Voltage on Fall at Far-end ; 10-90 Rise Time at Far-end ; 90-10 Fall Time at Far-end ; Monotonic Rise at Far-end ; Monotonic Fall at Far-end ;
+---------------+--------------+---------------------+---------------------+------------------------------+------------------------------+---------------------+---------------------+--------------------------------------+--------------------------------------+-----------------------------+-----------------------------+----------------------------+----------------------------+-----------------------------+-----------------------------+--------------------+--------------------+-------------------------------------+-------------------------------------+----------------------------+----------------------------+---------------------------+---------------------------+
; dummy_out[0]  ; 2.5 V        ; 0 s                 ; 0 s                 ; 2.32 V                       ; 4.29e-09 V                   ; 2.37 V              ; -0.0215 V           ; 0.147 V                              ; 0.101 V                              ; 6.83e-10 s                  ; 6.56e-10 s                  ; No                         ; Yes                        ; 2.32 V                      ; 4.29e-09 V                  ; 2.37 V             ; -0.0215 V          ; 0.147 V                             ; 0.101 V                             ; 6.83e-10 s                 ; 6.56e-10 s                 ; No                        ; Yes                       ;
; dummy_out[1]  ; 2.5 V        ; 0 s                 ; 0 s                 ; 2.32 V                       ; 6.18e-09 V                   ; 2.39 V              ; -0.0371 V           ; 0.244 V                              ; 0.052 V                              ; 3.07e-10 s                  ; 3.31e-10 s                  ; No                         ; Yes                        ; 2.32 V                      ; 6.18e-09 V                  ; 2.39 V             ; -0.0371 V          ; 0.244 V                             ; 0.052 V                             ; 3.07e-10 s                 ; 3.31e-10 s                 ; No                        ; Yes                       ;
; dummy_out[2]  ; 2.5 V        ; 0 s                 ; 0 s                 ; 2.32 V                       ; 6.18e-09 V                   ; 2.39 V              ; -0.0371 V           ; 0.244 V                              ; 0.052 V                              ; 3.07e-10 s                  ; 3.31e-10 s                  ; No                         ; Yes                        ; 2.32 V                      ; 6.18e-09 V                  ; 2.39 V             ; -0.0371 V          ; 0.244 V                             ; 0.052 V                             ; 3.07e-10 s                 ; 3.31e-10 s                 ; No                        ; Yes                       ;
; dummy_out[3]  ; 2.5 V        ; 0 s                 ; 0 s                 ; 2.32 V                       ; 6.18e-09 V                   ; 2.39 V              ; -0.0371 V           ; 0.244 V                              ; 0.052 V                              ; 3.07e-10 s                  ; 3.31e-10 s                  ; No                         ; Yes                        ; 2.32 V                      ; 6.18e-09 V                  ; 2.39 V             ; -0.0371 V          ; 0.244 V                             ; 0.052 V                             ; 3.07e-10 s                 ; 3.31e-10 s                 ; No                        ; Yes                       ;
; dummy_out[4]  ; 2.5 V        ; 0 s                 ; 0 s                 ; 2.32 V                       ; 6.18e-09 V                   ; 2.39 V              ; -0.0371 V           ; 0.244 V                              ; 0.052 V                              ; 3.07e-10 s                  ; 3.31e-10 s                  ; No                         ; Yes                        ; 2.32 V                      ; 6.18e-09 V                  ; 2.39 V             ; -0.0371 V          ; 0.244 V                             ; 0.052 V                             ; 3.07e-10 s                 ; 3.31e-10 s                 ; No                        ; Yes                       ;
; dummy_out[5]  ; 2.5 V        ; 0 s                 ; 0 s                 ; 2.32 V                       ; 4.29e-09 V                   ; 2.37 V              ; -0.0215 V           ; 0.147 V                              ; 0.101 V                              ; 6.83e-10 s                  ; 6.56e-10 s                  ; No                         ; Yes                        ; 2.32 V                      ; 4.29e-09 V                  ; 2.37 V             ; -0.0215 V          ; 0.147 V                             ; 0.101 V                             ; 6.83e-10 s                 ; 6.56e-10 s                 ; No                        ; Yes                       ;
; dummy_out[6]  ; 2.5 V        ; 0 s                 ; 0 s                 ; 2.32 V                       ; 6.18e-09 V                   ; 2.39 V              ; -0.0371 V           ; 0.244 V                              ; 0.052 V                              ; 3.07e-10 s                  ; 3.31e-10 s                  ; No                         ; Yes                        ; 2.32 V                      ; 6.18e-09 V                  ; 2.39 V             ; -0.0371 V          ; 0.244 V                             ; 0.052 V                             ; 3.07e-10 s                 ; 3.31e-10 s                 ; No                        ; Yes                       ;
; dummy_out[7]  ; 2.5 V        ; 0 s                 ; 0 s                 ; 2.32 V                       ; 6.18e-09 V                   ; 2.39 V              ; -0.0371 V           ; 0.244 V                              ; 0.052 V                              ; 3.07e-10 s                  ; 3.31e-10 s                  ; No                         ; Yes                        ; 2.32 V                      ; 6.18e-09 V                  ; 2.39 V             ; -0.0371 V          ; 0.244 V                             ; 0.052 V                             ; 3.07e-10 s                 ; 3.31e-10 s                 ; No                        ; Yes                       ;
; dummy_out[8]  ; 2.5 V        ; 0 s                 ; 0 s                 ; 2.32 V                       ; 4.29e-09 V                   ; 2.37 V              ; -0.0215 V           ; 0.147 V                              ; 0.101 V                              ; 6.83e-10 s                  ; 6.56e-10 s                  ; No                         ; Yes                        ; 2.32 V                      ; 4.29e-09 V                  ; 2.37 V             ; -0.0215 V          ; 0.147 V                             ; 0.101 V                             ; 6.83e-10 s                 ; 6.56e-10 s                 ; No                        ; Yes                       ;
; dummy_out[9]  ; 2.5 V        ; 0 s                 ; 0 s                 ; 2.32 V                       ; 6.18e-09 V                   ; 2.39 V              ; -0.0371 V           ; 0.244 V                              ; 0.052 V                              ; 3.07e-10 s                  ; 3.31e-10 s                  ; No                         ; Yes                        ; 2.32 V                      ; 6.18e-09 V                  ; 2.39 V             ; -0.0371 V          ; 0.244 V                             ; 0.052 V                             ; 3.07e-10 s                 ; 3.31e-10 s                 ; No                        ; Yes                       ;
; dummy_out[10] ; 2.5 V        ; 0 s                 ; 0 s                 ; 2.32 V                       ; 4.29e-09 V                   ; 2.37 V              ; -0.0215 V           ; 0.147 V                              ; 0.101 V                              ; 6.83e-10 s                  ; 6.56e-10 s                  ; No                         ; Yes                        ; 2.32 V                      ; 4.29e-09 V                  ; 2.37 V             ; -0.0215 V          ; 0.147 V                             ; 0.101 V                             ; 6.83e-10 s                 ; 6.56e-10 s                 ; No                        ; Yes                       ;
; dummy_out[11] ; 2.5 V        ; 0 s                 ; 0 s                 ; 2.32 V                       ; 4.29e-09 V                   ; 2.37 V              ; -0.0215 V           ; 0.147 V                              ; 0.101 V                              ; 6.83e-10 s                  ; 6.56e-10 s                  ; No                         ; Yes                        ; 2.32 V                      ; 4.29e-09 V                  ; 2.37 V             ; -0.0215 V          ; 0.147 V                             ; 0.101 V                             ; 6.83e-10 s                 ; 6.56e-10 s                 ; No                        ; Yes                       ;
; dummy_out[12] ; 2.5 V        ; 0 s                 ; 0 s                 ; 2.32 V                       ; 6.18e-09 V                   ; 2.33 V              ; -0.00637 V          ; 0.193 V                              ; 0.111 V                              ; 2.82e-09 s                  ; 2.64e-09 s                  ; No                         ; Yes                        ; 2.32 V                      ; 6.18e-09 V                  ; 2.33 V             ; -0.00637 V         ; 0.193 V                             ; 0.111 V                             ; 2.82e-09 s                 ; 2.64e-09 s                 ; No                        ; Yes                       ;
; dummy_out[13] ; 2.5 V        ; 0 s                 ; 0 s                 ; 2.32 V                       ; 6.18e-09 V                   ; 2.39 V              ; -0.0371 V           ; 0.244 V                              ; 0.052 V                              ; 3.07e-10 s                  ; 3.31e-10 s                  ; No                         ; Yes                        ; 2.32 V                      ; 6.18e-09 V                  ; 2.39 V             ; -0.0371 V          ; 0.244 V                             ; 0.052 V                             ; 3.07e-10 s                 ; 3.31e-10 s                 ; No                        ; Yes                       ;
; dummy_out[14] ; 2.5 V        ; 0 s                 ; 0 s                 ; 2.32 V                       ; 6.18e-09 V                   ; 2.39 V              ; -0.0371 V           ; 0.244 V                              ; 0.052 V                              ; 3.07e-10 s                  ; 3.31e-10 s                  ; No                         ; Yes                        ; 2.32 V                      ; 6.18e-09 V                  ; 2.39 V             ; -0.0371 V          ; 0.244 V                             ; 0.052 V                             ; 3.07e-10 s                 ; 3.31e-10 s                 ; No                        ; Yes                       ;
; dummy_out[15] ; 2.5 V        ; 0 s                 ; 0 s                 ; 2.32 V                       ; 6.18e-09 V                   ; 2.39 V              ; -0.0371 V           ; 0.244 V                              ; 0.052 V                              ; 3.07e-10 s                  ; 3.31e-10 s                  ; No                         ; Yes                        ; 2.32 V                      ; 6.18e-09 V                  ; 2.39 V             ; -0.0371 V          ; 0.244 V                             ; 0.052 V                             ; 3.07e-10 s                 ; 3.31e-10 s                 ; No                        ; Yes                       ;
; dummy_out[16] ; 2.5 V        ; 0 s                 ; 0 s                 ; 2.32 V                       ; 4.29e-09 V                   ; 2.37 V              ; -0.0215 V           ; 0.147 V                              ; 0.101 V                              ; 6.83e-10 s                  ; 6.56e-10 s                  ; No                         ; Yes                        ; 2.32 V                      ; 4.29e-09 V                  ; 2.37 V             ; -0.0215 V          ; 0.147 V                             ; 0.101 V                             ; 6.83e-10 s                 ; 6.56e-10 s                 ; No                        ; Yes                       ;
; dummy_out[17] ; 2.5 V        ; 0 s                 ; 0 s                 ; 2.32 V                       ; 4.29e-09 V                   ; 2.37 V              ; -0.0215 V           ; 0.147 V                              ; 0.101 V                              ; 6.83e-10 s                  ; 6.56e-10 s                  ; No                         ; Yes                        ; 2.32 V                      ; 4.29e-09 V                  ; 2.37 V             ; -0.0215 V          ; 0.147 V                             ; 0.101 V                             ; 6.83e-10 s                 ; 6.56e-10 s                 ; No                        ; Yes                       ;
; dummy_out[18] ; 2.5 V        ; 0 s                 ; 0 s                 ; 2.32 V                       ; 6.18e-09 V                   ; 2.39 V              ; -0.0371 V           ; 0.244 V                              ; 0.052 V                              ; 3.07e-10 s                  ; 3.31e-10 s                  ; No                         ; Yes                        ; 2.32 V                      ; 6.18e-09 V                  ; 2.39 V             ; -0.0371 V          ; 0.244 V                             ; 0.052 V                             ; 3.07e-10 s                 ; 3.31e-10 s                 ; No                        ; Yes                       ;
; dummy_out[19] ; 2.5 V        ; 0 s                 ; 0 s                 ; 2.32 V                       ; 6.18e-09 V                   ; 2.39 V              ; -0.0371 V           ; 0.244 V                              ; 0.052 V                              ; 3.07e-10 s                  ; 3.31e-10 s                  ; No                         ; Yes                        ; 2.32 V                      ; 6.18e-09 V                  ; 2.39 V             ; -0.0371 V          ; 0.244 V                             ; 0.052 V                             ; 3.07e-10 s                 ; 3.31e-10 s                 ; No                        ; Yes                       ;
; dummy_out[20] ; 2.5 V        ; 0 s                 ; 0 s                 ; 2.32 V                       ; 6.18e-09 V                   ; 2.39 V              ; -0.0371 V           ; 0.244 V                              ; 0.052 V                              ; 3.07e-10 s                  ; 3.31e-10 s                  ; No                         ; Yes                        ; 2.32 V                      ; 6.18e-09 V                  ; 2.39 V             ; -0.0371 V          ; 0.244 V                             ; 0.052 V                             ; 3.07e-10 s                 ; 3.31e-10 s                 ; No                        ; Yes                       ;
; dummy_out[21] ; 2.5 V        ; 0 s                 ; 0 s                 ; 2.32 V                       ; 6.18e-09 V                   ; 2.39 V              ; -0.0371 V           ; 0.244 V                              ; 0.052 V                              ; 3.07e-10 s                  ; 3.31e-10 s                  ; No                         ; Yes                        ; 2.32 V                      ; 6.18e-09 V                  ; 2.39 V             ; -0.0371 V          ; 0.244 V                             ; 0.052 V                             ; 3.07e-10 s                 ; 3.31e-10 s                 ; No                        ; Yes                       ;
; dummy_out[22] ; 2.5 V        ; 0 s                 ; 0 s                 ; 2.32 V                       ; 6.18e-09 V                   ; 2.39 V              ; -0.0371 V           ; 0.244 V                              ; 0.052 V                              ; 3.07e-10 s                  ; 3.31e-10 s                  ; No                         ; Yes                        ; 2.32 V                      ; 6.18e-09 V                  ; 2.39 V             ; -0.0371 V          ; 0.244 V                             ; 0.052 V                             ; 3.07e-10 s                 ; 3.31e-10 s                 ; No                        ; Yes                       ;
; dummy_out[23] ; 2.5 V        ; 0 s                 ; 0 s                 ; 2.32 V                       ; 6.18e-09 V                   ; 2.39 V              ; -0.0371 V           ; 0.244 V                              ; 0.052 V                              ; 3.07e-10 s                  ; 3.31e-10 s                  ; No                         ; Yes                        ; 2.32 V                      ; 6.18e-09 V                  ; 2.39 V             ; -0.0371 V          ; 0.244 V                             ; 0.052 V                             ; 3.07e-10 s                 ; 3.31e-10 s                 ; No                        ; Yes                       ;
; dummy_out[24] ; 2.5 V        ; 0 s                 ; 0 s                 ; 2.32 V                       ; 4.29e-09 V                   ; 2.37 V              ; -0.0215 V           ; 0.147 V                              ; 0.101 V                              ; 6.83e-10 s                  ; 6.56e-10 s                  ; No                         ; Yes                        ; 2.32 V                      ; 4.29e-09 V                  ; 2.37 V             ; -0.0215 V          ; 0.147 V                             ; 0.101 V                             ; 6.83e-10 s                 ; 6.56e-10 s                 ; No                        ; Yes                       ;
; dummy_out[25] ; 2.5 V        ; 0 s                 ; 0 s                 ; 2.32 V                       ; 6.18e-09 V                   ; 2.39 V              ; -0.0371 V           ; 0.244 V                              ; 0.052 V                              ; 3.07e-10 s                  ; 3.31e-10 s                  ; No                         ; Yes                        ; 2.32 V                      ; 6.18e-09 V                  ; 2.39 V             ; -0.0371 V          ; 0.244 V                             ; 0.052 V                             ; 3.07e-10 s                 ; 3.31e-10 s                 ; No                        ; Yes                       ;
; dummy_out[26] ; 2.5 V        ; 0 s                 ; 0 s                 ; 2.32 V                       ; 6.18e-09 V                   ; 2.39 V              ; -0.0371 V           ; 0.244 V                              ; 0.052 V                              ; 3.07e-10 s                  ; 3.31e-10 s                  ; No                         ; Yes                        ; 2.32 V                      ; 6.18e-09 V                  ; 2.39 V             ; -0.0371 V          ; 0.244 V                             ; 0.052 V                             ; 3.07e-10 s                 ; 3.31e-10 s                 ; No                        ; Yes                       ;
; dummy_out[27] ; 2.5 V        ; 0 s                 ; 0 s                 ; 2.32 V                       ; 6.18e-09 V                   ; 2.39 V              ; -0.0371 V           ; 0.244 V                              ; 0.052 V                              ; 3.07e-10 s                  ; 3.31e-10 s                  ; No                         ; Yes                        ; 2.32 V                      ; 6.18e-09 V                  ; 2.39 V             ; -0.0371 V          ; 0.244 V                             ; 0.052 V                             ; 3.07e-10 s                 ; 3.31e-10 s                 ; No                        ; Yes                       ;
; dummy_out[28] ; 2.5 V        ; 0 s                 ; 0 s                 ; 2.32 V                       ; 6.18e-09 V                   ; 2.33 V              ; -0.00637 V          ; 0.193 V                              ; 0.111 V                              ; 2.82e-09 s                  ; 2.64e-09 s                  ; No                         ; Yes                        ; 2.32 V                      ; 6.18e-09 V                  ; 2.33 V             ; -0.00637 V         ; 0.193 V                             ; 0.111 V                             ; 2.82e-09 s                 ; 2.64e-09 s                 ; No                        ; Yes                       ;
; dummy_out[29] ; 2.5 V        ; 0 s                 ; 0 s                 ; 2.32 V                       ; 6.18e-09 V                   ; 2.39 V              ; -0.0371 V           ; 0.244 V                              ; 0.052 V                              ; 3.07e-10 s                  ; 3.31e-10 s                  ; No                         ; Yes                        ; 2.32 V                      ; 6.18e-09 V                  ; 2.39 V             ; -0.0371 V          ; 0.244 V                             ; 0.052 V                             ; 3.07e-10 s                 ; 3.31e-10 s                 ; No                        ; Yes                       ;
; dummy_out[30] ; 2.5 V        ; 0 s                 ; 0 s                 ; 2.32 V                       ; 6.18e-09 V                   ; 2.33 V              ; -0.00637 V          ; 0.193 V                              ; 0.111 V                              ; 2.82e-09 s                  ; 2.64e-09 s                  ; No                         ; Yes                        ; 2.32 V                      ; 6.18e-09 V                  ; 2.33 V             ; -0.00637 V         ; 0.193 V                             ; 0.111 V                             ; 2.82e-09 s                 ; 2.64e-09 s                 ; No                        ; Yes                       ;
; dummy_out[31] ; 2.5 V        ; 0 s                 ; 0 s                 ; 2.32 V                       ; 6.18e-09 V                   ; 2.39 V              ; -0.0371 V           ; 0.244 V                              ; 0.052 V                              ; 3.07e-10 s                  ; 3.31e-10 s                  ; No                         ; Yes                        ; 2.32 V                      ; 6.18e-09 V                  ; 2.39 V             ; -0.0371 V          ; 0.244 V                             ; 0.052 V                             ; 3.07e-10 s                 ; 3.31e-10 s                 ; No                        ; Yes                       ;
; ~ALTERA_DCLK~ ; 2.5 V        ; 0 s                 ; 0 s                 ; 2.32 V                       ; 3.53e-09 V                   ; 2.38 V              ; -0.0337 V           ; 0.137 V                              ; 0.057 V                              ; 4.67e-10 s                  ; 4.1e-10 s                   ; Yes                        ; Yes                        ; 2.32 V                      ; 3.53e-09 V                  ; 2.38 V             ; -0.0337 V          ; 0.137 V                             ; 0.057 V                             ; 4.67e-10 s                 ; 4.1e-10 s                  ; Yes                       ; Yes                       ;
; ~ALTERA_nCEO~ ; 2.5 V        ; 0 s                 ; 0 s                 ; 2.32 V                       ; 5.65e-09 V                   ; 2.37 V              ; -0.00886 V          ; 0.12 V                               ; 0.027 V                              ; 6.61e-10 s                  ; 7.9e-10 s                   ; No                         ; Yes                        ; 2.32 V                      ; 5.65e-09 V                  ; 2.37 V             ; -0.00886 V         ; 0.12 V                              ; 0.027 V                             ; 6.61e-10 s                 ; 7.9e-10 s                  ; No                        ; Yes                       ;
+---------------+--------------+---------------------+---------------------+------------------------------+------------------------------+---------------------+---------------------+--------------------------------------+--------------------------------------+-----------------------------+-----------------------------+----------------------------+----------------------------+-----------------------------+-----------------------------+--------------------+--------------------+-------------------------------------+-------------------------------------+----------------------------+----------------------------+---------------------------+---------------------------+


+--------------------------------------------------------------------------------------------------------------------------------------------------------------------------------------------------------------------------------------------------------------------------------------------------------------------------------------------------------------------------------------------------------------------------------------------------------------------------------------------------------------------------------------------------------------------------------------------------------------------------------------------------------------------------------------------+
; Signal Integrity Metrics (Slow 1200mv 85c Model)                                                                                                                                                                                                                                                                                                                                                                                                                                                                                                                                                                                                                                           ;
+---------------+--------------+---------------------+---------------------+------------------------------+------------------------------+---------------------+---------------------+--------------------------------------+--------------------------------------+-----------------------------+-----------------------------+----------------------------+----------------------------+-----------------------------+-----------------------------+--------------------+--------------------+-------------------------------------+-------------------------------------+----------------------------+----------------------------+---------------------------+---------------------------+
; Pin           ; I/O Standard ; Board Delay on Rise ; Board Delay on Fall ; Steady State Voh at FPGA Pin ; Steady State Vol at FPGA Pin ; Voh Max at FPGA Pin ; Vol Min at FPGA Pin ; Ringback Voltage on Rise at FPGA Pin ; Ringback Voltage on Fall at FPGA Pin ; 10-90 Rise Time at FPGA Pin ; 90-10 Fall Time at FPGA Pin ; Monotonic Rise at FPGA Pin ; Monotonic Fall at FPGA Pin ; Steady State Voh at Far-end ; Steady State Vol at Far-end ; Voh Max at Far-end ; Vol Min at Far-end ; Ringback Voltage on Rise at Far-end ; Ringback Voltage on Fall at Far-end ; 10-90 Rise Time at Far-end ; 90-10 Fall Time at Far-end ; Monotonic Rise at Far-end ; Monotonic Fall at Far-end ;
+---------------+--------------+---------------------+---------------------+------------------------------+------------------------------+---------------------+---------------------+--------------------------------------+--------------------------------------+-----------------------------+-----------------------------+----------------------------+----------------------------+-----------------------------+-----------------------------+--------------------+--------------------+-------------------------------------+-------------------------------------+----------------------------+----------------------------+---------------------------+---------------------------+
; dummy_out[0]  ; 2.5 V        ; 0 s                 ; 0 s                 ; 2.32 V                       ; 7.24e-07 V                   ; 2.35 V              ; -0.011 V            ; 0.111 V                              ; 0.035 V                              ; 7.77e-10 s                  ; 8.06e-10 s                  ; Yes                        ; Yes                        ; 2.32 V                      ; 7.24e-07 V                  ; 2.35 V             ; -0.011 V           ; 0.111 V                             ; 0.035 V                             ; 7.77e-10 s                 ; 8.06e-10 s                 ; Yes                       ; Yes                       ;
; dummy_out[1]  ; 2.5 V        ; 0 s                 ; 0 s                 ; 2.32 V                       ; 1.08e-06 V                   ; 2.36 V              ; -0.00994 V          ; 0.119 V                              ; 0.02 V                               ; 4.51e-10 s                  ; 4.45e-10 s                  ; Yes                        ; Yes                        ; 2.32 V                      ; 1.08e-06 V                  ; 2.36 V             ; -0.00994 V         ; 0.119 V                             ; 0.02 V                              ; 4.51e-10 s                 ; 4.45e-10 s                 ; Yes                       ; Yes                       ;
; dummy_out[2]  ; 2.5 V        ; 0 s                 ; 0 s                 ; 2.32 V                       ; 1.08e-06 V                   ; 2.36 V              ; -0.00994 V          ; 0.119 V                              ; 0.02 V                               ; 4.51e-10 s                  ; 4.45e-10 s                  ; Yes                        ; Yes                        ; 2.32 V                      ; 1.08e-06 V                  ; 2.36 V             ; -0.00994 V         ; 0.119 V                             ; 0.02 V                              ; 4.51e-10 s                 ; 4.45e-10 s                 ; Yes                       ; Yes                       ;
; dummy_out[3]  ; 2.5 V        ; 0 s                 ; 0 s                 ; 2.32 V                       ; 1.08e-06 V                   ; 2.36 V              ; -0.00994 V          ; 0.119 V                              ; 0.02 V                               ; 4.51e-10 s                  ; 4.45e-10 s                  ; Yes                        ; Yes                        ; 2.32 V                      ; 1.08e-06 V                  ; 2.36 V             ; -0.00994 V         ; 0.119 V                             ; 0.02 V                              ; 4.51e-10 s                 ; 4.45e-10 s                 ; Yes                       ; Yes                       ;
; dummy_out[4]  ; 2.5 V        ; 0 s                 ; 0 s                 ; 2.32 V                       ; 1.08e-06 V                   ; 2.36 V              ; -0.00994 V          ; 0.119 V                              ; 0.02 V                               ; 4.51e-10 s                  ; 4.45e-10 s                  ; Yes                        ; Yes                        ; 2.32 V                      ; 1.08e-06 V                  ; 2.36 V             ; -0.00994 V         ; 0.119 V                             ; 0.02 V                              ; 4.51e-10 s                 ; 4.45e-10 s                 ; Yes                       ; Yes                       ;
; dummy_out[5]  ; 2.5 V        ; 0 s                 ; 0 s                 ; 2.32 V                       ; 7.24e-07 V                   ; 2.35 V              ; -0.011 V            ; 0.111 V                              ; 0.035 V                              ; 7.77e-10 s                  ; 8.06e-10 s                  ; Yes                        ; Yes                        ; 2.32 V                      ; 7.24e-07 V                  ; 2.35 V             ; -0.011 V           ; 0.111 V                             ; 0.035 V                             ; 7.77e-10 s                 ; 8.06e-10 s                 ; Yes                       ; Yes                       ;
; dummy_out[6]  ; 2.5 V        ; 0 s                 ; 0 s                 ; 2.32 V                       ; 1.08e-06 V                   ; 2.36 V              ; -0.00994 V          ; 0.119 V                              ; 0.02 V                               ; 4.51e-10 s                  ; 4.45e-10 s                  ; Yes                        ; Yes                        ; 2.32 V                      ; 1.08e-06 V                  ; 2.36 V             ; -0.00994 V         ; 0.119 V                             ; 0.02 V                              ; 4.51e-10 s                 ; 4.45e-10 s                 ; Yes                       ; Yes                       ;
; dummy_out[7]  ; 2.5 V        ; 0 s                 ; 0 s                 ; 2.32 V                       ; 1.08e-06 V                   ; 2.36 V              ; -0.00994 V          ; 0.119 V                              ; 0.02 V                               ; 4.51e-10 s                  ; 4.45e-10 s                  ; Yes                        ; Yes                        ; 2.32 V                      ; 1.08e-06 V                  ; 2.36 V             ; -0.00994 V         ; 0.119 V                             ; 0.02 V                              ; 4.51e-10 s                 ; 4.45e-10 s                 ; Yes                       ; Yes                       ;
; dummy_out[8]  ; 2.5 V        ; 0 s                 ; 0 s                 ; 2.32 V                       ; 7.24e-07 V                   ; 2.35 V              ; -0.011 V            ; 0.111 V                              ; 0.035 V                              ; 7.77e-10 s                  ; 8.06e-10 s                  ; Yes                        ; Yes                        ; 2.32 V                      ; 7.24e-07 V                  ; 2.35 V             ; -0.011 V           ; 0.111 V                             ; 0.035 V                             ; 7.77e-10 s                 ; 8.06e-10 s                 ; Yes                       ; Yes                       ;
; dummy_out[9]  ; 2.5 V        ; 0 s                 ; 0 s                 ; 2.32 V                       ; 1.08e-06 V                   ; 2.36 V              ; -0.00994 V          ; 0.119 V                              ; 0.02 V                               ; 4.51e-10 s                  ; 4.45e-10 s                  ; Yes                        ; Yes                        ; 2.32 V                      ; 1.08e-06 V                  ; 2.36 V             ; -0.00994 V         ; 0.119 V                             ; 0.02 V                              ; 4.51e-10 s                 ; 4.45e-10 s                 ; Yes                       ; Yes                       ;
; dummy_out[10] ; 2.5 V        ; 0 s                 ; 0 s                 ; 2.32 V                       ; 7.24e-07 V                   ; 2.35 V              ; -0.011 V            ; 0.111 V                              ; 0.035 V                              ; 7.77e-10 s                  ; 8.06e-10 s                  ; Yes                        ; Yes                        ; 2.32 V                      ; 7.24e-07 V                  ; 2.35 V             ; -0.011 V           ; 0.111 V                             ; 0.035 V                             ; 7.77e-10 s                 ; 8.06e-10 s                 ; Yes                       ; Yes                       ;
; dummy_out[11] ; 2.5 V        ; 0 s                 ; 0 s                 ; 2.32 V                       ; 7.24e-07 V                   ; 2.35 V              ; -0.011 V            ; 0.111 V                              ; 0.035 V                              ; 7.77e-10 s                  ; 8.06e-10 s                  ; Yes                        ; Yes                        ; 2.32 V                      ; 7.24e-07 V                  ; 2.35 V             ; -0.011 V           ; 0.111 V                             ; 0.035 V                             ; 7.77e-10 s                 ; 8.06e-10 s                 ; Yes                       ; Yes                       ;
; dummy_out[12] ; 2.5 V        ; 0 s                 ; 0 s                 ; 2.32 V                       ; 1.08e-06 V                   ; 2.33 V              ; -0.00336 V          ; 0.17 V                               ; 0.085 V                              ; 3.33e-09 s                  ; 3.24e-09 s                  ; Yes                        ; Yes                        ; 2.32 V                      ; 1.08e-06 V                  ; 2.33 V             ; -0.00336 V         ; 0.17 V                              ; 0.085 V                             ; 3.33e-09 s                 ; 3.24e-09 s                 ; Yes                       ; Yes                       ;
; dummy_out[13] ; 2.5 V        ; 0 s                 ; 0 s                 ; 2.32 V                       ; 1.08e-06 V                   ; 2.36 V              ; -0.00994 V          ; 0.119 V                              ; 0.02 V                               ; 4.51e-10 s                  ; 4.45e-10 s                  ; Yes                        ; Yes                        ; 2.32 V                      ; 1.08e-06 V                  ; 2.36 V             ; -0.00994 V         ; 0.119 V                             ; 0.02 V                              ; 4.51e-10 s                 ; 4.45e-10 s                 ; Yes                       ; Yes                       ;
; dummy_out[14] ; 2.5 V        ; 0 s                 ; 0 s                 ; 2.32 V                       ; 1.08e-06 V                   ; 2.36 V              ; -0.00994 V          ; 0.119 V                              ; 0.02 V                               ; 4.51e-10 s                  ; 4.45e-10 s                  ; Yes                        ; Yes                        ; 2.32 V                      ; 1.08e-06 V                  ; 2.36 V             ; -0.00994 V         ; 0.119 V                             ; 0.02 V                              ; 4.51e-10 s                 ; 4.45e-10 s                 ; Yes                       ; Yes                       ;
; dummy_out[15] ; 2.5 V        ; 0 s                 ; 0 s                 ; 2.32 V                       ; 1.08e-06 V                   ; 2.36 V              ; -0.00994 V          ; 0.119 V                              ; 0.02 V                               ; 4.51e-10 s                  ; 4.45e-10 s                  ; Yes                        ; Yes                        ; 2.32 V                      ; 1.08e-06 V                  ; 2.36 V             ; -0.00994 V         ; 0.119 V                             ; 0.02 V                              ; 4.51e-10 s                 ; 4.45e-10 s                 ; Yes                       ; Yes                       ;
; dummy_out[16] ; 2.5 V        ; 0 s                 ; 0 s                 ; 2.32 V                       ; 7.24e-07 V                   ; 2.35 V              ; -0.011 V            ; 0.111 V                              ; 0.035 V                              ; 7.77e-10 s                  ; 8.06e-10 s                  ; Yes                        ; Yes                        ; 2.32 V                      ; 7.24e-07 V                  ; 2.35 V             ; -0.011 V           ; 0.111 V                             ; 0.035 V                             ; 7.77e-10 s                 ; 8.06e-10 s                 ; Yes                       ; Yes                       ;
; dummy_out[17] ; 2.5 V        ; 0 s                 ; 0 s                 ; 2.32 V                       ; 7.24e-07 V                   ; 2.35 V              ; -0.011 V            ; 0.111 V                              ; 0.035 V                              ; 7.77e-10 s                  ; 8.06e-10 s                  ; Yes                        ; Yes                        ; 2.32 V                      ; 7.24e-07 V                  ; 2.35 V             ; -0.011 V           ; 0.111 V                             ; 0.035 V                             ; 7.77e-10 s                 ; 8.06e-10 s                 ; Yes                       ; Yes                       ;
; dummy_out[18] ; 2.5 V        ; 0 s                 ; 0 s                 ; 2.32 V                       ; 1.08e-06 V                   ; 2.36 V              ; -0.00994 V          ; 0.119 V                              ; 0.02 V                               ; 4.51e-10 s                  ; 4.45e-10 s                  ; Yes                        ; Yes                        ; 2.32 V                      ; 1.08e-06 V                  ; 2.36 V             ; -0.00994 V         ; 0.119 V                             ; 0.02 V                              ; 4.51e-10 s                 ; 4.45e-10 s                 ; Yes                       ; Yes                       ;
; dummy_out[19] ; 2.5 V        ; 0 s                 ; 0 s                 ; 2.32 V                       ; 1.08e-06 V                   ; 2.36 V              ; -0.00994 V          ; 0.119 V                              ; 0.02 V                               ; 4.51e-10 s                  ; 4.45e-10 s                  ; Yes                        ; Yes                        ; 2.32 V                      ; 1.08e-06 V                  ; 2.36 V             ; -0.00994 V         ; 0.119 V                             ; 0.02 V                              ; 4.51e-10 s                 ; 4.45e-10 s                 ; Yes                       ; Yes                       ;
; dummy_out[20] ; 2.5 V        ; 0 s                 ; 0 s                 ; 2.32 V                       ; 1.08e-06 V                   ; 2.36 V              ; -0.00994 V          ; 0.119 V                              ; 0.02 V                               ; 4.51e-10 s                  ; 4.45e-10 s                  ; Yes                        ; Yes                        ; 2.32 V                      ; 1.08e-06 V                  ; 2.36 V             ; -0.00994 V         ; 0.119 V                             ; 0.02 V                              ; 4.51e-10 s                 ; 4.45e-10 s                 ; Yes                       ; Yes                       ;
; dummy_out[21] ; 2.5 V        ; 0 s                 ; 0 s                 ; 2.32 V                       ; 1.08e-06 V                   ; 2.36 V              ; -0.00994 V          ; 0.119 V                              ; 0.02 V                               ; 4.51e-10 s                  ; 4.45e-10 s                  ; Yes                        ; Yes                        ; 2.32 V                      ; 1.08e-06 V                  ; 2.36 V             ; -0.00994 V         ; 0.119 V                             ; 0.02 V                              ; 4.51e-10 s                 ; 4.45e-10 s                 ; Yes                       ; Yes                       ;
; dummy_out[22] ; 2.5 V        ; 0 s                 ; 0 s                 ; 2.32 V                       ; 1.08e-06 V                   ; 2.36 V              ; -0.00994 V          ; 0.119 V                              ; 0.02 V                               ; 4.51e-10 s                  ; 4.45e-10 s                  ; Yes                        ; Yes                        ; 2.32 V                      ; 1.08e-06 V                  ; 2.36 V             ; -0.00994 V         ; 0.119 V                             ; 0.02 V                              ; 4.51e-10 s                 ; 4.45e-10 s                 ; Yes                       ; Yes                       ;
; dummy_out[23] ; 2.5 V        ; 0 s                 ; 0 s                 ; 2.32 V                       ; 1.08e-06 V                   ; 2.36 V              ; -0.00994 V          ; 0.119 V                              ; 0.02 V                               ; 4.51e-10 s                  ; 4.45e-10 s                  ; Yes                        ; Yes                        ; 2.32 V                      ; 1.08e-06 V                  ; 2.36 V             ; -0.00994 V         ; 0.119 V                             ; 0.02 V                              ; 4.51e-10 s                 ; 4.45e-10 s                 ; Yes                       ; Yes                       ;
; dummy_out[24] ; 2.5 V        ; 0 s                 ; 0 s                 ; 2.32 V                       ; 7.24e-07 V                   ; 2.35 V              ; -0.011 V            ; 0.111 V                              ; 0.035 V                              ; 7.77e-10 s                  ; 8.06e-10 s                  ; Yes                        ; Yes                        ; 2.32 V                      ; 7.24e-07 V                  ; 2.35 V             ; -0.011 V           ; 0.111 V                             ; 0.035 V                             ; 7.77e-10 s                 ; 8.06e-10 s                 ; Yes                       ; Yes                       ;
; dummy_out[25] ; 2.5 V        ; 0 s                 ; 0 s                 ; 2.32 V                       ; 1.08e-06 V                   ; 2.36 V              ; -0.00994 V          ; 0.119 V                              ; 0.02 V                               ; 4.51e-10 s                  ; 4.45e-10 s                  ; Yes                        ; Yes                        ; 2.32 V                      ; 1.08e-06 V                  ; 2.36 V             ; -0.00994 V         ; 0.119 V                             ; 0.02 V                              ; 4.51e-10 s                 ; 4.45e-10 s                 ; Yes                       ; Yes                       ;
; dummy_out[26] ; 2.5 V        ; 0 s                 ; 0 s                 ; 2.32 V                       ; 1.08e-06 V                   ; 2.36 V              ; -0.00994 V          ; 0.119 V                              ; 0.02 V                               ; 4.51e-10 s                  ; 4.45e-10 s                  ; Yes                        ; Yes                        ; 2.32 V                      ; 1.08e-06 V                  ; 2.36 V             ; -0.00994 V         ; 0.119 V                             ; 0.02 V                              ; 4.51e-10 s                 ; 4.45e-10 s                 ; Yes                       ; Yes                       ;
; dummy_out[27] ; 2.5 V        ; 0 s                 ; 0 s                 ; 2.32 V                       ; 1.08e-06 V                   ; 2.36 V              ; -0.00994 V          ; 0.119 V                              ; 0.02 V                               ; 4.51e-10 s                  ; 4.45e-10 s                  ; Yes                        ; Yes                        ; 2.32 V                      ; 1.08e-06 V                  ; 2.36 V             ; -0.00994 V         ; 0.119 V                             ; 0.02 V                              ; 4.51e-10 s                 ; 4.45e-10 s                 ; Yes                       ; Yes                       ;
; dummy_out[28] ; 2.5 V        ; 0 s                 ; 0 s                 ; 2.32 V                       ; 1.08e-06 V                   ; 2.33 V              ; -0.00336 V          ; 0.17 V                               ; 0.085 V                              ; 3.33e-09 s                  ; 3.24e-09 s                  ; Yes                        ; Yes                        ; 2.32 V                      ; 1.08e-06 V                  ; 2.33 V             ; -0.00336 V         ; 0.17 V                              ; 0.085 V                             ; 3.33e-09 s                 ; 3.24e-09 s                 ; Yes                       ; Yes                       ;
; dummy_out[29] ; 2.5 V        ; 0 s                 ; 0 s                 ; 2.32 V                       ; 1.08e-06 V                   ; 2.36 V              ; -0.00994 V          ; 0.119 V                              ; 0.02 V                               ; 4.51e-10 s                  ; 4.45e-10 s                  ; Yes                        ; Yes                        ; 2.32 V                      ; 1.08e-06 V                  ; 2.36 V             ; -0.00994 V         ; 0.119 V                             ; 0.02 V                              ; 4.51e-10 s                 ; 4.45e-10 s                 ; Yes                       ; Yes                       ;
; dummy_out[30] ; 2.5 V        ; 0 s                 ; 0 s                 ; 2.32 V                       ; 1.08e-06 V                   ; 2.33 V              ; -0.00336 V          ; 0.17 V                               ; 0.085 V                              ; 3.33e-09 s                  ; 3.24e-09 s                  ; Yes                        ; Yes                        ; 2.32 V                      ; 1.08e-06 V                  ; 2.33 V             ; -0.00336 V         ; 0.17 V                              ; 0.085 V                             ; 3.33e-09 s                 ; 3.24e-09 s                 ; Yes                       ; Yes                       ;
; dummy_out[31] ; 2.5 V        ; 0 s                 ; 0 s                 ; 2.32 V                       ; 1.08e-06 V                   ; 2.36 V              ; -0.00994 V          ; 0.119 V                              ; 0.02 V                               ; 4.51e-10 s                  ; 4.45e-10 s                  ; Yes                        ; Yes                        ; 2.32 V                      ; 1.08e-06 V                  ; 2.36 V             ; -0.00994 V         ; 0.119 V                             ; 0.02 V                              ; 4.51e-10 s                 ; 4.45e-10 s                 ; Yes                       ; Yes                       ;
; ~ALTERA_DCLK~ ; 2.5 V        ; 0 s                 ; 0 s                 ; 2.32 V                       ; 5.67e-07 V                   ; 2.35 V              ; -0.0121 V           ; 0.081 V                              ; 0.025 V                              ; 5.28e-10 s                  ; 4.82e-10 s                  ; Yes                        ; Yes                        ; 2.32 V                      ; 5.67e-07 V                  ; 2.35 V             ; -0.0121 V          ; 0.081 V                             ; 0.025 V                             ; 5.28e-10 s                 ; 4.82e-10 s                 ; Yes                       ; Yes                       ;
; ~ALTERA_nCEO~ ; 2.5 V        ; 0 s                 ; 0 s                 ; 2.32 V                       ; 9.35e-07 V                   ; 2.35 V              ; -0.00478 V          ; 0.185 V                              ; 0.019 V                              ; 7.22e-10 s                  ; 9.86e-10 s                  ; Yes                        ; Yes                        ; 2.32 V                      ; 9.35e-07 V                  ; 2.35 V             ; -0.00478 V         ; 0.185 V                             ; 0.019 V                             ; 7.22e-10 s                 ; 9.86e-10 s                 ; Yes                       ; Yes                       ;
+---------------+--------------+---------------------+---------------------+------------------------------+------------------------------+---------------------+---------------------+--------------------------------------+--------------------------------------+-----------------------------+-----------------------------+----------------------------+----------------------------+-----------------------------+-----------------------------+--------------------+--------------------+-------------------------------------+-------------------------------------+----------------------------+----------------------------+---------------------------+---------------------------+


+--------------------------------------------------------------------------------------------------------------------------------------------------------------------------------------------------------------------------------------------------------------------------------------------------------------------------------------------------------------------------------------------------------------------------------------------------------------------------------------------------------------------------------------------------------------------------------------------------------------------------------------------------------------------------------------------+
; Signal Integrity Metrics (Fast 1200mv 0c Model)                                                                                                                                                                                                                                                                                                                                                                                                                                                                                                                                                                                                                                            ;
+---------------+--------------+---------------------+---------------------+------------------------------+------------------------------+---------------------+---------------------+--------------------------------------+--------------------------------------+-----------------------------+-----------------------------+----------------------------+----------------------------+-----------------------------+-----------------------------+--------------------+--------------------+-------------------------------------+-------------------------------------+----------------------------+----------------------------+---------------------------+---------------------------+
; Pin           ; I/O Standard ; Board Delay on Rise ; Board Delay on Fall ; Steady State Voh at FPGA Pin ; Steady State Vol at FPGA Pin ; Voh Max at FPGA Pin ; Vol Min at FPGA Pin ; Ringback Voltage on Rise at FPGA Pin ; Ringback Voltage on Fall at FPGA Pin ; 10-90 Rise Time at FPGA Pin ; 90-10 Fall Time at FPGA Pin ; Monotonic Rise at FPGA Pin ; Monotonic Fall at FPGA Pin ; Steady State Voh at Far-end ; Steady State Vol at Far-end ; Voh Max at Far-end ; Vol Min at Far-end ; Ringback Voltage on Rise at Far-end ; Ringback Voltage on Fall at Far-end ; 10-90 Rise Time at Far-end ; 90-10 Fall Time at Far-end ; Monotonic Rise at Far-end ; Monotonic Fall at Far-end ;
+---------------+--------------+---------------------+---------------------+------------------------------+------------------------------+---------------------+---------------------+--------------------------------------+--------------------------------------+-----------------------------+-----------------------------+----------------------------+----------------------------+-----------------------------+-----------------------------+--------------------+--------------------+-------------------------------------+-------------------------------------+----------------------------+----------------------------+---------------------------+---------------------------+
; dummy_out[0]  ; 2.5 V        ; 0 s                 ; 0 s                 ; 2.62 V                       ; 2.78e-08 V                   ; 2.71 V              ; -0.0338 V           ; 0.25 V                               ; 0.066 V                              ; 4.98e-10 s                  ; 5.2e-10 s                   ; No                         ; Yes                        ; 2.62 V                      ; 2.78e-08 V                  ; 2.71 V             ; -0.0338 V          ; 0.25 V                              ; 0.066 V                             ; 4.98e-10 s                 ; 5.2e-10 s                  ; No                        ; Yes                       ;
; dummy_out[1]  ; 2.5 V        ; 0 s                 ; 0 s                 ; 2.62 V                       ; 4.11e-08 V                   ; 2.72 V              ; -0.0549 V           ; 0.19 V                               ; 0.12 V                               ; 2.69e-10 s                  ; 2.76e-10 s                  ; Yes                        ; Yes                        ; 2.62 V                      ; 4.11e-08 V                  ; 2.72 V             ; -0.0549 V          ; 0.19 V                              ; 0.12 V                              ; 2.69e-10 s                 ; 2.76e-10 s                 ; Yes                       ; Yes                       ;
; dummy_out[2]  ; 2.5 V        ; 0 s                 ; 0 s                 ; 2.62 V                       ; 4.11e-08 V                   ; 2.72 V              ; -0.0549 V           ; 0.19 V                               ; 0.12 V                               ; 2.69e-10 s                  ; 2.76e-10 s                  ; Yes                        ; Yes                        ; 2.62 V                      ; 4.11e-08 V                  ; 2.72 V             ; -0.0549 V          ; 0.19 V                              ; 0.12 V                              ; 2.69e-10 s                 ; 2.76e-10 s                 ; Yes                       ; Yes                       ;
; dummy_out[3]  ; 2.5 V        ; 0 s                 ; 0 s                 ; 2.62 V                       ; 4.11e-08 V                   ; 2.72 V              ; -0.0549 V           ; 0.19 V                               ; 0.12 V                               ; 2.69e-10 s                  ; 2.76e-10 s                  ; Yes                        ; Yes                        ; 2.62 V                      ; 4.11e-08 V                  ; 2.72 V             ; -0.0549 V          ; 0.19 V                              ; 0.12 V                              ; 2.69e-10 s                 ; 2.76e-10 s                 ; Yes                       ; Yes                       ;
; dummy_out[4]  ; 2.5 V        ; 0 s                 ; 0 s                 ; 2.62 V                       ; 4.11e-08 V                   ; 2.72 V              ; -0.0549 V           ; 0.19 V                               ; 0.12 V                               ; 2.69e-10 s                  ; 2.76e-10 s                  ; Yes                        ; Yes                        ; 2.62 V                      ; 4.11e-08 V                  ; 2.72 V             ; -0.0549 V          ; 0.19 V                              ; 0.12 V                              ; 2.69e-10 s                 ; 2.76e-10 s                 ; Yes                       ; Yes                       ;
; dummy_out[5]  ; 2.5 V        ; 0 s                 ; 0 s                 ; 2.62 V                       ; 2.78e-08 V                   ; 2.71 V              ; -0.0338 V           ; 0.25 V                               ; 0.066 V                              ; 4.98e-10 s                  ; 5.2e-10 s                   ; No                         ; Yes                        ; 2.62 V                      ; 2.78e-08 V                  ; 2.71 V             ; -0.0338 V          ; 0.25 V                              ; 0.066 V                             ; 4.98e-10 s                 ; 5.2e-10 s                  ; No                        ; Yes                       ;
; dummy_out[6]  ; 2.5 V        ; 0 s                 ; 0 s                 ; 2.62 V                       ; 4.11e-08 V                   ; 2.72 V              ; -0.0549 V           ; 0.19 V                               ; 0.12 V                               ; 2.69e-10 s                  ; 2.76e-10 s                  ; Yes                        ; Yes                        ; 2.62 V                      ; 4.11e-08 V                  ; 2.72 V             ; -0.0549 V          ; 0.19 V                              ; 0.12 V                              ; 2.69e-10 s                 ; 2.76e-10 s                 ; Yes                       ; Yes                       ;
; dummy_out[7]  ; 2.5 V        ; 0 s                 ; 0 s                 ; 2.62 V                       ; 4.11e-08 V                   ; 2.72 V              ; -0.0549 V           ; 0.19 V                               ; 0.12 V                               ; 2.69e-10 s                  ; 2.76e-10 s                  ; Yes                        ; Yes                        ; 2.62 V                      ; 4.11e-08 V                  ; 2.72 V             ; -0.0549 V          ; 0.19 V                              ; 0.12 V                              ; 2.69e-10 s                 ; 2.76e-10 s                 ; Yes                       ; Yes                       ;
; dummy_out[8]  ; 2.5 V        ; 0 s                 ; 0 s                 ; 2.62 V                       ; 2.78e-08 V                   ; 2.71 V              ; -0.0338 V           ; 0.25 V                               ; 0.066 V                              ; 4.98e-10 s                  ; 5.2e-10 s                   ; No                         ; Yes                        ; 2.62 V                      ; 2.78e-08 V                  ; 2.71 V             ; -0.0338 V          ; 0.25 V                              ; 0.066 V                             ; 4.98e-10 s                 ; 5.2e-10 s                  ; No                        ; Yes                       ;
; dummy_out[9]  ; 2.5 V        ; 0 s                 ; 0 s                 ; 2.62 V                       ; 4.11e-08 V                   ; 2.72 V              ; -0.0549 V           ; 0.19 V                               ; 0.12 V                               ; 2.69e-10 s                  ; 2.76e-10 s                  ; Yes                        ; Yes                        ; 2.62 V                      ; 4.11e-08 V                  ; 2.72 V             ; -0.0549 V          ; 0.19 V                              ; 0.12 V                              ; 2.69e-10 s                 ; 2.76e-10 s                 ; Yes                       ; Yes                       ;
; dummy_out[10] ; 2.5 V        ; 0 s                 ; 0 s                 ; 2.62 V                       ; 2.78e-08 V                   ; 2.71 V              ; -0.0338 V           ; 0.25 V                               ; 0.066 V                              ; 4.98e-10 s                  ; 5.2e-10 s                   ; No                         ; Yes                        ; 2.62 V                      ; 2.78e-08 V                  ; 2.71 V             ; -0.0338 V          ; 0.25 V                              ; 0.066 V                             ; 4.98e-10 s                 ; 5.2e-10 s                  ; No                        ; Yes                       ;
; dummy_out[11] ; 2.5 V        ; 0 s                 ; 0 s                 ; 2.62 V                       ; 2.78e-08 V                   ; 2.71 V              ; -0.0338 V           ; 0.25 V                               ; 0.066 V                              ; 4.98e-10 s                  ; 5.2e-10 s                   ; No                         ; Yes                        ; 2.62 V                      ; 2.78e-08 V                  ; 2.71 V             ; -0.0338 V          ; 0.25 V                              ; 0.066 V                             ; 4.98e-10 s                 ; 5.2e-10 s                  ; No                        ; Yes                       ;
; dummy_out[12] ; 2.5 V        ; 0 s                 ; 0 s                 ; 2.62 V                       ; 4.11e-08 V                   ; 2.64 V              ; -0.0111 V           ; 0.21 V                               ; 0.135 V                              ; 2.38e-09 s                  ; 2.28e-09 s                  ; No                         ; Yes                        ; 2.62 V                      ; 4.11e-08 V                  ; 2.64 V             ; -0.0111 V          ; 0.21 V                              ; 0.135 V                             ; 2.38e-09 s                 ; 2.28e-09 s                 ; No                        ; Yes                       ;
; dummy_out[13] ; 2.5 V        ; 0 s                 ; 0 s                 ; 2.62 V                       ; 4.11e-08 V                   ; 2.72 V              ; -0.0549 V           ; 0.19 V                               ; 0.12 V                               ; 2.69e-10 s                  ; 2.76e-10 s                  ; Yes                        ; Yes                        ; 2.62 V                      ; 4.11e-08 V                  ; 2.72 V             ; -0.0549 V          ; 0.19 V                              ; 0.12 V                              ; 2.69e-10 s                 ; 2.76e-10 s                 ; Yes                       ; Yes                       ;
; dummy_out[14] ; 2.5 V        ; 0 s                 ; 0 s                 ; 2.62 V                       ; 4.11e-08 V                   ; 2.72 V              ; -0.0549 V           ; 0.19 V                               ; 0.12 V                               ; 2.69e-10 s                  ; 2.76e-10 s                  ; Yes                        ; Yes                        ; 2.62 V                      ; 4.11e-08 V                  ; 2.72 V             ; -0.0549 V          ; 0.19 V                              ; 0.12 V                              ; 2.69e-10 s                 ; 2.76e-10 s                 ; Yes                       ; Yes                       ;
; dummy_out[15] ; 2.5 V        ; 0 s                 ; 0 s                 ; 2.62 V                       ; 4.11e-08 V                   ; 2.72 V              ; -0.0549 V           ; 0.19 V                               ; 0.12 V                               ; 2.69e-10 s                  ; 2.76e-10 s                  ; Yes                        ; Yes                        ; 2.62 V                      ; 4.11e-08 V                  ; 2.72 V             ; -0.0549 V          ; 0.19 V                              ; 0.12 V                              ; 2.69e-10 s                 ; 2.76e-10 s                 ; Yes                       ; Yes                       ;
; dummy_out[16] ; 2.5 V        ; 0 s                 ; 0 s                 ; 2.62 V                       ; 2.78e-08 V                   ; 2.71 V              ; -0.0338 V           ; 0.25 V                               ; 0.066 V                              ; 4.98e-10 s                  ; 5.2e-10 s                   ; No                         ; Yes                        ; 2.62 V                      ; 2.78e-08 V                  ; 2.71 V             ; -0.0338 V          ; 0.25 V                              ; 0.066 V                             ; 4.98e-10 s                 ; 5.2e-10 s                  ; No                        ; Yes                       ;
; dummy_out[17] ; 2.5 V        ; 0 s                 ; 0 s                 ; 2.62 V                       ; 2.78e-08 V                   ; 2.71 V              ; -0.0338 V           ; 0.25 V                               ; 0.066 V                              ; 4.98e-10 s                  ; 5.2e-10 s                   ; No                         ; Yes                        ; 2.62 V                      ; 2.78e-08 V                  ; 2.71 V             ; -0.0338 V          ; 0.25 V                              ; 0.066 V                             ; 4.98e-10 s                 ; 5.2e-10 s                  ; No                        ; Yes                       ;
; dummy_out[18] ; 2.5 V        ; 0 s                 ; 0 s                 ; 2.62 V                       ; 4.11e-08 V                   ; 2.72 V              ; -0.0549 V           ; 0.19 V                               ; 0.12 V                               ; 2.69e-10 s                  ; 2.76e-10 s                  ; Yes                        ; Yes                        ; 2.62 V                      ; 4.11e-08 V                  ; 2.72 V             ; -0.0549 V          ; 0.19 V                              ; 0.12 V                              ; 2.69e-10 s                 ; 2.76e-10 s                 ; Yes                       ; Yes                       ;
; dummy_out[19] ; 2.5 V        ; 0 s                 ; 0 s                 ; 2.62 V                       ; 4.11e-08 V                   ; 2.72 V              ; -0.0549 V           ; 0.19 V                               ; 0.12 V                               ; 2.69e-10 s                  ; 2.76e-10 s                  ; Yes                        ; Yes                        ; 2.62 V                      ; 4.11e-08 V                  ; 2.72 V             ; -0.0549 V          ; 0.19 V                              ; 0.12 V                              ; 2.69e-10 s                 ; 2.76e-10 s                 ; Yes                       ; Yes                       ;
; dummy_out[20] ; 2.5 V        ; 0 s                 ; 0 s                 ; 2.62 V                       ; 4.11e-08 V                   ; 2.72 V              ; -0.0549 V           ; 0.19 V                               ; 0.12 V                               ; 2.69e-10 s                  ; 2.76e-10 s                  ; Yes                        ; Yes                        ; 2.62 V                      ; 4.11e-08 V                  ; 2.72 V             ; -0.0549 V          ; 0.19 V                              ; 0.12 V                              ; 2.69e-10 s                 ; 2.76e-10 s                 ; Yes                       ; Yes                       ;
; dummy_out[21] ; 2.5 V        ; 0 s                 ; 0 s                 ; 2.62 V                       ; 4.11e-08 V                   ; 2.72 V              ; -0.0549 V           ; 0.19 V                               ; 0.12 V                               ; 2.69e-10 s                  ; 2.76e-10 s                  ; Yes                        ; Yes                        ; 2.62 V                      ; 4.11e-08 V                  ; 2.72 V             ; -0.0549 V          ; 0.19 V                              ; 0.12 V                              ; 2.69e-10 s                 ; 2.76e-10 s                 ; Yes                       ; Yes                       ;
; dummy_out[22] ; 2.5 V        ; 0 s                 ; 0 s                 ; 2.62 V                       ; 4.11e-08 V                   ; 2.72 V              ; -0.0549 V           ; 0.19 V                               ; 0.12 V                               ; 2.69e-10 s                  ; 2.76e-10 s                  ; Yes                        ; Yes                        ; 2.62 V                      ; 4.11e-08 V                  ; 2.72 V             ; -0.0549 V          ; 0.19 V                              ; 0.12 V                              ; 2.69e-10 s                 ; 2.76e-10 s                 ; Yes                       ; Yes                       ;
; dummy_out[23] ; 2.5 V        ; 0 s                 ; 0 s                 ; 2.62 V                       ; 4.11e-08 V                   ; 2.72 V              ; -0.0549 V           ; 0.19 V                               ; 0.12 V                               ; 2.69e-10 s                  ; 2.76e-10 s                  ; Yes                        ; Yes                        ; 2.62 V                      ; 4.11e-08 V                  ; 2.72 V             ; -0.0549 V          ; 0.19 V                              ; 0.12 V                              ; 2.69e-10 s                 ; 2.76e-10 s                 ; Yes                       ; Yes                       ;
; dummy_out[24] ; 2.5 V        ; 0 s                 ; 0 s                 ; 2.62 V                       ; 2.78e-08 V                   ; 2.71 V              ; -0.0338 V           ; 0.25 V                               ; 0.066 V                              ; 4.98e-10 s                  ; 5.2e-10 s                   ; No                         ; Yes                        ; 2.62 V                      ; 2.78e-08 V                  ; 2.71 V             ; -0.0338 V          ; 0.25 V                              ; 0.066 V                             ; 4.98e-10 s                 ; 5.2e-10 s                  ; No                        ; Yes                       ;
; dummy_out[25] ; 2.5 V        ; 0 s                 ; 0 s                 ; 2.62 V                       ; 4.11e-08 V                   ; 2.72 V              ; -0.0549 V           ; 0.19 V                               ; 0.12 V                               ; 2.69e-10 s                  ; 2.76e-10 s                  ; Yes                        ; Yes                        ; 2.62 V                      ; 4.11e-08 V                  ; 2.72 V             ; -0.0549 V          ; 0.19 V                              ; 0.12 V                              ; 2.69e-10 s                 ; 2.76e-10 s                 ; Yes                       ; Yes                       ;
; dummy_out[26] ; 2.5 V        ; 0 s                 ; 0 s                 ; 2.62 V                       ; 4.11e-08 V                   ; 2.72 V              ; -0.0549 V           ; 0.19 V                               ; 0.12 V                               ; 2.69e-10 s                  ; 2.76e-10 s                  ; Yes                        ; Yes                        ; 2.62 V                      ; 4.11e-08 V                  ; 2.72 V             ; -0.0549 V          ; 0.19 V                              ; 0.12 V                              ; 2.69e-10 s                 ; 2.76e-10 s                 ; Yes                       ; Yes                       ;
; dummy_out[27] ; 2.5 V        ; 0 s                 ; 0 s                 ; 2.62 V                       ; 4.11e-08 V                   ; 2.72 V              ; -0.0549 V           ; 0.19 V                               ; 0.12 V                               ; 2.69e-10 s                  ; 2.76e-10 s                  ; Yes                        ; Yes                        ; 2.62 V                      ; 4.11e-08 V                  ; 2.72 V             ; -0.0549 V          ; 0.19 V                              ; 0.12 V                              ; 2.69e-10 s                 ; 2.76e-10 s                 ; Yes                       ; Yes                       ;
; dummy_out[28] ; 2.5 V        ; 0 s                 ; 0 s                 ; 2.62 V                       ; 4.11e-08 V                   ; 2.64 V              ; -0.0111 V           ; 0.21 V                               ; 0.135 V                              ; 2.38e-09 s                  ; 2.28e-09 s                  ; No                         ; Yes                        ; 2.62 V                      ; 4.11e-08 V                  ; 2.64 V             ; -0.0111 V          ; 0.21 V                              ; 0.135 V                             ; 2.38e-09 s                 ; 2.28e-09 s                 ; No                        ; Yes                       ;
; dummy_out[29] ; 2.5 V        ; 0 s                 ; 0 s                 ; 2.62 V                       ; 4.11e-08 V                   ; 2.72 V              ; -0.0549 V           ; 0.19 V                               ; 0.12 V                               ; 2.69e-10 s                  ; 2.76e-10 s                  ; Yes                        ; Yes                        ; 2.62 V                      ; 4.11e-08 V                  ; 2.72 V             ; -0.0549 V          ; 0.19 V                              ; 0.12 V                              ; 2.69e-10 s                 ; 2.76e-10 s                 ; Yes                       ; Yes                       ;
; dummy_out[30] ; 2.5 V        ; 0 s                 ; 0 s                 ; 2.62 V                       ; 4.11e-08 V                   ; 2.64 V              ; -0.0111 V           ; 0.21 V                               ; 0.135 V                              ; 2.38e-09 s                  ; 2.28e-09 s                  ; No                         ; Yes                        ; 2.62 V                      ; 4.11e-08 V                  ; 2.64 V             ; -0.0111 V          ; 0.21 V                              ; 0.135 V                             ; 2.38e-09 s                 ; 2.28e-09 s                 ; No                        ; Yes                       ;
; dummy_out[31] ; 2.5 V        ; 0 s                 ; 0 s                 ; 2.62 V                       ; 4.11e-08 V                   ; 2.72 V              ; -0.0549 V           ; 0.19 V                               ; 0.12 V                               ; 2.69e-10 s                  ; 2.76e-10 s                  ; Yes                        ; Yes                        ; 2.62 V                      ; 4.11e-08 V                  ; 2.72 V             ; -0.0549 V          ; 0.19 V                              ; 0.12 V                              ; 2.69e-10 s                 ; 2.76e-10 s                 ; Yes                       ; Yes                       ;
; ~ALTERA_DCLK~ ; 2.5 V        ; 0 s                 ; 0 s                 ; 2.62 V                       ; 2.19e-08 V                   ; 2.71 V              ; -0.0718 V           ; 0.277 V                              ; 0.167 V                              ; 3.12e-10 s                  ; 3.02e-10 s                  ; No                         ; Yes                        ; 2.62 V                      ; 2.19e-08 V                  ; 2.71 V             ; -0.0718 V          ; 0.277 V                             ; 0.167 V                             ; 3.12e-10 s                 ; 3.02e-10 s                 ; No                        ; Yes                       ;
; ~ALTERA_nCEO~ ; 2.5 V        ; 0 s                 ; 0 s                 ; 2.62 V                       ; 3.52e-08 V                   ; 2.7 V               ; -0.0198 V           ; 0.2 V                                ; 0.049 V                              ; 4.85e-10 s                  ; 6.73e-10 s                  ; Yes                        ; Yes                        ; 2.62 V                      ; 3.52e-08 V                  ; 2.7 V              ; -0.0198 V          ; 0.2 V                               ; 0.049 V                             ; 4.85e-10 s                 ; 6.73e-10 s                 ; Yes                       ; Yes                       ;
+---------------+--------------+---------------------+---------------------+------------------------------+------------------------------+---------------------+---------------------+--------------------------------------+--------------------------------------+-----------------------------+-----------------------------+----------------------------+----------------------------+-----------------------------+-----------------------------+--------------------+--------------------+-------------------------------------+-------------------------------------+----------------------------+----------------------------+---------------------------+---------------------------+


+-----------------------------------------------------------------------+
; Setup Transfers                                                       ;
+------------+----------+--------------+----------+----------+----------+
; From Clock ; To Clock ; RR Paths     ; FR Paths ; RF Paths ; FF Paths ;
+------------+----------+--------------+----------+----------+----------+
; clk        ; clk      ; > 2147483647 ; 0        ; 0        ; 0        ;
+------------+----------+--------------+----------+----------+----------+
Entries labeled "false path" only account for clock-to-clock false paths and not path-based false paths. As a result, actual path counts may be lower than reported.


+-----------------------------------------------------------------------+
; Hold Transfers                                                        ;
+------------+----------+--------------+----------+----------+----------+
; From Clock ; To Clock ; RR Paths     ; FR Paths ; RF Paths ; FF Paths ;
+------------+----------+--------------+----------+----------+----------+
; clk        ; clk      ; > 2147483647 ; 0        ; 0        ; 0        ;
+------------+----------+--------------+----------+----------+----------+
Entries labeled "false path" only account for clock-to-clock false paths and not path-based false paths. As a result, actual path counts may be lower than reported.


---------------
; Report TCCS ;
---------------
No dedicated SERDES Transmitter circuitry present in device or used in design


---------------
; Report RSKM ;
---------------
No dedicated SERDES Receiver circuitry present in device or used in design


+-------------------------------------------------+
; Unconstrained Paths                             ;
+---------------------------------+-------+-------+
; Property                        ; Setup ; Hold  ;
+---------------------------------+-------+-------+
; Illegal Clocks                  ; 0     ; 0     ;
; Unconstrained Clocks            ; 0     ; 0     ;
; Unconstrained Input Ports       ; 1     ; 1     ;
; Unconstrained Input Port Paths  ; 140   ; 140   ;
; Unconstrained Output Ports      ; 32    ; 32    ;
; Unconstrained Output Port Paths ; 66304 ; 66304 ;
+---------------------------------+-------+-------+


+------------------------------------+
; TimeQuest Timing Analyzer Messages ;
+------------------------------------+
Info: *******************************************************************
Info: Running Quartus II 64-Bit TimeQuest Timing Analyzer
    Info: Version 13.0.1 Build 232 06/12/2013 Service Pack 1 SJ Web Edition
    Info: Processing started: Sun Jun 28 09:17:30 2026
Info: Command: quartus_sta RISCV-Multicore-Project -c RISCV-Multicore-Project
Info: qsta_default_script.tcl version: #1
Info (11104): Parallel Compilation has detected 16 hyper-threaded processors. However, the extra hyper-threaded processors will not be used by default. Parallel Compilation will use 8 of the 8 physical processors detected instead.
Info (21076): High junction temperature operating condition is not set. Assuming a default value of '85'.
Info (21076): Low junction temperature operating condition is not set. Assuming a default value of '0'.
Info (332104): Reading SDC File: 'timing.sdc'
Warning (332125): Found combinational loop of 2 nodes
    Warning (332126): Node "Core_0|Equal0~30|combout"
    Warning (332126): Node "Core_0|Equal0~30|dataa"
Warning (332125): Found combinational loop of 2 nodes
    Warning (332126): Node "Core_1|Equal0~28|combout"
    Warning (332126): Node "Core_1|Equal0~28|dataa"
Critical Warning (332168): The following clock transfers have no clock uncertainty assignment. For more accurate results, apply clock uncertainty assignments or use the derive_clock_uncertainty command.
    Critical Warning (332169): From clk (Rise) to clk (Rise) (setup and hold)
Info: Found TIMEQUEST_REPORT_SCRIPT_INCLUDE_DEFAULT_ANALYSIS = ON
Info: Analyzing Slow 1200mV 85C Model
Critical Warning (332148): Timing requirements not met
    Info (11105): For recommendations on closing timing, run Report Timing Closure Recommendations in the TimeQuest Timing Analyzer.
Info (332146): Worst-case setup slack is -10.945
    Info (332119):     Slack End Point TNS Clock 
    Info (332119): ========= ============= =====================
    Info (332119):   -10.945   -117197.657 clk 
Info (332146): Worst-case hold slack is 0.339
    Info (332119):     Slack End Point TNS Clock 
    Info (332119): ========= ============= =====================
    Info (332119):     0.339         0.000 clk 
Info (332140): No Recovery paths to report
Info (332140): No Removal paths to report
Info (332146): Worst-case minimum pulse width slack is 9.650
    Info (332119):     Slack End Point TNS Clock 
    Info (332119): ========= ============= =====================
    Info (332119):     9.650         0.000 clk 
Info: Analyzing Slow 1200mV 0C Model
Info (334003): Started post-fitting delay annotation
Info (334004): Delay annotation completed successfully
Critical Warning (332168): The following clock transfers have no clock uncertainty assignment. For more accurate results, apply clock uncertainty assignments or use the derive_clock_uncertainty command.
    Critical Warning (332169): From clk (Rise) to clk (Rise) (setup and hold)
Critical Warning (332148): Timing requirements not met
    Info (11105): For recommendations on closing timing, run Report Timing Closure Recommendations in the TimeQuest Timing Analyzer.
Info (332146): Worst-case setup slack is -7.831
    Info (332119):     Slack End Point TNS Clock 
    Info (332119): ========= ============= =====================
    Info (332119):    -7.831    -68756.128 clk 
Info (332146): Worst-case hold slack is 0.294
    Info (332119):     Slack End Point TNS Clock 
    Info (332119): ========= ============= =====================
    Info (332119):     0.294         0.000 clk 
Info (332140): No Recovery paths to report
Info (332140): No Removal paths to report
Info (332146): Worst-case minimum pulse width slack is 9.690
    Info (332119):     Slack End Point TNS Clock 
    Info (332119): ========= ============= =====================
    Info (332119):     9.690         0.000 clk 
Info: Analyzing Fast 1200mV 0C Model
Critical Warning (332168): The following clock transfers have no clock uncertainty assignment. For more accurate results, apply clock uncertainty assignments or use the derive_clock_uncertainty command.
    Critical Warning (332169): From clk (Rise) to clk (Rise) (setup and hold)
Info (332146): Worst-case setup slack is 1.938
    Info (332119):     Slack End Point TNS Clock 
    Info (332119): ========= ============= =====================
    Info (332119):     1.938         0.000 clk 
Info (332146): Worst-case hold slack is 0.177
    Info (332119):     Slack End Point TNS Clock 
    Info (332119): ========= ============= =====================
    Info (332119):     0.177         0.000 clk 
Info (332140): No Recovery paths to report
Info (332140): No Removal paths to report
Info (332146): Worst-case minimum pulse width slack is 9.409
    Info (332119):     Slack End Point TNS Clock 
    Info (332119): ========= ============= =====================
    Info (332119):     9.409         0.000 clk 
Info (332102): Design is not fully constrained for setup requirements
Info (332102): Design is not fully constrained for hold requirements
Info: Quartus II 64-Bit TimeQuest Timing Analyzer was successful. 0 errors, 14 warnings
    Info: Peak virtual memory: 5528 megabytes
    Info: Processing ended: Sun Jun 28 09:17:55 2026
    Info: Elapsed time: 00:00:25
    Info: Total CPU time (on all processors): 00:00:37


