Fitter report for RISCV-Multicore-Project
Sun Jun 28 09:17:20 2026
Quartus II 64-Bit Version 13.0.1 Build 232 06/12/2013 Service Pack 1 SJ Web Edition


---------------------
; Table of Contents ;
---------------------
  1. Legal Notice
  2. Fitter Summary
  3. Fitter Settings
  4. Parallel Compilation
  5. I/O Assignment Warnings
  6. Incremental Compilation Preservation Summary
  7. Incremental Compilation Partition Settings
  8. Incremental Compilation Placement Preservation
  9. Pin-Out File
 10. Fitter Resource Usage Summary
 11. Fitter Partition Statistics
 12. Input Pins
 13. Output Pins
 14. Dual Purpose and Dedicated Pins
 15. I/O Bank Usage
 16. All Package Pins
 17. Fitter Resource Utilization by Entity
 18. Delay Chain Summary
 19. Pad To Core Delay Chain Fanout
 20. Control Signals
 21. Global & Other Fast Signals
 22. Non-Global High Fan-Out Signals
 23. Other Routing Usage Summary
 24. LAB Logic Elements
 25. LAB-wide Signals
 26. LAB Signals Sourced
 27. LAB Signals Sourced Out
 28. LAB Distinct Inputs
 29. I/O Rules Summary
 30. I/O Rules Details
 31. I/O Rules Matrix
 32. Fitter Device Options
 33. Operating Settings and Conditions
 34. Fitter Messages
 35. Fitter Suppressed Messages



----------------
; Legal Notice ;
----------------
Copyright (C) 1991-2013 Altera Corporation
Your use of Altera Corporation's design tools, logic functions 
and other software and tools, and its AMPP partner logic 
functions, and any output files from any of the foregoing 
(including device programming or simulation files), and any 
associated documentation or information are expressly subject 
to the terms and conditions of the Altera Program License 
Subscription Agreement, Altera MegaCore Function License 
Agreement, or other applicable license agreement, including, 
without limitation, that your use is for the sole purpose of 
programming logic devices manufactured by Altera and sold by 
Altera or its authorized distributors.  Please refer to the 
applicable agreement for further details.



+--------------------------------------------------------------------------------------+
; Fitter Summary                                                                       ;
+------------------------------------+-------------------------------------------------+
; Fitter Status                      ; Successful - Sun Jun 28 09:17:19 2026           ;
; Quartus II 64-Bit Version          ; 13.0.1 Build 232 06/12/2013 SP 1 SJ Web Edition ;
; Revision Name                      ; RISCV-Multicore-Project                         ;
; Top-level Entity Name              ; DualCore_Top                                    ;
; Family                             ; Cyclone IV E                                    ;
; Device                             ; EP4CE40F23C6                                    ;
; Timing Models                      ; Final                                           ;
; Total logic elements               ; 29,746 / 39,600 ( 75 % )                        ;
;     Total combinational functions  ; 17,672 / 39,600 ( 45 % )                        ;
;     Dedicated logic registers      ; 18,572 / 39,600 ( 47 % )                        ;
; Total registers                    ; 18572                                           ;
; Total pins                         ; 34 / 329 ( 10 % )                               ;
; Total virtual pins                 ; 0                                               ;
; Total memory bits                  ; 0 / 1,161,216 ( 0 % )                           ;
; Embedded Multiplier 9-bit elements ; 0 / 232 ( 0 % )                                 ;
; Total PLLs                         ; 0 / 4 ( 0 % )                                   ;
+------------------------------------+-------------------------------------------------+


+------------------------------------------------------------------------------------------------------------------------------------------------------------+
; Fitter Settings                                                                                                                                            ;
+----------------------------------------------------------------------------+---------------------------------------+---------------------------------------+
; Option                                                                     ; Setting                               ; Default Value                         ;
+----------------------------------------------------------------------------+---------------------------------------+---------------------------------------+
; Device                                                                     ; AUTO                                  ;                                       ;
; Fit Attempts to Skip                                                       ; 0                                     ; 0.0                                   ;
; Use smart compilation                                                      ; Off                                   ; Off                                   ;
; Enable parallel Assembler and TimeQuest Timing Analyzer during compilation ; On                                    ; On                                    ;
; Enable compact report table                                                ; Off                                   ; Off                                   ;
; Auto Merge PLLs                                                            ; On                                    ; On                                    ;
; Router Timing Optimization Level                                           ; Normal                                ; Normal                                ;
; Perform Clocking Topology Analysis During Routing                          ; Off                                   ; Off                                   ;
; Placement Effort Multiplier                                                ; 1.0                                   ; 1.0                                   ;
; Router Effort Multiplier                                                   ; 1.0                                   ; 1.0                                   ;
; Optimize Hold Timing                                                       ; All Paths                             ; All Paths                             ;
; Optimize Multi-Corner Timing                                               ; On                                    ; On                                    ;
; PowerPlay Power Optimization                                               ; Normal compilation                    ; Normal compilation                    ;
; SSN Optimization                                                           ; Off                                   ; Off                                   ;
; Optimize Timing                                                            ; Normal compilation                    ; Normal compilation                    ;
; Optimize Timing for ECOs                                                   ; Off                                   ; Off                                   ;
; Regenerate full fit report during ECO compiles                             ; Off                                   ; Off                                   ;
; Optimize IOC Register Placement for Timing                                 ; Normal                                ; Normal                                ;
; Limit to One Fitting Attempt                                               ; Off                                   ; Off                                   ;
; Final Placement Optimizations                                              ; Automatically                         ; Automatically                         ;
; Fitter Aggressive Routability Optimizations                                ; Automatically                         ; Automatically                         ;
; Fitter Initial Placement Seed                                              ; 1                                     ; 1                                     ;
; PCI I/O                                                                    ; Off                                   ; Off                                   ;
; Weak Pull-Up Resistor                                                      ; Off                                   ; Off                                   ;
; Enable Bus-Hold Circuitry                                                  ; Off                                   ; Off                                   ;
; Auto Packed Registers                                                      ; Auto                                  ; Auto                                  ;
; Auto Delay Chains                                                          ; On                                    ; On                                    ;
; Auto Delay Chains for High Fanout Input Pins                               ; Off                                   ; Off                                   ;
; Allow Single-ended Buffer for Differential-XSTL Input                      ; Off                                   ; Off                                   ;
; Treat Bidirectional Pin as Output Pin                                      ; Off                                   ; Off                                   ;
; Perform Physical Synthesis for Combinational Logic for Fitting             ; Off                                   ; Off                                   ;
; Perform Physical Synthesis for Combinational Logic for Performance         ; Off                                   ; Off                                   ;
; Perform Register Duplication for Performance                               ; Off                                   ; Off                                   ;
; Perform Logic to Memory Mapping for Fitting                                ; Off                                   ; Off                                   ;
; Perform Register Retiming for Performance                                  ; Off                                   ; Off                                   ;
; Perform Asynchronous Signal Pipelining                                     ; Off                                   ; Off                                   ;
; Fitter Effort                                                              ; Auto Fit                              ; Auto Fit                              ;
; Physical Synthesis Effort Level                                            ; Normal                                ; Normal                                ;
; Logic Cell Insertion - Logic Duplication                                   ; Auto                                  ; Auto                                  ;
; Auto Register Duplication                                                  ; Auto                                  ; Auto                                  ;
; Auto Global Clock                                                          ; On                                    ; On                                    ;
; Auto Global Register Control Signals                                       ; On                                    ; On                                    ;
; Reserve all unused pins                                                    ; As input tri-stated with weak pull-up ; As input tri-stated with weak pull-up ;
; Synchronizer Identification                                                ; Off                                   ; Off                                   ;
; Enable Beneficial Skew Optimization                                        ; On                                    ; On                                    ;
; Optimize Design for Metastability                                          ; On                                    ; On                                    ;
; Force Fitter to Avoid Periphery Placement Warnings                         ; Off                                   ; Off                                   ;
; Enable input tri-state on active configuration pins in user mode           ; Off                                   ; Off                                   ;
+----------------------------------------------------------------------------+---------------------------------------+---------------------------------------+


+------------------------------------------+
; Parallel Compilation                     ;
+----------------------------+-------------+
; Processors                 ; Number      ;
+----------------------------+-------------+
; Number detected on machine ; 16          ;
; Maximum allowed            ; 8           ;
;                            ;             ;
; Average used               ; 5.94        ;
; Maximum used               ; 8           ;
;                            ;             ;
; Usage by Processor         ; % Time Used ;
;     Processor 1            ; 100.0%      ;
;     Processors 2-4         ;  74.0%      ;
;     Processors 5-8         ;  68.0%      ;
;     Processors 9-16        ;   0.0%      ;
+----------------------------+-------------+


+-----------------------------------------------+
; I/O Assignment Warnings                       ;
+---------------+-------------------------------+
; Pin Name      ; Reason                        ;
+---------------+-------------------------------+
; dummy_out[0]  ; Incomplete set of assignments ;
; dummy_out[1]  ; Incomplete set of assignments ;
; dummy_out[2]  ; Incomplete set of assignments ;
; dummy_out[3]  ; Incomplete set of assignments ;
; dummy_out[4]  ; Incomplete set of assignments ;
; dummy_out[5]  ; Incomplete set of assignments ;
; dummy_out[6]  ; Incomplete set of assignments ;
; dummy_out[7]  ; Incomplete set of assignments ;
; dummy_out[8]  ; Incomplete set of assignments ;
; dummy_out[9]  ; Incomplete set of assignments ;
; dummy_out[10] ; Incomplete set of assignments ;
; dummy_out[11] ; Incomplete set of assignments ;
; dummy_out[12] ; Incomplete set of assignments ;
; dummy_out[13] ; Incomplete set of assignments ;
; dummy_out[14] ; Incomplete set of assignments ;
; dummy_out[15] ; Incomplete set of assignments ;
; dummy_out[16] ; Incomplete set of assignments ;
; dummy_out[17] ; Incomplete set of assignments ;
; dummy_out[18] ; Incomplete set of assignments ;
; dummy_out[19] ; Incomplete set of assignments ;
; dummy_out[20] ; Incomplete set of assignments ;
; dummy_out[21] ; Incomplete set of assignments ;
; dummy_out[22] ; Incomplete set of assignments ;
; dummy_out[23] ; Incomplete set of assignments ;
; dummy_out[24] ; Incomplete set of assignments ;
; dummy_out[25] ; Incomplete set of assignments ;
; dummy_out[26] ; Incomplete set of assignments ;
; dummy_out[27] ; Incomplete set of assignments ;
; dummy_out[28] ; Incomplete set of assignments ;
; dummy_out[29] ; Incomplete set of assignments ;
; dummy_out[30] ; Incomplete set of assignments ;
; dummy_out[31] ; Incomplete set of assignments ;
; clk           ; Incomplete set of assignments ;
; reset         ; Incomplete set of assignments ;
+---------------+-------------------------------+


+----------------------------------------------+
; Incremental Compilation Preservation Summary ;
+---------------------+------------------------+
; Type                ; Value                  ;
+---------------------+------------------------+
; Placement (by node) ;                        ;
;     -- Requested    ; 0 / 36323 ( 0.00 % )   ;
;     -- Achieved     ; 0 / 36323 ( 0.00 % )   ;
;                     ;                        ;
; Routing (by net)    ;                        ;
;     -- Requested    ; 0 / 0 ( 0.00 % )       ;
;     -- Achieved     ; 0 / 0 ( 0.00 % )       ;
+---------------------+------------------------+


+----------------------------------------------------------------------------------------------------------------------------------------------------------------------------------------+
; Incremental Compilation Partition Settings                                                                                                                                             ;
+--------------------------------+----------------+-------------------+-------------------------+------------------------+------------------------------+--------------------------------+
; Partition Name                 ; Partition Type ; Netlist Type Used ; Preservation Level Used ; Netlist Type Requested ; Preservation Level Requested ; Contents                       ;
+--------------------------------+----------------+-------------------+-------------------------+------------------------+------------------------------+--------------------------------+
; Top                            ; User-created   ; Source File       ; N/A                     ; Source File            ; N/A                          ;                                ;
; hard_block:auto_generated_inst ; Auto-generated ; Source File       ; N/A                     ; Source File            ; N/A                          ; hard_block:auto_generated_inst ;
+--------------------------------+----------------+-------------------+-------------------------+------------------------+------------------------------+--------------------------------+


+------------------------------------------------------------------------------------------------------------+
; Incremental Compilation Placement Preservation                                                             ;
+--------------------------------+---------+-------------------+-------------------------+-------------------+
; Partition Name                 ; # Nodes ; # Preserved Nodes ; Preservation Level Used ; Netlist Type Used ;
+--------------------------------+---------+-------------------+-------------------------+-------------------+
; Top                            ; 36313   ; 0                 ; N/A                     ; Source File       ;
; hard_block:auto_generated_inst ; 10      ; 0                 ; N/A                     ; Source File       ;
+--------------------------------+---------+-------------------+-------------------------+-------------------+


+--------------+
; Pin-Out File ;
+--------------+
The pin-out file can be found in D:/RISCV-Multicore-Project/quartus/output_files/RISCV-Multicore-Project.pin.


+------------------------------------------------------------------------+
; Fitter Resource Usage Summary                                          ;
+---------------------------------------------+--------------------------+
; Resource                                    ; Usage                    ;
+---------------------------------------------+--------------------------+
; Total logic elements                        ; 29,746 / 39,600 ( 75 % ) ;
;     -- Combinational with no register       ; 11174                    ;
;     -- Register only                        ; 12074                    ;
;     -- Combinational with a register        ; 6498                     ;
;                                             ;                          ;
; Logic element usage by number of LUT inputs ;                          ;
;     -- 4 input functions                    ; 15915                    ;
;     -- 3 input functions                    ; 1453                     ;
;     -- <=2 input functions                  ; 304                      ;
;     -- Register only                        ; 12074                    ;
;                                             ;                          ;
; Logic elements by mode                      ;                          ;
;     -- normal mode                          ; 17364                    ;
;     -- arithmetic mode                      ; 308                      ;
;                                             ;                          ;
; Total registers*                            ; 18,572 / 41,173 ( 45 % ) ;
;     -- Dedicated logic registers            ; 18,572 / 39,600 ( 47 % ) ;
;     -- I/O registers                        ; 0 / 1,573 ( 0 % )        ;
;                                             ;                          ;
; Total LABs:  partially or completely used   ; 2,289 / 2,475 ( 92 % )   ;
; Virtual pins                                ; 0                        ;
; I/O pins                                    ; 34 / 329 ( 10 % )        ;
;     -- Clock pins                           ; 2 / 7 ( 29 % )           ;
;     -- Dedicated input pins                 ; 0 / 9 ( 0 % )            ;
;                                             ;                          ;
; Global signals                              ; 2                        ;
; M9Ks                                        ; 0 / 126 ( 0 % )          ;
; Total block memory bits                     ; 0 / 1,161,216 ( 0 % )    ;
; Total block memory implementation bits      ; 0 / 1,161,216 ( 0 % )    ;
; Embedded Multiplier 9-bit elements          ; 0 / 232 ( 0 % )          ;
; PLLs                                        ; 0 / 4 ( 0 % )            ;
; Global clocks                               ; 2 / 20 ( 10 % )          ;
; JTAGs                                       ; 0 / 1 ( 0 % )            ;
; CRC blocks                                  ; 0 / 1 ( 0 % )            ;
; ASMI blocks                                 ; 0 / 1 ( 0 % )            ;
; Impedance control blocks                    ; 0 / 4 ( 0 % )            ;
; Average interconnect usage (total/H/V)      ; 67% / 64% / 71%          ;
; Peak interconnect usage (total/H/V)         ; 89% / 86% / 95%          ;
; Maximum fan-out                             ; 18572                    ;
; Highest non-global fan-out                  ; 1045                     ;
; Total fan-out                               ; 136685                   ;
; Average fan-out                             ; 2.82                     ;
+---------------------------------------------+--------------------------+
*  Register count does not include registers inside RAM blocks or DSP blocks.



+-------------------------------------------------------------------------------------------------------+
; Fitter Partition Statistics                                                                           ;
+---------------------------------------------+------------------------+--------------------------------+
; Statistic                                   ; Top                    ; hard_block:auto_generated_inst ;
+---------------------------------------------+------------------------+--------------------------------+
; Difficulty Clustering Region                ; Low                    ; Low                            ;
;                                             ;                        ;                                ;
; Total logic elements                        ; 29746 / 39600 ( 75 % ) ; 0 / 39600 ( 0 % )              ;
;     -- Combinational with no register       ; 11174                  ; 0                              ;
;     -- Register only                        ; 12074                  ; 0                              ;
;     -- Combinational with a register        ; 6498                   ; 0                              ;
;                                             ;                        ;                                ;
; Logic element usage by number of LUT inputs ;                        ;                                ;
;     -- 4 input functions                    ; 15915                  ; 0                              ;
;     -- 3 input functions                    ; 1453                   ; 0                              ;
;     -- <=2 input functions                  ; 304                    ; 0                              ;
;     -- Register only                        ; 12074                  ; 0                              ;
;                                             ;                        ;                                ;
; Logic elements by mode                      ;                        ;                                ;
;     -- normal mode                          ; 17364                  ; 0                              ;
;     -- arithmetic mode                      ; 308                    ; 0                              ;
;                                             ;                        ;                                ;
; Total registers                             ; 18572                  ; 0                              ;
;     -- Dedicated logic registers            ; 18572 / 39600 ( 47 % ) ; 0 / 39600 ( 0 % )              ;
;                                             ;                        ;                                ;
; Total LABs:  partially or completely used   ; 2289 / 2475 ( 92 % )   ; 0 / 2475 ( 0 % )               ;
;                                             ;                        ;                                ;
; Virtual pins                                ; 0                      ; 0                              ;
; I/O pins                                    ; 34                     ; 0                              ;
; Embedded Multiplier 9-bit elements          ; 0 / 232 ( 0 % )        ; 0 / 232 ( 0 % )                ;
; Total memory bits                           ; 0                      ; 0                              ;
; Total RAM block bits                        ; 0                      ; 0                              ;
; Clock control block                         ; 2 / 24 ( 8 % )         ; 0 / 24 ( 0 % )                 ;
;                                             ;                        ;                                ;
; Connections                                 ;                        ;                                ;
;     -- Input Connections                    ; 0                      ; 0                              ;
;     -- Registered Input Connections         ; 0                      ; 0                              ;
;     -- Output Connections                   ; 0                      ; 0                              ;
;     -- Registered Output Connections        ; 0                      ; 0                              ;
;                                             ;                        ;                                ;
; Internal Connections                        ;                        ;                                ;
;     -- Total Connections                    ; 136680                 ; 5                              ;
;     -- Registered Connections               ; 20766                  ; 0                              ;
;                                             ;                        ;                                ;
; External Connections                        ;                        ;                                ;
;     -- Top                                  ; 0                      ; 0                              ;
;     -- hard_block:auto_generated_inst       ; 0                      ; 0                              ;
;                                             ;                        ;                                ;
; Partition Interface                         ;                        ;                                ;
;     -- Input Ports                          ; 2                      ; 0                              ;
;     -- Output Ports                         ; 32                     ; 0                              ;
;     -- Bidir Ports                          ; 0                      ; 0                              ;
;                                             ;                        ;                                ;
; Registered Ports                            ;                        ;                                ;
;     -- Registered Input Ports               ; 0                      ; 0                              ;
;     -- Registered Output Ports              ; 0                      ; 0                              ;
;                                             ;                        ;                                ;
; Port Connectivity                           ;                        ;                                ;
;     -- Input Ports driven by GND            ; 0                      ; 0                              ;
;     -- Output Ports driven by GND           ; 0                      ; 0                              ;
;     -- Input Ports driven by VCC            ; 0                      ; 0                              ;
;     -- Output Ports driven by VCC           ; 0                      ; 0                              ;
;     -- Input Ports with no Source           ; 0                      ; 0                              ;
;     -- Output Ports with no Source          ; 0                      ; 0                              ;
;     -- Input Ports with no Fanout           ; 0                      ; 0                              ;
;     -- Output Ports with no Fanout          ; 0                      ; 0                              ;
+---------------------------------------------+------------------------+--------------------------------+


+----------------------------------------------------------------------------------------------------------------------------------------------------------------------------------------------------------------------------------------------------------------------------+
; Input Pins                                                                                                                                                                                                                                                                 ;
+-------+-------+----------+--------------+--------------+--------------+-----------------------+--------------------+--------+----------------+---------------+-----------------+----------+--------------+--------------+---------------------------+----------------------+
; Name  ; Pin # ; I/O Bank ; X coordinate ; Y coordinate ; Z coordinate ; Combinational Fan-Out ; Registered Fan-Out ; Global ; Input Register ; Power Up High ; PCI I/O Enabled ; Bus Hold ; Weak Pull Up ; I/O Standard ; Termination Control Block ; Location assigned by ;
+-------+-------+----------+--------------+--------------+--------------+-----------------------+--------------------+--------+----------------+---------------+-----------------+----------+--------------+--------------+---------------------------+----------------------+
; clk   ; G1    ; 1        ; 0            ; 21           ; 7            ; 18572                 ; 0                  ; yes    ; no             ; no            ; yes             ; no       ; Off          ; 2.5 V        ; --                        ; Fitter               ;
; reset ; T2    ; 2        ; 0            ; 21           ; 14           ; 140                   ; 0                  ; yes    ; no             ; no            ; yes             ; no       ; Off          ; 2.5 V        ; --                        ; Fitter               ;
+-------+-------+----------+--------------+--------------+--------------+-----------------------+--------------------+--------+----------------+---------------+-----------------+----------+--------------+--------------+---------------------------+----------------------+


+----------------------------------------------------------------------------------------------------------------------------------------------------------------------------------------------------------------------------------------------------------------------------------------------------------------------------------------------------------------------------------------------------------------------------------------------------------------+
; Output Pins                                                                                                                                                                                                                                                                                                                                                                                                                                                    ;
+---------------+-------+----------+--------------+--------------+--------------+-----------------+------------------------+---------------+-----------+-----------------+------------+---------------+----------+--------------+--------------+------------------+-----------------------------------+---------------------------+----------------------------+-----------------------------+----------------------+----------------------+---------------------+
; Name          ; Pin # ; I/O Bank ; X coordinate ; Y coordinate ; Z coordinate ; Output Register ; Output Enable Register ; Power Up High ; Slew Rate ; PCI I/O Enabled ; Open Drain ; TRI Primitive ; Bus Hold ; Weak Pull Up ; I/O Standard ; Current Strength ; Termination                       ; Termination Control Block ; Output Buffer Pre-emphasis ; Voltage Output Differential ; Location assigned by ; Output Enable Source ; Output Enable Group ;
+---------------+-------+----------+--------------+--------------+--------------+-----------------+------------------------+---------------+-----------+-----------------+------------+---------------+----------+--------------+--------------+------------------+-----------------------------------+---------------------------+----------------------------+-----------------------------+----------------------+----------------------+---------------------+
; dummy_out[0]  ; L6    ; 2        ; 0            ; 20           ; 0            ; no              ; no                     ; no            ; 2         ; no              ; no         ; no            ; no       ; Off          ; 2.5 V        ; Default          ; Series 50 Ohm without Calibration ; --                        ; no                         ; no                          ; Fitter               ; -                    ; -                   ;
; dummy_out[10] ; N2    ; 2        ; 0            ; 19           ; 14           ; no              ; no                     ; no            ; 2         ; no              ; no         ; no            ; no       ; Off          ; 2.5 V        ; Default          ; Series 50 Ohm without Calibration ; --                        ; no                         ; no                          ; Fitter               ; -                    ; -                   ;
; dummy_out[11] ; R2    ; 2        ; 0            ; 16           ; 0            ; no              ; no                     ; no            ; 2         ; no              ; no         ; no            ; no       ; Off          ; 2.5 V        ; Default          ; Series 50 Ohm without Calibration ; --                        ; no                         ; no                          ; Fitter               ; -                    ; -                   ;
; dummy_out[12] ; U11   ; 3        ; 29           ; 0            ; 28           ; no              ; no                     ; no            ; 2         ; no              ; no         ; no            ; no       ; Off          ; 2.5 V        ; Default          ; Series 50 Ohm without Calibration ; --                        ; no                         ; no                          ; Fitter               ; -                    ; -                   ;
; dummy_out[13] ; AB13  ; 4        ; 38           ; 0            ; 21           ; no              ; no                     ; no            ; 2         ; no              ; no         ; no            ; no       ; Off          ; 2.5 V        ; Default          ; Series 50 Ohm without Calibration ; --                        ; no                         ; no                          ; Fitter               ; -                    ; -                   ;
; dummy_out[14] ; AB14  ; 4        ; 38           ; 0            ; 7            ; no              ; no                     ; no            ; 2         ; no              ; no         ; no            ; no       ; Off          ; 2.5 V        ; Default          ; Series 50 Ohm without Calibration ; --                        ; no                         ; no                          ; Fitter               ; -                    ; -                   ;
; dummy_out[15] ; AB8   ; 3        ; 22           ; 0            ; 0            ; no              ; no                     ; no            ; 2         ; no              ; no         ; no            ; no       ; Off          ; 2.5 V        ; Default          ; Series 50 Ohm without Calibration ; --                        ; no                         ; no                          ; Fitter               ; -                    ; -                   ;
; dummy_out[16] ; N1    ; 2        ; 0            ; 19           ; 21           ; no              ; no                     ; no            ; 2         ; no              ; no         ; no            ; no       ; Off          ; 2.5 V        ; Default          ; Series 50 Ohm without Calibration ; --                        ; no                         ; no                          ; Fitter               ; -                    ; -                   ;
; dummy_out[17] ; M3    ; 2        ; 0            ; 19           ; 7            ; no              ; no                     ; no            ; 2         ; no              ; no         ; no            ; no       ; Off          ; 2.5 V        ; Default          ; Series 50 Ohm without Calibration ; --                        ; no                         ; no                          ; Fitter               ; -                    ; -                   ;
; dummy_out[18] ; U10   ; 3        ; 22           ; 0            ; 14           ; no              ; no                     ; no            ; 2         ; no              ; no         ; no            ; no       ; Off          ; 2.5 V        ; Default          ; Series 50 Ohm without Calibration ; --                        ; no                         ; no                          ; Fitter               ; -                    ; -                   ;
; dummy_out[19] ; A14   ; 7        ; 41           ; 43           ; 14           ; no              ; no                     ; no            ; 2         ; no              ; no         ; no            ; no       ; Off          ; 2.5 V        ; Default          ; Series 50 Ohm without Calibration ; --                        ; no                         ; no                          ; Fitter               ; -                    ; -                   ;
; dummy_out[1]  ; AA10  ; 3        ; 34           ; 0            ; 7            ; no              ; no                     ; no            ; 2         ; no              ; no         ; no            ; no       ; Off          ; 2.5 V        ; Default          ; Series 50 Ohm without Calibration ; --                        ; no                         ; no                          ; Fitter               ; -                    ; -                   ;
; dummy_out[20] ; W10   ; 3        ; 34           ; 0            ; 21           ; no              ; no                     ; no            ; 2         ; no              ; no         ; no            ; no       ; Off          ; 2.5 V        ; Default          ; Series 50 Ohm without Calibration ; --                        ; no                         ; no                          ; Fitter               ; -                    ; -                   ;
; dummy_out[21] ; E10   ; 8        ; 32           ; 43           ; 7            ; no              ; no                     ; no            ; 2         ; no              ; no         ; no            ; no       ; Off          ; 2.5 V        ; Default          ; Series 50 Ohm without Calibration ; --                        ; no                         ; no                          ; Fitter               ; -                    ; -                   ;
; dummy_out[22] ; E11   ; 7        ; 36           ; 43           ; 14           ; no              ; no                     ; no            ; 2         ; no              ; no         ; no            ; no       ; Off          ; 2.5 V        ; Default          ; Series 50 Ohm without Calibration ; --                        ; no                         ; no                          ; Fitter               ; -                    ; -                   ;
; dummy_out[23] ; A10   ; 8        ; 32           ; 43           ; 14           ; no              ; no                     ; no            ; 2         ; no              ; no         ; no            ; no       ; Off          ; 2.5 V        ; Default          ; Series 50 Ohm without Calibration ; --                        ; no                         ; no                          ; Fitter               ; -                    ; -                   ;
; dummy_out[24] ; M4    ; 2        ; 0            ; 19           ; 0            ; no              ; no                     ; no            ; 2         ; no              ; no         ; no            ; no       ; Off          ; 2.5 V        ; Default          ; Series 50 Ohm without Calibration ; --                        ; no                         ; no                          ; Fitter               ; -                    ; -                   ;
; dummy_out[25] ; G11   ; 8        ; 27           ; 43           ; 0            ; no              ; no                     ; no            ; 2         ; no              ; no         ; no            ; no       ; Off          ; 2.5 V        ; Default          ; Series 50 Ohm without Calibration ; --                        ; no                         ; no                          ; Fitter               ; -                    ; -                   ;
; dummy_out[26] ; B6    ; 8        ; 22           ; 43           ; 0            ; no              ; no                     ; no            ; 2         ; no              ; no         ; no            ; no       ; Off          ; 2.5 V        ; Default          ; Series 50 Ohm without Calibration ; --                        ; no                         ; no                          ; Fitter               ; -                    ; -                   ;
; dummy_out[27] ; AA9   ; 3        ; 27           ; 0            ; 7            ; no              ; no                     ; no            ; 2         ; no              ; no         ; no            ; no       ; Off          ; 2.5 V        ; Default          ; Series 50 Ohm without Calibration ; --                        ; no                         ; no                          ; Fitter               ; -                    ; -                   ;
; dummy_out[28] ; V12   ; 4        ; 41           ; 0            ; 28           ; no              ; no                     ; no            ; 2         ; no              ; no         ; no            ; no       ; Off          ; 2.5 V        ; Default          ; Series 50 Ohm without Calibration ; --                        ; no                         ; no                          ; Fitter               ; -                    ; -                   ;
; dummy_out[29] ; E12   ; 7        ; 36           ; 43           ; 7            ; no              ; no                     ; no            ; 2         ; no              ; no         ; no            ; no       ; Off          ; 2.5 V        ; Default          ; Series 50 Ohm without Calibration ; --                        ; no                         ; no                          ; Fitter               ; -                    ; -                   ;
; dummy_out[2]  ; AB10  ; 3        ; 34           ; 0            ; 0            ; no              ; no                     ; no            ; 2         ; no              ; no         ; no            ; no       ; Off          ; 2.5 V        ; Default          ; Series 50 Ohm without Calibration ; --                        ; no                         ; no                          ; Fitter               ; -                    ; -                   ;
; dummy_out[30] ; C10   ; 8        ; 29           ; 43           ; 21           ; no              ; no                     ; no            ; 2         ; no              ; no         ; no            ; no       ; Off          ; 2.5 V        ; Default          ; Series 50 Ohm without Calibration ; --                        ; no                         ; no                          ; Fitter               ; -                    ; -                   ;
; dummy_out[31] ; C8    ; 8        ; 20           ; 43           ; 0            ; no              ; no                     ; no            ; 2         ; no              ; no         ; no            ; no       ; Off          ; 2.5 V        ; Default          ; Series 50 Ohm without Calibration ; --                        ; no                         ; no                          ; Fitter               ; -                    ; -                   ;
; dummy_out[3]  ; B14   ; 7        ; 38           ; 43           ; 0            ; no              ; no                     ; no            ; 2         ; no              ; no         ; no            ; no       ; Off          ; 2.5 V        ; Default          ; Series 50 Ohm without Calibration ; --                        ; no                         ; no                          ; Fitter               ; -                    ; -                   ;
; dummy_out[4]  ; V11   ; 3        ; 34           ; 0            ; 28           ; no              ; no                     ; no            ; 2         ; no              ; no         ; no            ; no       ; Off          ; 2.5 V        ; Default          ; Series 50 Ohm without Calibration ; --                        ; no                         ; no                          ; Fitter               ; -                    ; -                   ;
; dummy_out[5]  ; P2    ; 2        ; 0            ; 17           ; 14           ; no              ; no                     ; no            ; 2         ; no              ; no         ; no            ; no       ; Off          ; 2.5 V        ; Default          ; Series 50 Ohm without Calibration ; --                        ; no                         ; no                          ; Fitter               ; -                    ; -                   ;
; dummy_out[6]  ; F11   ; 7        ; 36           ; 43           ; 21           ; no              ; no                     ; no            ; 2         ; no              ; no         ; no            ; no       ; Off          ; 2.5 V        ; Default          ; Series 50 Ohm without Calibration ; --                        ; no                         ; no                          ; Fitter               ; -                    ; -                   ;
; dummy_out[7]  ; Y10   ; 3        ; 34           ; 0            ; 14           ; no              ; no                     ; no            ; 2         ; no              ; no         ; no            ; no       ; Off          ; 2.5 V        ; Default          ; Series 50 Ohm without Calibration ; --                        ; no                         ; no                          ; Fitter               ; -                    ; -                   ;
; dummy_out[8]  ; L7    ; 2        ; 0            ; 18           ; 7            ; no              ; no                     ; no            ; 2         ; no              ; no         ; no            ; no       ; Off          ; 2.5 V        ; Default          ; Series 50 Ohm without Calibration ; --                        ; no                         ; no                          ; Fitter               ; -                    ; -                   ;
; dummy_out[9]  ; A13   ; 7        ; 38           ; 43           ; 21           ; no              ; no                     ; no            ; 2         ; no              ; no         ; no            ; no       ; Off          ; 2.5 V        ; Default          ; Series 50 Ohm without Calibration ; --                        ; no                         ; no                          ; Fitter               ; -                    ; -                   ;
+---------------+-------+----------+--------------+--------------+--------------+-----------------+------------------------+---------------+-----------+-----------------+------------+---------------+----------+--------------+--------------+------------------+-----------------------------------+---------------------------+----------------------------+-----------------------------+----------------------+----------------------+---------------------+


+--------------------------------------------------------------------------------------------------------------------------------------+
; Dual Purpose and Dedicated Pins                                                                                                      ;
+----------+------------------------------------------+--------------------------+-------------------------+---------------------------+
; Location ; Pin Name                                 ; Reserved As              ; User Signal Name        ; Pin Type                  ;
+----------+------------------------------------------+--------------------------+-------------------------+---------------------------+
; D1       ; DIFFIO_L8n, DATA1, ASDO                  ; As input tri-stated      ; ~ALTERA_ASDO_DATA1~     ; Dual Purpose Pin          ;
; E2       ; DIFFIO_L10p, FLASH_nCE, nCSO             ; As input tri-stated      ; ~ALTERA_FLASH_nCE_nCSO~ ; Dual Purpose Pin          ;
; K6       ; nSTATUS                                  ; -                        ; -                       ; Dedicated Programming Pin ;
; K2       ; DCLK                                     ; As output driving ground ; ~ALTERA_DCLK~           ; Dual Purpose Pin          ;
; K1       ; DATA0                                    ; As input tri-stated      ; ~ALTERA_DATA0~          ; Dual Purpose Pin          ;
; K5       ; nCONFIG                                  ; -                        ; -                       ; Dedicated Programming Pin ;
; L3       ; nCE                                      ; -                        ; -                       ; Dedicated Programming Pin ;
; M18      ; CONF_DONE                                ; -                        ; -                       ; Dedicated Programming Pin ;
; M17      ; MSEL0                                    ; -                        ; -                       ; Dedicated Programming Pin ;
; L18      ; MSEL1                                    ; -                        ; -                       ; Dedicated Programming Pin ;
; L17      ; MSEL2                                    ; -                        ; -                       ; Dedicated Programming Pin ;
; K20      ; MSEL3                                    ; -                        ; -                       ; Dedicated Programming Pin ;
; K22      ; DIFFIO_R24n, nCEO                        ; Use as programming pin   ; ~ALTERA_nCEO~           ; Dual Purpose Pin          ;
; A14      ; DIFFIO_T31n, PADD9                       ; Use as regular IO        ; dummy_out[19]           ; Dual Purpose Pin          ;
; B14      ; DIFFIO_T31p, PADD10                      ; Use as regular IO        ; dummy_out[3]            ; Dual Purpose Pin          ;
; A13      ; DIFFIO_T29n, PADD11                      ; Use as regular IO        ; dummy_out[9]            ; Dual Purpose Pin          ;
; E11      ; DIFFIO_T27n, PADD13                      ; Use as regular IO        ; dummy_out[22]           ; Dual Purpose Pin          ;
; F11      ; DIFFIO_T27p, PADD14                      ; Use as regular IO        ; dummy_out[6]            ; Dual Purpose Pin          ;
; B6       ; DIFFIO_T18p, DATA15                      ; Use as regular IO        ; dummy_out[26]           ; Dual Purpose Pin          ;
; C8       ; DIFFIO_T16n, DATA14, DQS3T/CQ3T#,DPCLK11 ; Use as regular IO        ; dummy_out[31]           ; Dual Purpose Pin          ;
+----------+------------------------------------------+--------------------------+-------------------------+---------------------------+


+-----------------------------------------------------------+
; I/O Bank Usage                                            ;
+----------+-----------------+---------------+--------------+
; I/O Bank ; Usage           ; VCCIO Voltage ; VREF Voltage ;
+----------+-----------------+---------------+--------------+
; 1        ; 5 / 35 ( 14 % ) ; 2.5V          ; --           ;
; 2        ; 9 / 45 ( 20 % ) ; 2.5V          ; --           ;
; 3        ; 9 / 42 ( 21 % ) ; 2.5V          ; --           ;
; 4        ; 3 / 43 ( 7 % )  ; 2.5V          ; --           ;
; 5        ; 0 / 41 ( 0 % )  ; 2.5V          ; --           ;
; 6        ; 1 / 37 ( 3 % )  ; 2.5V          ; --           ;
; 7        ; 6 / 43 ( 14 % ) ; 2.5V          ; --           ;
; 8        ; 6 / 43 ( 14 % ) ; 2.5V          ; --           ;
+----------+-----------------+---------------+--------------+


+-----------------------------------------------------------------------------------------------------------------------------------------------------------------------------------------+
; All Package Pins                                                                                                                                                                        ;
+----------+------------+----------+-----------------------------------------------------------+--------+--------------+---------+------------+-----------------+----------+--------------+
; Location ; Pad Number ; I/O Bank ; Pin Name/Usage                                            ; Dir.   ; I/O Standard ; Voltage ; I/O Type   ; User Assignment ; Bus Hold ; Weak Pull Up ;
+----------+------------+----------+-----------------------------------------------------------+--------+--------------+---------+------------+-----------------+----------+--------------+
; A1       ;            ;          ; GND                                                       ; gnd    ;              ;         ; --         ;                 ; --       ; --           ;
; A2       ;            ; 8        ; VCCIO8                                                    ; power  ;              ; 2.5V    ; --         ;                 ; --       ; --           ;
; A3       ; 534        ; 8        ; RESERVED_INPUT_WITH_WEAK_PULLUP                           ;        ;              ;         ; Column I/O ;                 ; no       ; On           ;
; A4       ; 529        ; 8        ; RESERVED_INPUT_WITH_WEAK_PULLUP                           ;        ;              ;         ; Column I/O ;                 ; no       ; On           ;
; A5       ; 518        ; 8        ; RESERVED_INPUT_WITH_WEAK_PULLUP                           ;        ;              ;         ; Column I/O ;                 ; no       ; On           ;
; A6       ; 501        ; 8        ; RESERVED_INPUT_WITH_WEAK_PULLUP                           ;        ;              ;         ; Column I/O ;                 ; no       ; On           ;
; A7       ; 499        ; 8        ; RESERVED_INPUT_WITH_WEAK_PULLUP                           ;        ;              ;         ; Column I/O ;                 ; no       ; On           ;
; A8       ; 497        ; 8        ; RESERVED_INPUT_WITH_WEAK_PULLUP                           ;        ;              ;         ; Column I/O ;                 ; no       ; On           ;
; A9       ; 487        ; 8        ; RESERVED_INPUT_WITH_WEAK_PULLUP                           ;        ;              ;         ; Column I/O ;                 ; no       ; On           ;
; A10      ; 485        ; 8        ; dummy_out[23]                                             ; output ; 2.5 V        ;         ; Column I/O ; N               ; no       ; Off          ;
; A11      ; 481        ; 8        ; GND+                                                      ;        ;              ;         ; Column I/O ;                 ; --       ; --           ;
; A12      ; 479        ; 7        ; GND+                                                      ;        ;              ;         ; Column I/O ;                 ; --       ; --           ;
; A13      ; 473        ; 7        ; dummy_out[9]                                              ; output ; 2.5 V        ;         ; Column I/O ; N               ; no       ; Off          ;
; A14      ; 469        ; 7        ; dummy_out[19]                                             ; output ; 2.5 V        ;         ; Column I/O ; N               ; no       ; Off          ;
; A15      ; 458        ; 7        ; RESERVED_INPUT_WITH_WEAK_PULLUP                           ;        ;              ;         ; Column I/O ;                 ; no       ; On           ;
; A16      ; 448        ; 7        ; RESERVED_INPUT_WITH_WEAK_PULLUP                           ;        ;              ;         ; Column I/O ;                 ; no       ; On           ;
; A17      ; 446        ; 7        ; RESERVED_INPUT_WITH_WEAK_PULLUP                           ;        ;              ;         ; Column I/O ;                 ; no       ; On           ;
; A18      ; 437        ; 7        ; RESERVED_INPUT_WITH_WEAK_PULLUP                           ;        ;              ;         ; Column I/O ;                 ; no       ; On           ;
; A19      ; 435        ; 7        ; RESERVED_INPUT_WITH_WEAK_PULLUP                           ;        ;              ;         ; Column I/O ;                 ; no       ; On           ;
; A20      ; 430        ; 7        ; RESERVED_INPUT_WITH_WEAK_PULLUP                           ;        ;              ;         ; Column I/O ;                 ; no       ; On           ;
; A21      ;            ; 7        ; VCCIO7                                                    ; power  ;              ; 2.5V    ; --         ;                 ; --       ; --           ;
; A22      ;            ;          ; GND                                                       ; gnd    ;              ;         ; --         ;                 ; --       ; --           ;
; AA1      ; 125        ; 2        ; RESERVED_INPUT_WITH_WEAK_PULLUP                           ;        ;              ;         ; Row I/O    ;                 ; no       ; On           ;
; AA2      ;            ;          ; GND                                                       ; gnd    ;              ;         ; --         ;                 ; --       ; --           ;
; AA3      ; 154        ; 3        ; RESERVED_INPUT_WITH_WEAK_PULLUP                           ;        ;              ;         ; Column I/O ;                 ; no       ; On           ;
; AA4      ; 158        ; 3        ; RESERVED_INPUT_WITH_WEAK_PULLUP                           ;        ;              ;         ; Column I/O ;                 ; no       ; On           ;
; AA5      ; 160        ; 3        ; RESERVED_INPUT_WITH_WEAK_PULLUP                           ;        ;              ;         ; Column I/O ;                 ; no       ; On           ;
; AA6      ;            ; 3        ; VCCIO3                                                    ; power  ;              ; 2.5V    ; --         ;                 ; --       ; --           ;
; AA7      ; 173        ; 3        ; RESERVED_INPUT_WITH_WEAK_PULLUP                           ;        ;              ;         ; Column I/O ;                 ; no       ; On           ;
; AA8      ; 183        ; 3        ; RESERVED_INPUT_WITH_WEAK_PULLUP                           ;        ;              ;         ; Column I/O ;                 ; no       ; On           ;
; AA9      ; 189        ; 3        ; dummy_out[27]                                             ; output ; 2.5 V        ;         ; Column I/O ; N               ; no       ; Off          ;
; AA10     ; 202        ; 3        ; dummy_out[1]                                              ; output ; 2.5 V        ;         ; Column I/O ; N               ; no       ; Off          ;
; AA11     ; 204        ; 3        ; GND+                                                      ;        ;              ;         ; Column I/O ;                 ; --       ; --           ;
; AA12     ; 206        ; 4        ; GND+                                                      ;        ;              ;         ; Column I/O ;                 ; --       ; --           ;
; AA13     ; 208        ; 4        ; RESERVED_INPUT_WITH_WEAK_PULLUP                           ;        ;              ;         ; Column I/O ;                 ; no       ; On           ;
; AA14     ; 210        ; 4        ; RESERVED_INPUT_WITH_WEAK_PULLUP                           ;        ;              ;         ; Column I/O ;                 ; no       ; On           ;
; AA15     ; 220        ; 4        ; RESERVED_INPUT_WITH_WEAK_PULLUP                           ;        ;              ;         ; Column I/O ;                 ; no       ; On           ;
; AA16     ; 224        ; 4        ; RESERVED_INPUT_WITH_WEAK_PULLUP                           ;        ;              ;         ; Column I/O ;                 ; no       ; On           ;
; AA17     ; 243        ; 4        ; RESERVED_INPUT_WITH_WEAK_PULLUP                           ;        ;              ;         ; Column I/O ;                 ; no       ; On           ;
; AA18     ; 245        ; 4        ; RESERVED_INPUT_WITH_WEAK_PULLUP                           ;        ;              ;         ; Column I/O ;                 ; --       ; --           ;
; AA19     ; 252        ; 4        ; RESERVED_INPUT_WITH_WEAK_PULLUP                           ;        ;              ;         ; Column I/O ;                 ; no       ; On           ;
; AA20     ; 259        ; 4        ; RESERVED_INPUT_WITH_WEAK_PULLUP                           ;        ;              ;         ; Column I/O ;                 ; no       ; On           ;
; AA21     ; 274        ; 5        ; RESERVED_INPUT_WITH_WEAK_PULLUP                           ;        ;              ;         ; Row I/O    ;                 ; no       ; On           ;
; AA22     ;            ;          ; GND                                                       ; gnd    ;              ;         ; --         ;                 ; --       ; --           ;
; AB1      ;            ;          ; GND                                                       ; gnd    ;              ;         ; --         ;                 ; --       ; --           ;
; AB2      ;            ; 3        ; VCCIO3                                                    ; power  ;              ; 2.5V    ; --         ;                 ; --       ; --           ;
; AB3      ; 155        ; 3        ; RESERVED_INPUT_WITH_WEAK_PULLUP                           ;        ;              ;         ; Column I/O ;                 ; no       ; On           ;
; AB4      ; 159        ; 3        ; RESERVED_INPUT_WITH_WEAK_PULLUP                           ;        ;              ;         ; Column I/O ;                 ; --       ; --           ;
; AB5      ; 161        ; 3        ; RESERVED_INPUT_WITH_WEAK_PULLUP                           ;        ;              ;         ; Column I/O ;                 ; no       ; On           ;
; AB6      ;            ;          ; GND                                                       ; gnd    ;              ;         ; --         ;                 ; --       ; --           ;
; AB7      ; 174        ; 3        ; RESERVED_INPUT_WITH_WEAK_PULLUP                           ;        ;              ;         ; Column I/O ;                 ; no       ; On           ;
; AB8      ; 184        ; 3        ; dummy_out[15]                                             ; output ; 2.5 V        ;         ; Column I/O ; N               ; no       ; Off          ;
; AB9      ; 190        ; 3        ; RESERVED_INPUT_WITH_WEAK_PULLUP                           ;        ;              ;         ; Column I/O ;                 ; no       ; On           ;
; AB10     ; 203        ; 3        ; dummy_out[2]                                              ; output ; 2.5 V        ;         ; Column I/O ; N               ; no       ; Off          ;
; AB11     ; 205        ; 3        ; GND+                                                      ;        ;              ;         ; Column I/O ;                 ; --       ; --           ;
; AB12     ; 207        ; 4        ; GND+                                                      ;        ;              ;         ; Column I/O ;                 ; --       ; --           ;
; AB13     ; 209        ; 4        ; dummy_out[13]                                             ; output ; 2.5 V        ;         ; Column I/O ; N               ; no       ; Off          ;
; AB14     ; 211        ; 4        ; dummy_out[14]                                             ; output ; 2.5 V        ;         ; Column I/O ; N               ; no       ; Off          ;
; AB15     ; 221        ; 4        ; RESERVED_INPUT_WITH_WEAK_PULLUP                           ;        ;              ;         ; Column I/O ;                 ; no       ; On           ;
; AB16     ; 225        ; 4        ; RESERVED_INPUT_WITH_WEAK_PULLUP                           ;        ;              ;         ; Column I/O ;                 ; no       ; On           ;
; AB17     ; 244        ; 4        ; RESERVED_INPUT_WITH_WEAK_PULLUP                           ;        ;              ;         ; Column I/O ;                 ; no       ; On           ;
; AB18     ; 242        ; 4        ; RESERVED_INPUT_WITH_WEAK_PULLUP                           ;        ;              ;         ; Column I/O ;                 ; no       ; On           ;
; AB19     ; 253        ; 4        ; RESERVED_INPUT_WITH_WEAK_PULLUP                           ;        ;              ;         ; Column I/O ;                 ; no       ; On           ;
; AB20     ; 260        ; 4        ; RESERVED_INPUT_WITH_WEAK_PULLUP                           ;        ;              ;         ; Column I/O ;                 ; no       ; On           ;
; AB21     ;            ; 4        ; VCCIO4                                                    ; power  ;              ; 2.5V    ; --         ;                 ; --       ; --           ;
; AB22     ;            ;          ; GND                                                       ; gnd    ;              ;         ; --         ;                 ; --       ; --           ;
; B1       ; 4          ; 1        ; RESERVED_INPUT_WITH_WEAK_PULLUP                           ;        ;              ;         ; Row I/O    ;                 ; no       ; On           ;
; B2       ; 3          ; 1        ; RESERVED_INPUT_WITH_WEAK_PULLUP                           ;        ;              ;         ; Row I/O    ;                 ; no       ; On           ;
; B3       ; 535        ; 8        ; RESERVED_INPUT_WITH_WEAK_PULLUP                           ;        ;              ;         ; Column I/O ;                 ; no       ; On           ;
; B4       ; 530        ; 8        ; RESERVED_INPUT_WITH_WEAK_PULLUP                           ;        ;              ;         ; Column I/O ;                 ; no       ; On           ;
; B5       ; 523        ; 8        ; RESERVED_INPUT_WITH_WEAK_PULLUP                           ;        ;              ;         ; Column I/O ;                 ; --       ; --           ;
; B6       ; 502        ; 8        ; dummy_out[26]                                             ; output ; 2.5 V        ;         ; Column I/O ; N               ; no       ; Off          ;
; B7       ; 500        ; 8        ; RESERVED_INPUT_WITH_WEAK_PULLUP                           ;        ;              ;         ; Column I/O ;                 ; no       ; On           ;
; B8       ; 498        ; 8        ; RESERVED_INPUT_WITH_WEAK_PULLUP                           ;        ;              ;         ; Column I/O ;                 ; no       ; On           ;
; B9       ; 488        ; 8        ; RESERVED_INPUT_WITH_WEAK_PULLUP                           ;        ;              ;         ; Column I/O ;                 ; no       ; On           ;
; B10      ; 486        ; 8        ; RESERVED_INPUT_WITH_WEAK_PULLUP                           ;        ;              ;         ; Column I/O ;                 ; no       ; On           ;
; B11      ; 482        ; 8        ; GND+                                                      ;        ;              ;         ; Column I/O ;                 ; --       ; --           ;
; B12      ; 480        ; 7        ; GND+                                                      ;        ;              ;         ; Column I/O ;                 ; --       ; --           ;
; B13      ; 474        ; 7        ; RESERVED_INPUT_WITH_WEAK_PULLUP                           ;        ;              ;         ; Column I/O ;                 ; no       ; On           ;
; B14      ; 470        ; 7        ; dummy_out[3]                                              ; output ; 2.5 V        ;         ; Column I/O ; N               ; no       ; Off          ;
; B15      ; 459        ; 7        ; RESERVED_INPUT_WITH_WEAK_PULLUP                           ;        ;              ;         ; Column I/O ;                 ; no       ; On           ;
; B16      ; 449        ; 7        ; RESERVED_INPUT_WITH_WEAK_PULLUP                           ;        ;              ;         ; Column I/O ;                 ; no       ; On           ;
; B17      ; 447        ; 7        ; RESERVED_INPUT_WITH_WEAK_PULLUP                           ;        ;              ;         ; Column I/O ;                 ; no       ; On           ;
; B18      ; 438        ; 7        ; RESERVED_INPUT_WITH_WEAK_PULLUP                           ;        ;              ;         ; Column I/O ;                 ; no       ; On           ;
; B19      ; 434        ; 7        ; RESERVED_INPUT_WITH_WEAK_PULLUP                           ;        ;              ;         ; Column I/O ;                 ; no       ; On           ;
; B20      ; 431        ; 7        ; RESERVED_INPUT_WITH_WEAK_PULLUP                           ;        ;              ;         ; Column I/O ;                 ; no       ; On           ;
; B21      ; 404        ; 6        ; RESERVED_INPUT_WITH_WEAK_PULLUP                           ;        ;              ;         ; Row I/O    ;                 ; no       ; On           ;
; B22      ; 403        ; 6        ; RESERVED_INPUT_WITH_WEAK_PULLUP                           ;        ;              ;         ; Row I/O    ;                 ; no       ; On           ;
; C1       ; 15         ; 1        ; RESERVED_INPUT_WITH_WEAK_PULLUP                           ;        ;              ;         ; Row I/O    ;                 ; no       ; On           ;
; C2       ; 14         ; 1        ; RESERVED_INPUT_WITH_WEAK_PULLUP                           ;        ;              ;         ; Row I/O    ;                 ; no       ; On           ;
; C3       ; 538        ; 8        ; RESERVED_INPUT_WITH_WEAK_PULLUP                           ;        ;              ;         ; Column I/O ;                 ; no       ; On           ;
; C4       ; 539        ; 8        ; RESERVED_INPUT_WITH_WEAK_PULLUP                           ;        ;              ;         ; Column I/O ;                 ; no       ; On           ;
; C5       ;            ;          ; GND                                                       ; gnd    ;              ;         ; --         ;                 ; --       ; --           ;
; C6       ; 526        ; 8        ; RESERVED_INPUT_WITH_WEAK_PULLUP                           ;        ;              ;         ; Column I/O ;                 ; no       ; On           ;
; C7       ; 508        ; 8        ; RESERVED_INPUT_WITH_WEAK_PULLUP                           ;        ;              ;         ; Column I/O ;                 ; no       ; On           ;
; C8       ; 507        ; 8        ; dummy_out[31]                                             ; output ; 2.5 V        ;         ; Column I/O ; N               ; no       ; Off          ;
; C9       ;            ;          ; GND                                                       ; gnd    ;              ;         ; --         ;                 ; --       ; --           ;
; C10      ; 491        ; 8        ; dummy_out[30]                                             ; output ; 2.5 V        ;         ; Column I/O ; N               ; no       ; Off          ;
; C11      ;            ;          ; GND                                                       ; gnd    ;              ;         ; --         ;                 ; --       ; --           ;
; C12      ;            ;          ; GND                                                       ; gnd    ;              ;         ; --         ;                 ; --       ; --           ;
; C13      ; 460        ; 7        ; RESERVED_INPUT_WITH_WEAK_PULLUP                           ;        ;              ;         ; Column I/O ;                 ; no       ; On           ;
; C14      ;            ;          ; GND                                                       ; gnd    ;              ;         ; --         ;                 ; --       ; --           ;
; C15      ; 450        ; 7        ; RESERVED_INPUT_WITH_WEAK_PULLUP                           ;        ;              ;         ; Column I/O ;                 ; --       ; --           ;
; C16      ;            ;          ; GND                                                       ; gnd    ;              ;         ; --         ;                 ; --       ; --           ;
; C17      ; 433        ; 7        ; RESERVED_INPUT_WITH_WEAK_PULLUP                           ;        ;              ;         ; Column I/O ;                 ; no       ; On           ;
; C18      ;            ;          ; GND                                                       ; gnd    ;              ;         ; --         ;                 ; --       ; --           ;
; C19      ; 428        ; 7        ; RESERVED_INPUT_WITH_WEAK_PULLUP                           ;        ;              ;         ; Column I/O ;                 ; no       ; On           ;
; C20      ; 405        ; 6        ; RESERVED_INPUT_WITH_WEAK_PULLUP                           ;        ;              ;         ; Row I/O    ;                 ; no       ; On           ;
; C21      ; 401        ; 6        ; RESERVED_INPUT_WITH_WEAK_PULLUP                           ;        ;              ;         ; Row I/O    ;                 ; no       ; On           ;
; C22      ; 400        ; 6        ; RESERVED_INPUT_WITH_WEAK_PULLUP                           ;        ;              ;         ; Row I/O    ;                 ; no       ; On           ;
; D1       ; 17         ; 1        ; ~ALTERA_ASDO_DATA1~ / RESERVED_INPUT_WITH_WEAK_PULLUP     ; input  ; 2.5 V        ;         ; Row I/O    ; N               ; no       ; On           ;
; D2       ; 16         ; 1        ; RESERVED_INPUT_WITH_WEAK_PULLUP                           ;        ;              ;         ; Row I/O    ;                 ; no       ; On           ;
; D3       ;            ;          ; GND                                                       ; gnd    ;              ;         ; --         ;                 ; --       ; --           ;
; D4       ;            ; 1        ; VCCIO1                                                    ; power  ;              ; 2.5V    ; --         ;                 ; --       ; --           ;
; D5       ;            ; 8        ; VCCIO8                                                    ; power  ;              ; 2.5V    ; --         ;                 ; --       ; --           ;
; D6       ; 536        ; 8        ; RESERVED_INPUT_WITH_WEAK_PULLUP                           ;        ;              ;         ; Column I/O ;                 ; --       ; --           ;
; D7       ; 527        ; 8        ; RESERVED_INPUT_WITH_WEAK_PULLUP                           ;        ;              ;         ; Column I/O ;                 ; no       ; On           ;
; D8       ;            ;          ; GND                                                       ; gnd    ;              ;         ; --         ;                 ; --       ; --           ;
; D9       ;            ; 8        ; VCCIO8                                                    ; power  ;              ; 2.5V    ; --         ;                 ; --       ; --           ;
; D10      ; 483        ; 8        ; RESERVED_INPUT_WITH_WEAK_PULLUP                           ;        ;              ;         ; Column I/O ;                 ; no       ; On           ;
; D11      ;            ; 8        ; VCCIO8                                                    ; power  ;              ; 2.5V    ; --         ;                 ; --       ; --           ;
; D12      ;            ; 7        ; VCCIO7                                                    ; power  ;              ; 2.5V    ; --         ;                 ; --       ; --           ;
; D13      ; 461        ; 7        ; RESERVED_INPUT_WITH_WEAK_PULLUP                           ;        ;              ;         ; Column I/O ;                 ; no       ; On           ;
; D14      ;            ; 7        ; VCCIO7                                                    ; power  ;              ; 2.5V    ; --         ;                 ; --       ; --           ;
; D15      ; 439        ; 7        ; RESERVED_INPUT_WITH_WEAK_PULLUP                           ;        ;              ;         ; Column I/O ;                 ; --       ; --           ;
; D16      ;            ; 7        ; VCCIO7                                                    ; power  ;              ; 2.5V    ; --         ;                 ; --       ; --           ;
; D17      ; 426        ; 7        ; RESERVED_INPUT_WITH_WEAK_PULLUP                           ;        ;              ;         ; Column I/O ;                 ; --       ; --           ;
; D18      ;            ; 7        ; VCCIO7                                                    ; power  ;              ; 2.5V    ; --         ;                 ; --       ; --           ;
; D19      ; 429        ; 7        ; RESERVED_INPUT_WITH_WEAK_PULLUP                           ;        ;              ;         ; Column I/O ;                 ; no       ; On           ;
; D20      ; 407        ; 6        ; RESERVED_INPUT_WITH_WEAK_PULLUP                           ;        ;              ;         ; Row I/O    ;                 ; --       ; --           ;
; D21      ; 395        ; 6        ; RESERVED_INPUT_WITH_WEAK_PULLUP                           ;        ;              ;         ; Row I/O    ;                 ; no       ; On           ;
; D22      ; 394        ; 6        ; RESERVED_INPUT_WITH_WEAK_PULLUP                           ;        ;              ;         ; Row I/O    ;                 ; no       ; On           ;
; E1       ; 22         ; 1        ; RESERVED_INPUT_WITH_WEAK_PULLUP                           ;        ;              ;         ; Row I/O    ;                 ; no       ; On           ;
; E2       ; 21         ; 1        ; ~ALTERA_FLASH_nCE_nCSO~ / RESERVED_INPUT_WITH_WEAK_PULLUP ; input  ; 2.5 V        ;         ; Row I/O    ; N               ; no       ; On           ;
; E3       ; 9          ; 1        ; RESERVED_INPUT_WITH_WEAK_PULLUP                           ;        ;              ;         ; Row I/O    ;                 ; no       ; On           ;
; E4       ; 8          ; 1        ; RESERVED_INPUT_WITH_WEAK_PULLUP                           ;        ;              ;         ; Row I/O    ;                 ; no       ; On           ;
; E5       ; 546        ; 8        ; RESERVED_INPUT_WITH_WEAK_PULLUP                           ;        ;              ;         ; Column I/O ;                 ; no       ; On           ;
; E6       ; 545        ; 8        ; RESERVED_INPUT_WITH_WEAK_PULLUP                           ;        ;              ;         ; Column I/O ;                 ; no       ; On           ;
; E7       ; 537        ; 8        ; RESERVED_INPUT_WITH_WEAK_PULLUP                           ;        ;              ;         ; Column I/O ;                 ; no       ; On           ;
; E8       ;            ; 8        ; VCCIO8                                                    ; power  ;              ; 2.5V    ; --         ;                 ; --       ; --           ;
; E9       ; 506        ; 8        ; RESERVED_INPUT_WITH_WEAK_PULLUP                           ;        ;              ;         ; Column I/O ;                 ; --       ; --           ;
; E10      ; 484        ; 8        ; dummy_out[21]                                             ; output ; 2.5 V        ;         ; Column I/O ; N               ; no       ; Off          ;
; E11      ; 477        ; 7        ; dummy_out[22]                                             ; output ; 2.5 V        ;         ; Column I/O ; N               ; no       ; Off          ;
; E12      ; 476        ; 7        ; dummy_out[29]                                             ; output ; 2.5 V        ;         ; Column I/O ; N               ; no       ; Off          ;
; E13      ; 468        ; 7        ; RESERVED_INPUT_WITH_WEAK_PULLUP                           ;        ;              ;         ; Column I/O ;                 ; --       ; --           ;
; E14      ; 453        ; 7        ; RESERVED_INPUT_WITH_WEAK_PULLUP                           ;        ;              ;         ; Column I/O ;                 ; no       ; On           ;
; E15      ; 440        ; 7        ; RESERVED_INPUT_WITH_WEAK_PULLUP                           ;        ;              ;         ; Column I/O ;                 ; no       ; On           ;
; E16      ; 418        ; 7        ; RESERVED_INPUT_WITH_WEAK_PULLUP                           ;        ;              ;         ; Column I/O ;                 ; no       ; On           ;
; E17      ;            ;          ; VCCD_PLL2                                                 ; power  ;              ; 1.2V    ; --         ;                 ; --       ; --           ;
; E18      ;            ;          ; GNDA2                                                     ; gnd    ;              ;         ; --         ;                 ; --       ; --           ;
; E19      ;            ; 6        ; VCCIO6                                                    ; power  ;              ; 2.5V    ; --         ;                 ; --       ; --           ;
; E20      ;            ;          ; GND                                                       ; gnd    ;              ;         ; --         ;                 ; --       ; --           ;
; E21      ; 388        ; 6        ; RESERVED_INPUT_WITH_WEAK_PULLUP                           ;        ;              ;         ; Row I/O    ;                 ; no       ; On           ;
; E22      ; 387        ; 6        ; RESERVED_INPUT_WITH_WEAK_PULLUP                           ;        ;              ;         ; Row I/O    ;                 ; no       ; On           ;
; F1       ; 26         ; 1        ; RESERVED_INPUT_WITH_WEAK_PULLUP                           ;        ;              ;         ; Row I/O    ;                 ; no       ; On           ;
; F2       ; 25         ; 1        ; RESERVED_INPUT_WITH_WEAK_PULLUP                           ;        ;              ;         ; Row I/O    ;                 ; no       ; On           ;
; F3       ;            ;          ; GND                                                       ; gnd    ;              ;         ; --         ;                 ; --       ; --           ;
; F4       ;            ; 1        ; VCCIO1                                                    ; power  ;              ; 2.5V    ; --         ;                 ; --       ; --           ;
; F5       ;            ;          ; GNDA3                                                     ; gnd    ;              ;         ; --         ;                 ; --       ; --           ;
; F6       ;            ;          ; VCCD_PLL3                                                 ; power  ;              ; 1.2V    ; --         ;                 ; --       ; --           ;
; F7       ; 542        ; 8        ; RESERVED_INPUT_WITH_WEAK_PULLUP                           ;        ;              ;         ; Column I/O ;                 ; no       ; On           ;
; F8       ; 531        ; 8        ; RESERVED_INPUT_WITH_WEAK_PULLUP                           ;        ;              ;         ; Column I/O ;                 ; no       ; On           ;
; F9       ; 544        ; 8        ; RESERVED_INPUT_WITH_WEAK_PULLUP                           ;        ;              ;         ; Column I/O ;                 ; no       ; On           ;
; F10      ; 525        ; 8        ; RESERVED_INPUT_WITH_WEAK_PULLUP                           ;        ;              ;         ; Column I/O ;                 ; no       ; On           ;
; F11      ; 478        ; 7        ; dummy_out[6]                                              ; output ; 2.5 V        ;         ; Column I/O ; N               ; no       ; Off          ;
; F12      ;            ;          ; GND                                                       ; gnd    ;              ;         ; --         ;                 ; --       ; --           ;
; F13      ; 457        ; 7        ; RESERVED_INPUT_WITH_WEAK_PULLUP                           ;        ;              ;         ; Column I/O ;                 ; no       ; On           ;
; F14      ; 423        ; 7        ; RESERVED_INPUT_WITH_WEAK_PULLUP                           ;        ;              ;         ; Column I/O ;                 ; no       ; On           ;
; F15      ; 419        ; 7        ; RESERVED_INPUT_WITH_WEAK_PULLUP                           ;        ;              ;         ; Column I/O ;                 ; no       ; On           ;
; F16      ; 417        ; 7        ; RESERVED_INPUT_WITH_WEAK_PULLUP                           ;        ;              ;         ; Column I/O ;                 ; no       ; On           ;
; F17      ; 410        ; 6        ; RESERVED_INPUT_WITH_WEAK_PULLUP                           ;        ;              ;         ; Row I/O    ;                 ; no       ; On           ;
; F18      ;            ; --       ; VCCA2                                                     ; power  ;              ; 2.5V    ; --         ;                 ; --       ; --           ;
; F19      ; 397        ; 6        ; RESERVED_INPUT_WITH_WEAK_PULLUP                           ;        ;              ;         ; Row I/O    ;                 ; no       ; On           ;
; F20      ; 396        ; 6        ; RESERVED_INPUT_WITH_WEAK_PULLUP                           ;        ;              ;         ; Row I/O    ;                 ; no       ; On           ;
; F21      ; 376        ; 6        ; RESERVED_INPUT_WITH_WEAK_PULLUP                           ;        ;              ;         ; Row I/O    ;                 ; no       ; On           ;
; F22      ; 375        ; 6        ; RESERVED_INPUT_WITH_WEAK_PULLUP                           ;        ;              ;         ; Row I/O    ;                 ; no       ; On           ;
; G1       ; 67         ; 1        ; clk                                                       ; input  ; 2.5 V        ;         ; Row I/O    ; N               ; no       ; Off          ;
; G2       ;            ;          ; GND                                                       ; gnd    ;              ;         ; --         ;                 ; --       ; --           ;
; G3       ; 1          ; 1        ; RESERVED_INPUT_WITH_WEAK_PULLUP                           ;        ;              ;         ; Row I/O    ;                 ; no       ; On           ;
; G4       ; 0          ; 1        ; RESERVED_INPUT_WITH_WEAK_PULLUP                           ;        ;              ;         ; Row I/O    ;                 ; no       ; On           ;
; G5       ; 5          ; 1        ; RESERVED_INPUT_WITH_WEAK_PULLUP                           ;        ;              ;         ; Row I/O    ;                 ; --       ; --           ;
; G6       ;            ; --       ; VCCA3                                                     ; power  ;              ; 2.5V    ; --         ;                 ; --       ; --           ;
; G7       ; 543        ; 8        ; RESERVED_INPUT_WITH_WEAK_PULLUP                           ;        ;              ;         ; Column I/O ;                 ; no       ; On           ;
; G8       ; 532        ; 8        ; RESERVED_INPUT_WITH_WEAK_PULLUP                           ;        ;              ;         ; Column I/O ;                 ; no       ; On           ;
; G9       ; 547        ; 8        ; RESERVED_INPUT_WITH_WEAK_PULLUP                           ;        ;              ;         ; Column I/O ;                 ; no       ; On           ;
; G10      ; 524        ; 8        ; RESERVED_INPUT_WITH_WEAK_PULLUP                           ;        ;              ;         ; Column I/O ;                 ; no       ; On           ;
; G11      ; 492        ; 8        ; dummy_out[25]                                             ; output ; 2.5 V        ;         ; Column I/O ; N               ; no       ; Off          ;
; G12      ;            ;          ; VCCINT                                                    ; power  ;              ; 1.2V    ; --         ;                 ; --       ; --           ;
; G13      ; 444        ; 7        ; RESERVED_INPUT_WITH_WEAK_PULLUP                           ;        ;              ;         ; Column I/O ;                 ; no       ; On           ;
; G14      ; 441        ; 7        ; RESERVED_INPUT_WITH_WEAK_PULLUP                           ;        ;              ;         ; Column I/O ;                 ; no       ; On           ;
; G15      ; 422        ; 7        ; RESERVED_INPUT_WITH_WEAK_PULLUP                           ;        ;              ;         ; Column I/O ;                 ; no       ; On           ;
; G16      ; 420        ; 7        ; RESERVED_INPUT_WITH_WEAK_PULLUP                           ;        ;              ;         ; Column I/O ;                 ; no       ; On           ;
; G17      ; 411        ; 6        ; RESERVED_INPUT_WITH_WEAK_PULLUP                           ;        ;              ;         ; Row I/O    ;                 ; no       ; On           ;
; G18      ; 398        ; 6        ; RESERVED_INPUT_WITH_WEAK_PULLUP                           ;        ;              ;         ; Row I/O    ;                 ; no       ; On           ;
; G19      ;            ; 6        ; VCCIO6                                                    ; power  ;              ; 2.5V    ; --         ;                 ; --       ; --           ;
; G20      ;            ;          ; GND                                                       ; gnd    ;              ;         ; --         ;                 ; --       ; --           ;
; G21      ; 345        ; 6        ; GND+                                                      ;        ;              ;         ; Row I/O    ;                 ; --       ; --           ;
; G22      ; 344        ; 6        ; GND+                                                      ;        ;              ;         ; Row I/O    ;                 ; --       ; --           ;
; H1       ; 52         ; 1        ; RESERVED_INPUT_WITH_WEAK_PULLUP                           ;        ;              ;         ; Row I/O    ;                 ; no       ; On           ;
; H2       ; 51         ; 1        ; RESERVED_INPUT_WITH_WEAK_PULLUP                           ;        ;              ;         ; Row I/O    ;                 ; no       ; On           ;
; H3       ;            ;          ; GND                                                       ; gnd    ;              ;         ; --         ;                 ; --       ; --           ;
; H4       ;            ; 1        ; VCCIO1                                                    ; power  ;              ; 2.5V    ; --         ;                 ; --       ; --           ;
; H5       ; 42         ; 1        ; RESERVED_INPUT_WITH_WEAK_PULLUP                           ;        ;              ;         ; Row I/O    ;                 ; --       ; --           ;
; H6       ; 19         ; 1        ; RESERVED_INPUT_WITH_WEAK_PULLUP                           ;        ;              ;         ; Row I/O    ;                 ; no       ; On           ;
; H7       ; 18         ; 1        ; RESERVED_INPUT_WITH_WEAK_PULLUP                           ;        ;              ;         ; Row I/O    ;                 ; --       ; --           ;
; H8       ; 29         ; 1        ; RESERVED_INPUT_WITH_WEAK_PULLUP                           ;        ;              ;         ; Row I/O    ;                 ; no       ; On           ;
; H9       ;            ;          ; VCCINT                                                    ; power  ;              ; 1.2V    ; --         ;                 ; --       ; --           ;
; H10      ; 512        ; 8        ; RESERVED_INPUT_WITH_WEAK_PULLUP                           ;        ;              ;         ; Column I/O ;                 ; no       ; On           ;
; H11      ; 511        ; 8        ; RESERVED_INPUT_WITH_WEAK_PULLUP                           ;        ;              ;         ; Column I/O ;                 ; no       ; On           ;
; H12      ;            ;          ; GND                                                       ; gnd    ;              ;         ; --         ;                 ; --       ; --           ;
; H13      ;            ;          ; GND                                                       ; gnd    ;              ;         ; --         ;                 ; --       ; --           ;
; H14      ; 425        ; 7        ; RESERVED_INPUT_WITH_WEAK_PULLUP                           ;        ;              ;         ; Column I/O ;                 ; no       ; On           ;
; H15      ; 424        ; 7        ; RESERVED_INPUT_WITH_WEAK_PULLUP                           ;        ;              ;         ; Column I/O ;                 ; no       ; On           ;
; H16      ; 393        ; 6        ; RESERVED_INPUT_WITH_WEAK_PULLUP                           ;        ;              ;         ; Row I/O    ;                 ; no       ; On           ;
; H17      ; 399        ; 6        ; RESERVED_INPUT_WITH_WEAK_PULLUP                           ;        ;              ;         ; Row I/O    ;                 ; no       ; On           ;
; H18      ; 391        ; 6        ; RESERVED_INPUT_WITH_WEAK_PULLUP                           ;        ;              ;         ; Row I/O    ;                 ; --       ; --           ;
; H19      ; 386        ; 6        ; RESERVED_INPUT_WITH_WEAK_PULLUP                           ;        ;              ;         ; Row I/O    ;                 ; no       ; On           ;
; H20      ; 385        ; 6        ; RESERVED_INPUT_WITH_WEAK_PULLUP                           ;        ;              ;         ; Row I/O    ;                 ; no       ; On           ;
; H21      ; 365        ; 6        ; RESERVED_INPUT_WITH_WEAK_PULLUP                           ;        ;              ;         ; Row I/O    ;                 ; no       ; On           ;
; H22      ; 364        ; 6        ; RESERVED_INPUT_WITH_WEAK_PULLUP                           ;        ;              ;         ; Row I/O    ;                 ; no       ; On           ;
; J1       ; 55         ; 1        ; RESERVED_INPUT_WITH_WEAK_PULLUP                           ;        ;              ;         ; Row I/O    ;                 ; no       ; On           ;
; J2       ; 54         ; 1        ; RESERVED_INPUT_WITH_WEAK_PULLUP                           ;        ;              ;         ; Row I/O    ;                 ; no       ; On           ;
; J3       ; 53         ; 1        ; RESERVED_INPUT_WITH_WEAK_PULLUP                           ;        ;              ;         ; Row I/O    ;                 ; --       ; --           ;
; J4       ; 50         ; 1        ; RESERVED_INPUT_WITH_WEAK_PULLUP                           ;        ;              ;         ; Row I/O    ;                 ; no       ; On           ;
; J5       ; 38         ; 1        ; RESERVED_INPUT_WITH_WEAK_PULLUP                           ;        ;              ;         ; Row I/O    ;                 ; no       ; On           ;
; J6       ; 20         ; 1        ; RESERVED_INPUT_WITH_WEAK_PULLUP                           ;        ;              ;         ; Row I/O    ;                 ; no       ; On           ;
; J7       ; 45         ; 1        ; RESERVED_INPUT_WITH_WEAK_PULLUP                           ;        ;              ;         ; Row I/O    ;                 ; no       ; On           ;
; J8       ; 30         ; 1        ; RESERVED_INPUT_WITH_WEAK_PULLUP                           ;        ;              ;         ; Row I/O    ;                 ; no       ; On           ;
; J9       ;            ;          ; GND                                                       ; gnd    ;              ;         ; --         ;                 ; --       ; --           ;
; J10      ;            ;          ; VCCINT                                                    ; power  ;              ; 1.2V    ; --         ;                 ; --       ; --           ;
; J11      ;            ;          ; VCCINT                                                    ; power  ;              ; 1.2V    ; --         ;                 ; --       ; --           ;
; J12      ;            ;          ; VCCINT                                                    ; power  ;              ; 1.2V    ; --         ;                 ; --       ; --           ;
; J13      ;            ;          ; VCCINT                                                    ; power  ;              ; 1.2V    ; --         ;                 ; --       ; --           ;
; J14      ;            ;          ; VCCINT                                                    ; power  ;              ; 1.2V    ; --         ;                 ; --       ; --           ;
; J15      ;            ;          ; GND                                                       ; gnd    ;              ;         ; --         ;                 ; --       ; --           ;
; J16      ;            ;          ; VCCINT                                                    ; power  ;              ; 1.2V    ; --         ;                 ; --       ; --           ;
; J17      ; 392        ; 6        ; RESERVED_INPUT_WITH_WEAK_PULLUP                           ;        ;              ;         ; Row I/O    ;                 ; no       ; On           ;
; J18      ; 374        ; 6        ; RESERVED_INPUT_WITH_WEAK_PULLUP                           ;        ;              ;         ; Row I/O    ;                 ; --       ; --           ;
; J19      ;            ;          ; GND                                                       ; gnd    ;              ;         ; --         ;                 ; --       ; --           ;
; J20      ;            ; 6        ; VCCIO6                                                    ; power  ;              ; 2.5V    ; --         ;                 ; --       ; --           ;
; J21      ; 363        ; 6        ; RESERVED_INPUT_WITH_WEAK_PULLUP                           ;        ;              ;         ; Row I/O    ;                 ; no       ; On           ;
; J22      ; 362        ; 6        ; RESERVED_INPUT_WITH_WEAK_PULLUP                           ;        ;              ;         ; Row I/O    ;                 ; no       ; On           ;
; K1       ; 59         ; 1        ; ~ALTERA_DATA0~ / RESERVED_INPUT_WITH_WEAK_PULLUP          ; input  ; 2.5 V        ;         ; Row I/O    ; N               ; no       ; On           ;
; K2       ; 58         ; 1        ; ~ALTERA_DCLK~                                             ; output ; 2.5 V        ;         ; Row I/O    ; N               ; no       ; On           ;
; K3       ;            ;          ; GND                                                       ; gnd    ;              ;         ; --         ;                 ; --       ; --           ;
; K4       ;            ; 1        ; VCCIO1                                                    ; power  ;              ; 2.5V    ; --         ;                 ; --       ; --           ;
; K5       ; 60         ; 1        ; ^nCONFIG                                                  ;        ;              ;         ; --         ;                 ; --       ; --           ;
; K6       ; 41         ; 1        ; ^nSTATUS                                                  ;        ;              ;         ; --         ;                 ; --       ; --           ;
; K7       ; 46         ; 1        ; RESERVED_INPUT_WITH_WEAK_PULLUP                           ;        ;              ;         ; Row I/O    ;                 ; no       ; On           ;
; K8       ; 44         ; 1        ; RESERVED_INPUT_WITH_WEAK_PULLUP                           ;        ;              ;         ; Row I/O    ;                 ; no       ; On           ;
; K9       ;            ;          ; VCCINT                                                    ; power  ;              ; 1.2V    ; --         ;                 ; --       ; --           ;
; K10      ;            ;          ; GND                                                       ; gnd    ;              ;         ; --         ;                 ; --       ; --           ;
; K11      ;            ;          ; GND                                                       ; gnd    ;              ;         ; --         ;                 ; --       ; --           ;
; K12      ;            ;          ; GND                                                       ; gnd    ;              ;         ; --         ;                 ; --       ; --           ;
; K13      ;            ;          ; GND                                                       ; gnd    ;              ;         ; --         ;                 ; --       ; --           ;
; K14      ;            ;          ; VCCINT                                                    ; power  ;              ; 1.2V    ; --         ;                 ; --       ; --           ;
; K15      ;            ;          ; VCCINT                                                    ; power  ;              ; 1.2V    ; --         ;                 ; --       ; --           ;
; K16      ;            ;          ; GND                                                       ; gnd    ;              ;         ; --         ;                 ; --       ; --           ;
; K17      ; 369        ; 6        ; RESERVED_INPUT_WITH_WEAK_PULLUP                           ;        ;              ;         ; Row I/O    ;                 ; no       ; On           ;
; K18      ; 370        ; 6        ; RESERVED_INPUT_WITH_WEAK_PULLUP                           ;        ;              ;         ; Row I/O    ;                 ; no       ; On           ;
; K19      ; 357        ; 6        ; RESERVED_INPUT_WITH_WEAK_PULLUP                           ;        ;              ;         ; Row I/O    ;                 ; --       ; --           ;
; K20      ; 350        ; 6        ; ^MSEL3                                                    ;        ;              ;         ; --         ;                 ; --       ; --           ;
; K21      ; 361        ; 6        ; RESERVED_INPUT_WITH_WEAK_PULLUP                           ;        ;              ;         ; Row I/O    ;                 ; no       ; On           ;
; K22      ; 360        ; 6        ; ~ALTERA_nCEO~ / RESERVED_OUTPUT_OPEN_DRAIN                ; output ; 2.5 V        ;         ; Row I/O    ; N               ; no       ; Off          ;
; L1       ; 63         ; 1        ; #TMS                                                      ; input  ;              ;         ; --         ;                 ; --       ; --           ;
; L2       ; 62         ; 1        ; #TCK                                                      ; input  ;              ;         ; --         ;                 ; --       ; --           ;
; L3       ; 65         ; 1        ; ^nCE                                                      ;        ;              ;         ; --         ;                 ; --       ; --           ;
; L4       ; 64         ; 1        ; #TDO                                                      ; output ;              ;         ; --         ;                 ; --       ; --           ;
; L5       ; 61         ; 1        ; #TDI                                                      ; input  ;              ;         ; --         ;                 ; --       ; --           ;
; L6       ; 70         ; 2        ; dummy_out[0]                                              ; output ; 2.5 V        ;         ; Row I/O    ; N               ; no       ; Off          ;
; L7       ; 79         ; 2        ; dummy_out[8]                                              ; output ; 2.5 V        ;         ; Row I/O    ; N               ; no       ; Off          ;
; L8       ; 43         ; 1        ; RESERVED_INPUT_WITH_WEAK_PULLUP                           ;        ;              ;         ; Row I/O    ;                 ; no       ; On           ;
; L9       ;            ;          ; VCCINT                                                    ; power  ;              ; 1.2V    ; --         ;                 ; --       ; --           ;
; L10      ;            ;          ; GND                                                       ; gnd    ;              ;         ; --         ;                 ; --       ; --           ;
; L11      ;            ;          ; GND                                                       ; gnd    ;              ;         ; --         ;                 ; --       ; --           ;
; L12      ;            ;          ; GND                                                       ; gnd    ;              ;         ; --         ;                 ; --       ; --           ;
; L13      ;            ;          ; GND                                                       ; gnd    ;              ;         ; --         ;                 ; --       ; --           ;
; L14      ;            ;          ; VCCINT                                                    ; power  ;              ; 1.2V    ; --         ;                 ; --       ; --           ;
; L15      ;            ;          ; GND                                                       ; gnd    ;              ;         ; --         ;                 ; --       ; --           ;
; L16      ;            ;          ; VCCINT                                                    ; power  ;              ; 1.2V    ; --         ;                 ; --       ; --           ;
; L17      ; 349        ; 6        ; ^MSEL2                                                    ;        ;              ;         ; --         ;                 ; --       ; --           ;
; L18      ; 348        ; 6        ; ^MSEL1                                                    ;        ;              ;         ; --         ;                 ; --       ; --           ;
; L19      ;            ; 6        ; VCCIO6                                                    ; power  ;              ; 2.5V    ; --         ;                 ; --       ; --           ;
; L20      ;            ;          ; GND                                                       ; gnd    ;              ;         ; --         ;                 ; --       ; --           ;
; L21      ; 354        ; 6        ; RESERVED_INPUT_WITH_WEAK_PULLUP                           ;        ;              ;         ; Row I/O    ;                 ; no       ; On           ;
; L22      ; 353        ; 6        ; RESERVED_INPUT_WITH_WEAK_PULLUP                           ;        ;              ;         ; Row I/O    ;                 ; no       ; On           ;
; M1       ; 73         ; 2        ; RESERVED_INPUT_WITH_WEAK_PULLUP                           ;        ;              ;         ; Row I/O    ;                 ; no       ; On           ;
; M2       ; 72         ; 2        ; RESERVED_INPUT_WITH_WEAK_PULLUP                           ;        ;              ;         ; Row I/O    ;                 ; no       ; On           ;
; M3       ; 75         ; 2        ; dummy_out[17]                                             ; output ; 2.5 V        ;         ; Row I/O    ; N               ; no       ; Off          ;
; M4       ; 74         ; 2        ; dummy_out[24]                                             ; output ; 2.5 V        ;         ; Row I/O    ; N               ; no       ; Off          ;
; M5       ; 80         ; 2        ; RESERVED_INPUT_WITH_WEAK_PULLUP                           ;        ;              ;         ; Row I/O    ;                 ; --       ; --           ;
; M6       ; 71         ; 2        ; RESERVED_INPUT_WITH_WEAK_PULLUP                           ;        ;              ;         ; Row I/O    ;                 ; no       ; On           ;
; M7       ; 105        ; 2        ; RESERVED_INPUT_WITH_WEAK_PULLUP                           ;        ;              ;         ; Row I/O    ;                 ; no       ; On           ;
; M8       ; 106        ; 2        ; RESERVED_INPUT_WITH_WEAK_PULLUP                           ;        ;              ;         ; Row I/O    ;                 ; no       ; On           ;
; M9       ;            ;          ; VCCINT                                                    ; power  ;              ; 1.2V    ; --         ;                 ; --       ; --           ;
; M10      ;            ;          ; GND                                                       ; gnd    ;              ;         ; --         ;                 ; --       ; --           ;
; M11      ;            ;          ; GND                                                       ; gnd    ;              ;         ; --         ;                 ; --       ; --           ;
; M12      ;            ;          ; GND                                                       ; gnd    ;              ;         ; --         ;                 ; --       ; --           ;
; M13      ;            ;          ; GND                                                       ; gnd    ;              ;         ; --         ;                 ; --       ; --           ;
; M14      ;            ;          ; VCCINT                                                    ; power  ;              ; 1.2V    ; --         ;                 ; --       ; --           ;
; M15      ;            ;          ; VCCINT                                                    ; power  ;              ; 1.2V    ; --         ;                 ; --       ; --           ;
; M16      ; 337        ; 5        ; RESERVED_INPUT_WITH_WEAK_PULLUP                           ;        ;              ;         ; Row I/O    ;                 ; --       ; --           ;
; M17      ; 347        ; 6        ; ^MSEL0                                                    ;        ;              ;         ; --         ;                 ; --       ; --           ;
; M18      ; 346        ; 6        ; ^CONF_DONE                                                ;        ;              ;         ; --         ;                 ; --       ; --           ;
; M19      ; 336        ; 5        ; RESERVED_INPUT_WITH_WEAK_PULLUP                           ;        ;              ;         ; Row I/O    ;                 ; no       ; On           ;
; M20      ; 335        ; 5        ; RESERVED_INPUT_WITH_WEAK_PULLUP                           ;        ;              ;         ; Row I/O    ;                 ; no       ; On           ;
; M21      ; 334        ; 5        ; RESERVED_INPUT_WITH_WEAK_PULLUP                           ;        ;              ;         ; Row I/O    ;                 ; no       ; On           ;
; M22      ; 333        ; 5        ; RESERVED_INPUT_WITH_WEAK_PULLUP                           ;        ;              ;         ; Row I/O    ;                 ; no       ; On           ;
; N1       ; 77         ; 2        ; dummy_out[16]                                             ; output ; 2.5 V        ;         ; Row I/O    ; N               ; no       ; Off          ;
; N2       ; 76         ; 2        ; dummy_out[10]                                             ; output ; 2.5 V        ;         ; Row I/O    ; N               ; no       ; Off          ;
; N3       ;            ;          ; GND                                                       ; gnd    ;              ;         ; --         ;                 ; --       ; --           ;
; N4       ;            ; 2        ; VCCIO2                                                    ; power  ;              ; 2.5V    ; --         ;                 ; --       ; --           ;
; N5       ; 87         ; 2        ; RESERVED_INPUT_WITH_WEAK_PULLUP                           ;        ;              ;         ; Row I/O    ;                 ; no       ; On           ;
; N6       ; 104        ; 2        ; RESERVED_INPUT_WITH_WEAK_PULLUP                           ;        ;              ;         ; Row I/O    ;                 ; no       ; On           ;
; N7       ; 122        ; 2        ; RESERVED_INPUT_WITH_WEAK_PULLUP                           ;        ;              ;         ; Row I/O    ;                 ; no       ; On           ;
; N8       ; 107        ; 2        ; RESERVED_INPUT_WITH_WEAK_PULLUP                           ;        ;              ;         ; Row I/O    ;                 ; no       ; On           ;
; N9       ;            ;          ; VCCINT                                                    ; power  ;              ; 1.2V    ; --         ;                 ; --       ; --           ;
; N10      ;            ;          ; GND                                                       ; gnd    ;              ;         ; --         ;                 ; --       ; --           ;
; N11      ;            ;          ; GND                                                       ; gnd    ;              ;         ; --         ;                 ; --       ; --           ;
; N12      ;            ;          ; GND                                                       ; gnd    ;              ;         ; --         ;                 ; --       ; --           ;
; N13      ;            ;          ; GND                                                       ; gnd    ;              ;         ; --         ;                 ; --       ; --           ;
; N14      ;            ;          ; VCCINT                                                    ; power  ;              ; 1.2V    ; --         ;                 ; --       ; --           ;
; N15      ;            ;          ; GND                                                       ; gnd    ;              ;         ; --         ;                 ; --       ; --           ;
; N16      ; 314        ; 5        ; RESERVED_INPUT_WITH_WEAK_PULLUP                           ;        ;              ;         ; Row I/O    ;                 ; no       ; On           ;
; N17      ; 329        ; 5        ; RESERVED_INPUT_WITH_WEAK_PULLUP                           ;        ;              ;         ; Row I/O    ;                 ; no       ; On           ;
; N18      ; 330        ; 5        ; RESERVED_INPUT_WITH_WEAK_PULLUP                           ;        ;              ;         ; Row I/O    ;                 ; no       ; On           ;
; N19      ; 324        ; 5        ; RESERVED_INPUT_WITH_WEAK_PULLUP                           ;        ;              ;         ; Row I/O    ;                 ; no       ; On           ;
; N20      ; 323        ; 5        ; RESERVED_INPUT_WITH_WEAK_PULLUP                           ;        ;              ;         ; Row I/O    ;                 ; no       ; On           ;
; N21      ; 332        ; 5        ; RESERVED_INPUT_WITH_WEAK_PULLUP                           ;        ;              ;         ; Row I/O    ;                 ; no       ; On           ;
; N22      ; 331        ; 5        ; RESERVED_INPUT_WITH_WEAK_PULLUP                           ;        ;              ;         ; Row I/O    ;                 ; no       ; On           ;
; P1       ; 84         ; 2        ; RESERVED_INPUT_WITH_WEAK_PULLUP                           ;        ;              ;         ; Row I/O    ;                 ; no       ; On           ;
; P2       ; 83         ; 2        ; dummy_out[5]                                              ; output ; 2.5 V        ;         ; Row I/O    ; N               ; no       ; Off          ;
; P3       ; 89         ; 2        ; RESERVED_INPUT_WITH_WEAK_PULLUP                           ;        ;              ;         ; Row I/O    ;                 ; no       ; On           ;
; P4       ; 88         ; 2        ; RESERVED_INPUT_WITH_WEAK_PULLUP                           ;        ;              ;         ; Row I/O    ;                 ; no       ; On           ;
; P5       ; 103        ; 2        ; RESERVED_INPUT_WITH_WEAK_PULLUP                           ;        ;              ;         ; Row I/O    ;                 ; --       ; --           ;
; P6       ; 131        ; 2        ; RESERVED_INPUT_WITH_WEAK_PULLUP                           ;        ;              ;         ; Row I/O    ;                 ; no       ; On           ;
; P7       ; 123        ; 2        ; RESERVED_INPUT_WITH_WEAK_PULLUP                           ;        ;              ;         ; Row I/O    ;                 ; no       ; On           ;
; P8       ;            ;          ; GND                                                       ; gnd    ;              ;         ; --         ;                 ; --       ; --           ;
; P9       ;            ;          ; VCCINT                                                    ; power  ;              ; 1.2V    ; --         ;                 ; --       ; --           ;
; P10      ;            ;          ; VCCINT                                                    ; power  ;              ; 1.2V    ; --         ;                 ; --       ; --           ;
; P11      ;            ;          ; VCCINT                                                    ; power  ;              ; 1.2V    ; --         ;                 ; --       ; --           ;
; P12      ;            ;          ; VCCINT                                                    ; power  ;              ; 1.2V    ; --         ;                 ; --       ; --           ;
; P13      ;            ;          ; VCCINT                                                    ; power  ;              ; 1.2V    ; --         ;                 ; --       ; --           ;
; P14      ;            ;          ; VCCINT                                                    ; power  ;              ; 1.2V    ; --         ;                 ; --       ; --           ;
; P15      ; 298        ; 5        ; RESERVED_INPUT_WITH_WEAK_PULLUP                           ;        ;              ;         ; Row I/O    ;                 ; no       ; On           ;
; P16      ; 299        ; 5        ; RESERVED_INPUT_WITH_WEAK_PULLUP                           ;        ;              ;         ; Row I/O    ;                 ; no       ; On           ;
; P17      ; 302        ; 5        ; RESERVED_INPUT_WITH_WEAK_PULLUP                           ;        ;              ;         ; Row I/O    ;                 ; no       ; On           ;
; P18      ;            ; 5        ; VCCIO5                                                    ; power  ;              ; 2.5V    ; --         ;                 ; --       ; --           ;
; P19      ;            ;          ; GND                                                       ; gnd    ;              ;         ; --         ;                 ; --       ; --           ;
; P20      ; 317        ; 5        ; RESERVED_INPUT_WITH_WEAK_PULLUP                           ;        ;              ;         ; Row I/O    ;                 ; --       ; --           ;
; P21      ; 320        ; 5        ; RESERVED_INPUT_WITH_WEAK_PULLUP                           ;        ;              ;         ; Row I/O    ;                 ; no       ; On           ;
; P22      ; 319        ; 5        ; RESERVED_INPUT_WITH_WEAK_PULLUP                           ;        ;              ;         ; Row I/O    ;                 ; no       ; On           ;
; R1       ; 86         ; 2        ; RESERVED_INPUT_WITH_WEAK_PULLUP                           ;        ;              ;         ; Row I/O    ;                 ; no       ; On           ;
; R2       ; 85         ; 2        ; dummy_out[11]                                             ; output ; 2.5 V        ;         ; Row I/O    ; N               ; no       ; Off          ;
; R3       ;            ;          ; GND                                                       ; gnd    ;              ;         ; --         ;                 ; --       ; --           ;
; R4       ;            ; 2        ; VCCIO2                                                    ; power  ;              ; 2.5V    ; --         ;                 ; --       ; --           ;
; R5       ; 135        ; 2        ; RESERVED_INPUT_WITH_WEAK_PULLUP                           ;        ;              ;         ; Row I/O    ;                 ; --       ; --           ;
; R6       ; 136        ; 2        ; RESERVED_INPUT_WITH_WEAK_PULLUP                           ;        ;              ;         ; Row I/O    ;                 ; no       ; On           ;
; R7       ; 137        ; 2        ; RESERVED_INPUT_WITH_WEAK_PULLUP                           ;        ;              ;         ; Row I/O    ;                 ; no       ; On           ;
; R8       ;            ;          ; VCCINT                                                    ; power  ;              ; 1.2V    ; --         ;                 ; --       ; --           ;
; R9       ;            ;          ; GND                                                       ; gnd    ;              ;         ; --         ;                 ; --       ; --           ;
; R10      ;            ;          ; VCCINT                                                    ; power  ;              ; 1.2V    ; --         ;                 ; --       ; --           ;
; R11      ;            ;          ; GND                                                       ; gnd    ;              ;         ; --         ;                 ; --       ; --           ;
; R12      ;            ;          ; VCCINT                                                    ; power  ;              ; 1.2V    ; --         ;                 ; --       ; --           ;
; R13      ;            ;          ; GND                                                       ; gnd    ;              ;         ; --         ;                 ; --       ; --           ;
; R14      ; 268        ; 4        ; RESERVED_INPUT_WITH_WEAK_PULLUP                           ;        ;              ;         ; Column I/O ;                 ; no       ; On           ;
; R15      ; 269        ; 4        ; RESERVED_INPUT_WITH_WEAK_PULLUP                           ;        ;              ;         ; Column I/O ;                 ; no       ; On           ;
; R16      ; 267        ; 4        ; RESERVED_INPUT_WITH_WEAK_PULLUP                           ;        ;              ;         ; Column I/O ;                 ; no       ; On           ;
; R17      ; 301        ; 5        ; RESERVED_INPUT_WITH_WEAK_PULLUP                           ;        ;              ;         ; Row I/O    ;                 ; --       ; --           ;
; R18      ; 309        ; 5        ; RESERVED_INPUT_WITH_WEAK_PULLUP                           ;        ;              ;         ; Row I/O    ;                 ; no       ; On           ;
; R19      ; 310        ; 5        ; RESERVED_INPUT_WITH_WEAK_PULLUP                           ;        ;              ;         ; Row I/O    ;                 ; no       ; On           ;
; R20      ; 305        ; 5        ; RESERVED_INPUT_WITH_WEAK_PULLUP                           ;        ;              ;         ; Row I/O    ;                 ; no       ; On           ;
; R21      ; 316        ; 5        ; RESERVED_INPUT_WITH_WEAK_PULLUP                           ;        ;              ;         ; Row I/O    ;                 ; no       ; On           ;
; R22      ; 315        ; 5        ; RESERVED_INPUT_WITH_WEAK_PULLUP                           ;        ;              ;         ; Row I/O    ;                 ; no       ; On           ;
; T1       ; 69         ; 2        ; GND+                                                      ;        ;              ;         ; Row I/O    ;                 ; --       ; --           ;
; T2       ; 68         ; 2        ; reset                                                     ; input  ; 2.5 V        ;         ; Row I/O    ; N               ; no       ; Off          ;
; T3       ; 121        ; 2        ; RESERVED_INPUT_WITH_WEAK_PULLUP                           ;        ;              ;         ; Row I/O    ;                 ; --       ; --           ;
; T4       ; 134        ; 2        ; RESERVED_INPUT_WITH_WEAK_PULLUP                           ;        ;              ;         ; Row I/O    ;                 ; no       ; On           ;
; T5       ; 133        ; 2        ; RESERVED_INPUT_WITH_WEAK_PULLUP                           ;        ;              ;         ; Row I/O    ;                 ; no       ; On           ;
; T6       ;            ; --       ; VCCA1                                                     ; power  ;              ; 2.5V    ; --         ;                 ; --       ; --           ;
; T7       ; 138        ; 2        ; RESERVED_INPUT_WITH_WEAK_PULLUP                           ;        ;              ;         ; Row I/O    ;                 ; no       ; On           ;
; T8       ; 166        ; 3        ; RESERVED_INPUT_WITH_WEAK_PULLUP                           ;        ;              ;         ; Column I/O ;                 ; no       ; On           ;
; T9       ; 167        ; 3        ; RESERVED_INPUT_WITH_WEAK_PULLUP                           ;        ;              ;         ; Column I/O ;                 ; no       ; On           ;
; T10      ; 176        ; 3        ; RESERVED_INPUT_WITH_WEAK_PULLUP                           ;        ;              ;         ; Column I/O ;                 ; no       ; On           ;
; T11      ; 177        ; 3        ; RESERVED_INPUT_WITH_WEAK_PULLUP                           ;        ;              ;         ; Column I/O ;                 ; no       ; On           ;
; T12      ; 226        ; 4        ; RESERVED_INPUT_WITH_WEAK_PULLUP                           ;        ;              ;         ; Column I/O ;                 ; no       ; On           ;
; T13      ; 227        ; 4        ; RESERVED_INPUT_WITH_WEAK_PULLUP                           ;        ;              ;         ; Column I/O ;                 ; no       ; On           ;
; T14      ; 240        ; 4        ; RESERVED_INPUT_WITH_WEAK_PULLUP                           ;        ;              ;         ; Column I/O ;                 ; no       ; On           ;
; T15      ; 241        ; 4        ; RESERVED_INPUT_WITH_WEAK_PULLUP                           ;        ;              ;         ; Column I/O ;                 ; no       ; On           ;
; T16      ; 266        ; 4        ; RESERVED_INPUT_WITH_WEAK_PULLUP                           ;        ;              ;         ; Column I/O ;                 ; no       ; On           ;
; T17      ; 277        ; 5        ; RESERVED_INPUT_WITH_WEAK_PULLUP                           ;        ;              ;         ; Row I/O    ;                 ; no       ; On           ;
; T18      ; 278        ; 5        ; RESERVED_INPUT_WITH_WEAK_PULLUP                           ;        ;              ;         ; Row I/O    ;                 ; no       ; On           ;
; T19      ;            ; 5        ; VCCIO5                                                    ; power  ;              ; 2.5V    ; --         ;                 ; --       ; --           ;
; T20      ;            ;          ; GND                                                       ; gnd    ;              ;         ; --         ;                 ; --       ; --           ;
; T21      ; 343        ; 5        ; GND+                                                      ;        ;              ;         ; Row I/O    ;                 ; --       ; --           ;
; T22      ; 342        ; 5        ; GND+                                                      ;        ;              ;         ; Row I/O    ;                 ; --       ; --           ;
; U1       ; 92         ; 2        ; RESERVED_INPUT_WITH_WEAK_PULLUP                           ;        ;              ;         ; Row I/O    ;                 ; no       ; On           ;
; U2       ; 91         ; 2        ; RESERVED_INPUT_WITH_WEAK_PULLUP                           ;        ;              ;         ; Row I/O    ;                 ; no       ; On           ;
; U3       ;            ;          ; GND                                                       ; gnd    ;              ;         ; --         ;                 ; --       ; --           ;
; U4       ;            ; 2        ; VCCIO2                                                    ; power  ;              ; 2.5V    ; --         ;                 ; --       ; --           ;
; U5       ;            ;          ; GNDA1                                                     ; gnd    ;              ;         ; --         ;                 ; --       ; --           ;
; U6       ;            ;          ; VCCD_PLL1                                                 ; power  ;              ; 1.2V    ; --         ;                 ; --       ; --           ;
; U7       ; 145        ; 3        ; RESERVED_INPUT_WITH_WEAK_PULLUP                           ;        ;              ;         ; Column I/O ;                 ; no       ; On           ;
; U8       ; 146        ; 3        ; RESERVED_INPUT_WITH_WEAK_PULLUP                           ;        ;              ;         ; Column I/O ;                 ; no       ; On           ;
; U9       ; 170        ; 3        ; RESERVED_INPUT_WITH_WEAK_PULLUP                           ;        ;              ;         ; Column I/O ;                 ; no       ; On           ;
; U10      ; 182        ; 3        ; dummy_out[18]                                             ; output ; 2.5 V        ;         ; Column I/O ; N               ; no       ; Off          ;
; U11      ; 191        ; 3        ; dummy_out[12]                                             ; output ; 2.5 V        ;         ; Column I/O ; N               ; no       ; Off          ;
; U12      ; 222        ; 4        ; RESERVED_INPUT_WITH_WEAK_PULLUP                           ;        ;              ;         ; Column I/O ;                 ; no       ; On           ;
; U13      ; 233        ; 4        ; RESERVED_INPUT_WITH_WEAK_PULLUP                           ;        ;              ;         ; Column I/O ;                 ; no       ; On           ;
; U14      ; 235        ; 4        ; RESERVED_INPUT_WITH_WEAK_PULLUP                           ;        ;              ;         ; Column I/O ;                 ; no       ; On           ;
; U15      ; 236        ; 4        ; RESERVED_INPUT_WITH_WEAK_PULLUP                           ;        ;              ;         ; Column I/O ;                 ; no       ; On           ;
; U16      ; 262        ; 4        ; RESERVED_INPUT_WITH_WEAK_PULLUP                           ;        ;              ;         ; Column I/O ;                 ; no       ; On           ;
; U17      ; 263        ; 4        ; RESERVED_INPUT_WITH_WEAK_PULLUP                           ;        ;              ;         ; Column I/O ;                 ; no       ; On           ;
; U18      ;            ; --       ; VCCA4                                                     ; power  ;              ; 2.5V    ; --         ;                 ; --       ; --           ;
; U19      ; 291        ; 5        ; RESERVED_INPUT_WITH_WEAK_PULLUP                           ;        ;              ;         ; Row I/O    ;                 ; no       ; On           ;
; U20      ; 290        ; 5        ; RESERVED_INPUT_WITH_WEAK_PULLUP                           ;        ;              ;         ; Row I/O    ;                 ; no       ; On           ;
; U21      ; 308        ; 5        ; RESERVED_INPUT_WITH_WEAK_PULLUP                           ;        ;              ;         ; Row I/O    ;                 ; no       ; On           ;
; U22      ; 307        ; 5        ; RESERVED_INPUT_WITH_WEAK_PULLUP                           ;        ;              ;         ; Row I/O    ;                 ; no       ; On           ;
; V1       ; 98         ; 2        ; RESERVED_INPUT_WITH_WEAK_PULLUP                           ;        ;              ;         ; Row I/O    ;                 ; no       ; On           ;
; V2       ; 97         ; 2        ; RESERVED_INPUT_WITH_WEAK_PULLUP                           ;        ;              ;         ; Row I/O    ;                 ; no       ; On           ;
; V3       ; 130        ; 2        ; RESERVED_INPUT_WITH_WEAK_PULLUP                           ;        ;              ;         ; Row I/O    ;                 ; no       ; On           ;
; V4       ; 129        ; 2        ; RESERVED_INPUT_WITH_WEAK_PULLUP                           ;        ;              ;         ; Row I/O    ;                 ; no       ; On           ;
; V5       ; 142        ; 3        ; RESERVED_INPUT_WITH_WEAK_PULLUP                           ;        ;              ;         ; Column I/O ;                 ; no       ; On           ;
; V6       ; 141        ; 3        ; RESERVED_INPUT_WITH_WEAK_PULLUP                           ;        ;              ;         ; Column I/O ;                 ; no       ; On           ;
; V7       ; 157        ; 3        ; RESERVED_INPUT_WITH_WEAK_PULLUP                           ;        ;              ;         ; Column I/O ;                 ; no       ; On           ;
; V8       ; 171        ; 3        ; RESERVED_INPUT_WITH_WEAK_PULLUP                           ;        ;              ;         ; Column I/O ;                 ; no       ; On           ;
; V9       ; 178        ; 3        ; RESERVED_INPUT_WITH_WEAK_PULLUP                           ;        ;              ;         ; Column I/O ;                 ; --       ; --           ;
; V10      ; 179        ; 3        ; RESERVED_INPUT_WITH_WEAK_PULLUP                           ;        ;              ;         ; Column I/O ;                 ; no       ; On           ;
; V11      ; 199        ; 3        ; dummy_out[4]                                              ; output ; 2.5 V        ;         ; Column I/O ; N               ; no       ; Off          ;
; V12      ; 213        ; 4        ; dummy_out[28]                                             ; output ; 2.5 V        ;         ; Column I/O ; N               ; no       ; Off          ;
; V13      ; 228        ; 4        ; RESERVED_INPUT_WITH_WEAK_PULLUP                           ;        ;              ;         ; Column I/O ;                 ; no       ; On           ;
; V14      ; 234        ; 4        ; RESERVED_INPUT_WITH_WEAK_PULLUP                           ;        ;              ;         ; Column I/O ;                 ; no       ; On           ;
; V15      ; 237        ; 4        ; RESERVED_INPUT_WITH_WEAK_PULLUP                           ;        ;              ;         ; Column I/O ;                 ; no       ; On           ;
; V16      ; 261        ; 4        ; RESERVED_INPUT_WITH_WEAK_PULLUP                           ;        ;              ;         ; Column I/O ;                 ; --       ; --           ;
; V17      ;            ;          ; VCCD_PLL4                                                 ; power  ;              ; 1.2V    ; --         ;                 ; --       ; --           ;
; V18      ;            ;          ; GNDA4                                                     ; gnd    ;              ;         ; --         ;                 ; --       ; --           ;
; V19      ;            ; 5        ; VCCIO5                                                    ; power  ;              ; 2.5V    ; --         ;                 ; --       ; --           ;
; V20      ;            ;          ; GND                                                       ; gnd    ;              ;         ; --         ;                 ; --       ; --           ;
; V21      ; 304        ; 5        ; RESERVED_INPUT_WITH_WEAK_PULLUP                           ;        ;              ;         ; Row I/O    ;                 ; no       ; On           ;
; V22      ; 303        ; 5        ; RESERVED_INPUT_WITH_WEAK_PULLUP                           ;        ;              ;         ; Row I/O    ;                 ; no       ; On           ;
; W1       ; 111        ; 2        ; RESERVED_INPUT_WITH_WEAK_PULLUP                           ;        ;              ;         ; Row I/O    ;                 ; no       ; On           ;
; W2       ; 110        ; 2        ; RESERVED_INPUT_WITH_WEAK_PULLUP                           ;        ;              ;         ; Row I/O    ;                 ; no       ; On           ;
; W3       ;            ;          ; GND                                                       ; gnd    ;              ;         ; --         ;                 ; --       ; --           ;
; W4       ;            ; 2        ; VCCIO2                                                    ; power  ;              ; 2.5V    ; --         ;                 ; --       ; --           ;
; W5       ;            ; 3        ; VCCIO3                                                    ; power  ;              ; 2.5V    ; --         ;                 ; --       ; --           ;
; W6       ; 156        ; 3        ; RESERVED_INPUT_WITH_WEAK_PULLUP                           ;        ;              ;         ; Column I/O ;                 ; no       ; On           ;
; W7       ; 168        ; 3        ; RESERVED_INPUT_WITH_WEAK_PULLUP                           ;        ;              ;         ; Column I/O ;                 ; no       ; On           ;
; W8       ; 172        ; 3        ; RESERVED_INPUT_WITH_WEAK_PULLUP                           ;        ;              ;         ; Column I/O ;                 ; no       ; On           ;
; W9       ;            ; 3        ; VCCIO3                                                    ; power  ;              ; 2.5V    ; --         ;                 ; --       ; --           ;
; W10      ; 200        ; 3        ; dummy_out[20]                                             ; output ; 2.5 V        ;         ; Column I/O ; N               ; no       ; Off          ;
; W11      ;            ; 3        ; VCCIO3                                                    ; power  ;              ; 2.5V    ; --         ;                 ; --       ; --           ;
; W12      ;            ; 4        ; VCCIO4                                                    ; power  ;              ; 2.5V    ; --         ;                 ; --       ; --           ;
; W13      ; 218        ; 4        ; RESERVED_INPUT_WITH_WEAK_PULLUP                           ;        ;              ;         ; Column I/O ;                 ; no       ; On           ;
; W14      ; 229        ; 4        ; RESERVED_INPUT_WITH_WEAK_PULLUP                           ;        ;              ;         ; Column I/O ;                 ; --       ; --           ;
; W15      ; 239        ; 4        ; RESERVED_INPUT_WITH_WEAK_PULLUP                           ;        ;              ;         ; Column I/O ;                 ; no       ; On           ;
; W16      ;            ; 4        ; VCCIO4                                                    ; power  ;              ; 2.5V    ; --         ;                 ; --       ; --           ;
; W17      ; 257        ; 4        ; RESERVED_INPUT_WITH_WEAK_PULLUP                           ;        ;              ;         ; Column I/O ;                 ; no       ; On           ;
; W18      ;            ; 4        ; VCCIO4                                                    ; power  ;              ; 2.5V    ; --         ;                 ; --       ; --           ;
; W19      ; 285        ; 5        ; RESERVED_INPUT_WITH_WEAK_PULLUP                           ;        ;              ;         ; Row I/O    ;                 ; --       ; --           ;
; W20      ; 280        ; 5        ; RESERVED_INPUT_WITH_WEAK_PULLUP                           ;        ;              ;         ; Row I/O    ;                 ; no       ; On           ;
; W21      ; 293        ; 5        ; RESERVED_INPUT_WITH_WEAK_PULLUP                           ;        ;              ;         ; Row I/O    ;                 ; no       ; On           ;
; W22      ; 292        ; 5        ; RESERVED_INPUT_WITH_WEAK_PULLUP                           ;        ;              ;         ; Row I/O    ;                 ; no       ; On           ;
; Y1       ; 113        ; 2        ; RESERVED_INPUT_WITH_WEAK_PULLUP                           ;        ;              ;         ; Row I/O    ;                 ; no       ; On           ;
; Y2       ; 112        ; 2        ; RESERVED_INPUT_WITH_WEAK_PULLUP                           ;        ;              ;         ; Row I/O    ;                 ; no       ; On           ;
; Y3       ; 148        ; 3        ; RESERVED_INPUT_WITH_WEAK_PULLUP                           ;        ;              ;         ; Column I/O ;                 ; no       ; On           ;
; Y4       ; 147        ; 3        ; RESERVED_INPUT_WITH_WEAK_PULLUP                           ;        ;              ;         ; Column I/O ;                 ; --       ; --           ;
; Y5       ;            ;          ; GND                                                       ; gnd    ;              ;         ; --         ;                 ; --       ; --           ;
; Y6       ; 152        ; 3        ; RESERVED_INPUT_WITH_WEAK_PULLUP                           ;        ;              ;         ; Column I/O ;                 ; no       ; On           ;
; Y7       ; 169        ; 3        ; RESERVED_INPUT_WITH_WEAK_PULLUP                           ;        ;              ;         ; Column I/O ;                 ; no       ; On           ;
; Y8       ; 175        ; 3        ; RESERVED_INPUT_WITH_WEAK_PULLUP                           ;        ;              ;         ; Column I/O ;                 ; no       ; On           ;
; Y9       ;            ;          ; GND                                                       ; gnd    ;              ;         ; --         ;                 ; --       ; --           ;
; Y10      ; 201        ; 3        ; dummy_out[7]                                              ; output ; 2.5 V        ;         ; Column I/O ; N               ; no       ; Off          ;
; Y11      ;            ;          ; GND                                                       ; gnd    ;              ;         ; --         ;                 ; --       ; --           ;
; Y12      ;            ;          ; GND                                                       ; gnd    ;              ;         ; --         ;                 ; --       ; --           ;
; Y13      ; 219        ; 4        ; RESERVED_INPUT_WITH_WEAK_PULLUP                           ;        ;              ;         ; Column I/O ;                 ; no       ; On           ;
; Y14      ;            ; 4        ; VCCIO4                                                    ; power  ;              ; 2.5V    ; --         ;                 ; --       ; --           ;
; Y15      ;            ;          ; GND                                                       ; gnd    ;              ;         ; --         ;                 ; --       ; --           ;
; Y16      ;            ;          ; GND                                                       ; gnd    ;              ;         ; --         ;                 ; --       ; --           ;
; Y17      ; 258        ; 4        ; RESERVED_INPUT_WITH_WEAK_PULLUP                           ;        ;              ;         ; Column I/O ;                 ; no       ; On           ;
; Y18      ;            ;          ; GND                                                       ; gnd    ;              ;         ; --         ;                 ; --       ; --           ;
; Y19      ;            ; 5        ; VCCIO5                                                    ; power  ;              ; 2.5V    ; --         ;                 ; --       ; --           ;
; Y20      ;            ;          ; GND                                                       ; gnd    ;              ;         ; --         ;                 ; --       ; --           ;
; Y21      ; 289        ; 5        ; RESERVED_INPUT_WITH_WEAK_PULLUP                           ;        ;              ;         ; Row I/O    ;                 ; no       ; On           ;
; Y22      ; 288        ; 5        ; RESERVED_INPUT_WITH_WEAK_PULLUP                           ;        ;              ;         ; Row I/O    ;                 ; no       ; On           ;
+----------+------------+----------+-----------------------------------------------------------+--------+--------------+---------+------------+-----------------+----------+--------------+
Note: Pin directions (input, output or bidir) are based on device operating in user mode.


+----------------------------------------------------------------------------------------------------------------------------------------------------------------------------------------------------------------------------------------------------------------------------------------------------------------------------------------------+
; Fitter Resource Utilization by Entity                                                                                                                                                                                                                                                                                                        ;
+----------------------------------------+---------------+---------------------------+---------------+-------------+------+--------------+---------+-----------+------+--------------+--------------+-------------------+------------------+------------------------------------------------------------------------------------+--------------+
; Compilation Hierarchy Node             ; Logic Cells   ; Dedicated Logic Registers ; I/O Registers ; Memory Bits ; M9Ks ; DSP Elements ; DSP 9x9 ; DSP 18x18 ; Pins ; Virtual Pins ; LUT-Only LCs ; Register-Only LCs ; LUT/Register LCs ; Full Hierarchy Name                                                                ; Library Name ;
+----------------------------------------+---------------+---------------------------+---------------+-------------+------+--------------+---------+-----------+------+--------------+--------------+-------------------+------------------+------------------------------------------------------------------------------------+--------------+
; |DualCore_Top                          ; 29746 (24)    ; 18572 (0)                 ; 0 (0)         ; 0           ; 0    ; 0            ; 0       ; 0         ; 34   ; 0            ; 11174 (24)   ; 12074 (0)         ; 6498 (10)        ; |DualCore_Top                                                                      ; work         ;
;    |Data_Memory:Shared_RAM_Bank0|      ; 11424 (11424) ; 8192 (8192)               ; 0 (0)         ; 0           ; 0    ; 0            ; 0       ; 0         ; 0    ; 0            ; 3232 (3232)  ; 5603 (5603)       ; 2589 (2589)      ; |DualCore_Top|Data_Memory:Shared_RAM_Bank0                                         ; work         ;
;    |Data_Memory:Shared_RAM_Bank1|      ; 11389 (11389) ; 8192 (8192)               ; 0 (0)         ; 0           ; 0    ; 0            ; 0       ; 0         ; 0    ; 0            ; 3197 (3197)  ; 5578 (5578)       ; 2614 (2614)      ; |DualCore_Top|Data_Memory:Shared_RAM_Bank1                                         ; work         ;
;    |Instruction_Memory:ROM_Core0|      ; 359 (359)     ; 0 (0)                     ; 0 (0)         ; 0           ; 0    ; 0            ; 0       ; 0         ; 0    ; 0            ; 356 (356)    ; 0 (0)             ; 3 (3)            ; |DualCore_Top|Instruction_Memory:ROM_Core0                                         ; work         ;
;    |Instruction_Memory:ROM_Core1|      ; 356 (356)     ; 0 (0)                     ; 0 (0)         ; 0           ; 0    ; 0            ; 0       ; 0         ; 0    ; 0            ; 345 (345)    ; 0 (0)             ; 11 (11)          ; |DualCore_Top|Instruction_Memory:ROM_Core1                                         ; work         ;
;    |InterCore_Ctrl:ICC_Inst|           ; 139 (139)     ; 67 (67)                   ; 0 (0)         ; 0           ; 0    ; 0            ; 0       ; 0         ; 0    ; 0            ; 72 (72)      ; 9 (9)             ; 58 (58)          ; |DualCore_Top|InterCore_Ctrl:ICC_Inst                                              ; work         ;
;    |RISCV_Core:Core_0|                 ; 3036 (27)     ; 1059 (3)                  ; 0 (0)         ; 0           ; 0    ; 0            ; 0       ; 0         ; 0    ; 0            ; 1944 (23)    ; 440 (0)           ; 652 (4)          ; |DualCore_Top|RISCV_Core:Core_0                                                    ; work         ;
;       |Control_Unit:Control|           ; 60 (6)        ; 0 (0)                     ; 0 (0)         ; 0           ; 0    ; 0            ; 0       ; 0         ; 0    ; 0            ; 58 (6)       ; 0 (0)             ; 2 (0)            ; |DualCore_Top|RISCV_Core:Core_0|Control_Unit:Control                               ; work         ;
;          |ALU_decoder:ALU_decoder|     ; 28 (28)       ; 0 (0)                     ; 0 (0)         ; 0           ; 0    ; 0            ; 0       ; 0         ; 0    ; 0            ; 28 (28)      ; 0 (0)             ; 0 (0)            ; |DualCore_Top|RISCV_Core:Core_0|Control_Unit:Control|ALU_decoder:ALU_decoder       ; work         ;
;          |Main_Decoder:Main_Decoder|   ; 26 (26)       ; 0 (0)                     ; 0 (0)         ; 0           ; 0    ; 0            ; 0       ; 0         ; 0    ; 0            ; 24 (24)      ; 0 (0)             ; 2 (2)            ; |DualCore_Top|RISCV_Core:Core_0|Control_Unit:Control|Main_Decoder:Main_Decoder     ; work         ;
;       |Core_Datapath:Datapath|         ; 2951 (0)      ; 1056 (0)                  ; 0 (0)         ; 0           ; 0    ; 0            ; 0       ; 0         ; 0    ; 0            ; 1863 (0)     ; 440 (0)           ; 648 (0)          ; |DualCore_Top|RISCV_Core:Core_0|Core_Datapath:Datapath                             ; work         ;
;          |ALU:ALU_inst|                ; 779 (779)     ; 0 (0)                     ; 0 (0)         ; 0           ; 0    ; 0            ; 0       ; 0         ; 0    ; 0            ; 766 (766)    ; 0 (0)             ; 13 (13)          ; |DualCore_Top|RISCV_Core:Core_0|Core_Datapath:Datapath|ALU:ALU_inst                ; work         ;
;          |ALU_Mux:ALU_Mux_inst|        ; 43 (43)       ; 0 (0)                     ; 0 (0)         ; 0           ; 0    ; 0            ; 0       ; 0         ; 0    ; 0            ; 43 (43)      ; 0 (0)             ; 0 (0)            ; |DualCore_Top|RISCV_Core:Core_0|Core_Datapath:Datapath|ALU_Mux:ALU_Mux_inst        ; work         ;
;          |Extend:Extend_inst|          ; 46 (46)       ; 0 (0)                     ; 0 (0)         ; 0           ; 0    ; 0            ; 0       ; 0         ; 0    ; 0            ; 41 (41)      ; 0 (0)             ; 5 (5)            ; |DualCore_Top|RISCV_Core:Core_0|Core_Datapath:Datapath|Extend:Extend_inst          ; work         ;
;          |PC:PC_inst|                  ; 33 (33)       ; 32 (32)                   ; 0 (0)         ; 0           ; 0    ; 0            ; 0       ; 0         ; 0    ; 0            ; 1 (1)        ; 0 (0)             ; 32 (32)          ; |DualCore_Top|RISCV_Core:Core_0|Core_Datapath:Datapath|PC:PC_inst                  ; work         ;
;          |PC_Plus_4:PCPlus4_inst|      ; 30 (30)       ; 0 (0)                     ; 0 (0)         ; 0           ; 0    ; 0            ; 0       ; 0         ; 0    ; 0            ; 16 (16)      ; 0 (0)             ; 14 (14)          ; |DualCore_Top|RISCV_Core:Core_0|Core_Datapath:Datapath|PC_Plus_4:PCPlus4_inst      ; work         ;
;          |PC_Target:PCTarget_inst|     ; 32 (32)       ; 0 (0)                     ; 0 (0)         ; 0           ; 0    ; 0            ; 0       ; 0         ; 0    ; 0            ; 27 (27)      ; 0 (0)             ; 5 (5)            ; |DualCore_Top|RISCV_Core:Core_0|Core_Datapath:Datapath|PC_Target:PCTarget_inst     ; work         ;
;          |Register_File:Register_inst| ; 1895 (1895)   ; 1024 (1024)               ; 0 (0)         ; 0           ; 0    ; 0            ; 0       ; 0         ; 0    ; 0            ; 871 (871)    ; 440 (440)         ; 584 (584)        ; |DualCore_Top|RISCV_Core:Core_0|Core_Datapath:Datapath|Register_File:Register_inst ; work         ;
;          |Result_Mux:Result_Mux_inst|  ; 99 (99)       ; 0 (0)                     ; 0 (0)         ; 0           ; 0    ; 0            ; 0       ; 0         ; 0    ; 0            ; 98 (98)      ; 0 (0)             ; 1 (1)            ; |DualCore_Top|RISCV_Core:Core_0|Core_Datapath:Datapath|Result_Mux:Result_Mux_inst  ; work         ;
;    |RISCV_Core:Core_1|                 ; 3033 (25)     ; 1059 (3)                  ; 0 (0)         ; 0           ; 0    ; 0            ; 0       ; 0         ; 0    ; 0            ; 1958 (22)    ; 444 (0)           ; 631 (5)          ; |DualCore_Top|RISCV_Core:Core_1                                                    ; work         ;
;       |Control_Unit:Control|           ; 62 (7)        ; 0 (0)                     ; 0 (0)         ; 0           ; 0    ; 0            ; 0       ; 0         ; 0    ; 0            ; 59 (5)       ; 0 (0)             ; 3 (2)            ; |DualCore_Top|RISCV_Core:Core_1|Control_Unit:Control                               ; work         ;
;          |ALU_decoder:ALU_decoder|     ; 30 (30)       ; 0 (0)                     ; 0 (0)         ; 0           ; 0    ; 0            ; 0       ; 0         ; 0    ; 0            ; 30 (30)      ; 0 (0)             ; 0 (0)            ; |DualCore_Top|RISCV_Core:Core_1|Control_Unit:Control|ALU_decoder:ALU_decoder       ; work         ;
;          |Main_Decoder:Main_Decoder|   ; 25 (25)       ; 0 (0)                     ; 0 (0)         ; 0           ; 0    ; 0            ; 0       ; 0         ; 0    ; 0            ; 24 (24)      ; 0 (0)             ; 1 (1)            ; |DualCore_Top|RISCV_Core:Core_1|Control_Unit:Control|Main_Decoder:Main_Decoder     ; work         ;
;       |Core_Datapath:Datapath|         ; 2949 (0)      ; 1056 (0)                  ; 0 (0)         ; 0           ; 0    ; 0            ; 0       ; 0         ; 0    ; 0            ; 1877 (0)     ; 444 (0)           ; 628 (0)          ; |DualCore_Top|RISCV_Core:Core_1|Core_Datapath:Datapath                             ; work         ;
;          |ALU:ALU_inst|                ; 775 (775)     ; 0 (0)                     ; 0 (0)         ; 0           ; 0    ; 0            ; 0       ; 0         ; 0    ; 0            ; 762 (762)    ; 0 (0)             ; 13 (13)          ; |DualCore_Top|RISCV_Core:Core_1|Core_Datapath:Datapath|ALU:ALU_inst                ; work         ;
;          |ALU_Mux:ALU_Mux_inst|        ; 43 (43)       ; 0 (0)                     ; 0 (0)         ; 0           ; 0    ; 0            ; 0       ; 0         ; 0    ; 0            ; 43 (43)      ; 0 (0)             ; 0 (0)            ; |DualCore_Top|RISCV_Core:Core_1|Core_Datapath:Datapath|ALU_Mux:ALU_Mux_inst        ; work         ;
;          |Extend:Extend_inst|          ; 46 (46)       ; 0 (0)                     ; 0 (0)         ; 0           ; 0    ; 0            ; 0       ; 0         ; 0    ; 0            ; 40 (40)      ; 0 (0)             ; 6 (6)            ; |DualCore_Top|RISCV_Core:Core_1|Core_Datapath:Datapath|Extend:Extend_inst          ; work         ;
;          |PC:PC_inst|                  ; 33 (33)       ; 32 (32)                   ; 0 (0)         ; 0           ; 0    ; 0            ; 0       ; 0         ; 0    ; 0            ; 1 (1)        ; 0 (0)             ; 32 (32)          ; |DualCore_Top|RISCV_Core:Core_1|Core_Datapath:Datapath|PC:PC_inst                  ; work         ;
;          |PC_Plus_4:PCPlus4_inst|      ; 30 (30)       ; 0 (0)                     ; 0 (0)         ; 0           ; 0    ; 0            ; 0       ; 0         ; 0    ; 0            ; 30 (30)      ; 0 (0)             ; 0 (0)            ; |DualCore_Top|RISCV_Core:Core_1|Core_Datapath:Datapath|PC_Plus_4:PCPlus4_inst      ; work         ;
;          |PC_Target:PCTarget_inst|     ; 32 (32)       ; 0 (0)                     ; 0 (0)         ; 0           ; 0    ; 0            ; 0       ; 0         ; 0    ; 0            ; 26 (26)      ; 0 (0)             ; 6 (6)            ; |DualCore_Top|RISCV_Core:Core_1|Core_Datapath:Datapath|PC_Target:PCTarget_inst     ; work         ;
;          |Register_File:Register_inst| ; 1903 (1903)   ; 1024 (1024)               ; 0 (0)         ; 0           ; 0    ; 0            ; 0       ; 0         ; 0    ; 0            ; 879 (879)    ; 444 (444)         ; 580 (580)        ; |DualCore_Top|RISCV_Core:Core_1|Core_Datapath:Datapath|Register_File:Register_inst ; work         ;
;          |Result_Mux:Result_Mux_inst|  ; 99 (99)       ; 0 (0)                     ; 0 (0)         ; 0           ; 0    ; 0            ; 0       ; 0         ; 0    ; 0            ; 96 (96)      ; 0 (0)             ; 3 (3)            ; |DualCore_Top|RISCV_Core:Core_1|Core_Datapath:Datapath|Result_Mux:Result_Mux_inst  ; work         ;
;    |crossbar_2x3:Interconnect|         ; 140 (140)     ; 3 (3)                     ; 0 (0)         ; 0           ; 0    ; 0            ; 0       ; 0         ; 0    ; 0            ; 46 (46)      ; 0 (0)             ; 94 (94)          ; |DualCore_Top|crossbar_2x3:Interconnect                                            ; work         ;
+----------------------------------------+---------------+---------------------------+---------------+-------------+------+--------------+---------+-----------+------+--------------+--------------+-------------------+------------------+------------------------------------------------------------------------------------+--------------+
Note: For table entries with two numbers listed, the numbers in parentheses indicate the number of resources of the given type used by the specific entity alone. The numbers listed outside of parentheses indicate the total resources of the given type used by the specific entity and all of its sub-entities in the hierarchy.


+-----------------------------------------------------------------------------------------------+
; Delay Chain Summary                                                                           ;
+---------------+----------+---------------+---------------+-----------------------+-----+------+
; Name          ; Pin Type ; Pad to Core 0 ; Pad to Core 1 ; Pad to Input Register ; TCO ; TCOE ;
+---------------+----------+---------------+---------------+-----------------------+-----+------+
; dummy_out[0]  ; Output   ; --            ; --            ; --                    ; --  ; --   ;
; dummy_out[1]  ; Output   ; --            ; --            ; --                    ; --  ; --   ;
; dummy_out[2]  ; Output   ; --            ; --            ; --                    ; --  ; --   ;
; dummy_out[3]  ; Output   ; --            ; --            ; --                    ; --  ; --   ;
; dummy_out[4]  ; Output   ; --            ; --            ; --                    ; --  ; --   ;
; dummy_out[5]  ; Output   ; --            ; --            ; --                    ; --  ; --   ;
; dummy_out[6]  ; Output   ; --            ; --            ; --                    ; --  ; --   ;
; dummy_out[7]  ; Output   ; --            ; --            ; --                    ; --  ; --   ;
; dummy_out[8]  ; Output   ; --            ; --            ; --                    ; --  ; --   ;
; dummy_out[9]  ; Output   ; --            ; --            ; --                    ; --  ; --   ;
; dummy_out[10] ; Output   ; --            ; --            ; --                    ; --  ; --   ;
; dummy_out[11] ; Output   ; --            ; --            ; --                    ; --  ; --   ;
; dummy_out[12] ; Output   ; --            ; --            ; --                    ; --  ; --   ;
; dummy_out[13] ; Output   ; --            ; --            ; --                    ; --  ; --   ;
; dummy_out[14] ; Output   ; --            ; --            ; --                    ; --  ; --   ;
; dummy_out[15] ; Output   ; --            ; --            ; --                    ; --  ; --   ;
; dummy_out[16] ; Output   ; --            ; --            ; --                    ; --  ; --   ;
; dummy_out[17] ; Output   ; --            ; --            ; --                    ; --  ; --   ;
; dummy_out[18] ; Output   ; --            ; --            ; --                    ; --  ; --   ;
; dummy_out[19] ; Output   ; --            ; --            ; --                    ; --  ; --   ;
; dummy_out[20] ; Output   ; --            ; --            ; --                    ; --  ; --   ;
; dummy_out[21] ; Output   ; --            ; --            ; --                    ; --  ; --   ;
; dummy_out[22] ; Output   ; --            ; --            ; --                    ; --  ; --   ;
; dummy_out[23] ; Output   ; --            ; --            ; --                    ; --  ; --   ;
; dummy_out[24] ; Output   ; --            ; --            ; --                    ; --  ; --   ;
; dummy_out[25] ; Output   ; --            ; --            ; --                    ; --  ; --   ;
; dummy_out[26] ; Output   ; --            ; --            ; --                    ; --  ; --   ;
; dummy_out[27] ; Output   ; --            ; --            ; --                    ; --  ; --   ;
; dummy_out[28] ; Output   ; --            ; --            ; --                    ; --  ; --   ;
; dummy_out[29] ; Output   ; --            ; --            ; --                    ; --  ; --   ;
; dummy_out[30] ; Output   ; --            ; --            ; --                    ; --  ; --   ;
; dummy_out[31] ; Output   ; --            ; --            ; --                    ; --  ; --   ;
; clk           ; Input    ; (0) 0 ps      ; --            ; --                    ; --  ; --   ;
; reset         ; Input    ; (0) 0 ps      ; --            ; --                    ; --  ; --   ;
+---------------+----------+---------------+---------------+-----------------------+-----+------+


+---------------------------------------------------+
; Pad To Core Delay Chain Fanout                    ;
+---------------------+-------------------+---------+
; Source Pin / Fanout ; Pad To Core Index ; Setting ;
+---------------------+-------------------+---------+
; clk                 ;                   ;         ;
; reset               ;                   ;         ;
+---------------------+-------------------+---------+


+----------------------------------------------------------------------------------------------------------------------------------------------------------------------------------------------------------------------+
; Control Signals                                                                                                                                                                                                      ;
+-----------------------------------------------------------------------------------------+--------------------+---------+--------------+--------+----------------------+------------------+---------------------------+
; Name                                                                                    ; Location           ; Fan-Out ; Usage        ; Global ; Global Resource Used ; Global Line Name ; Enable Signal Source Name ;
+-----------------------------------------------------------------------------------------+--------------------+---------+--------------+--------+----------------------+------------------+---------------------------+
; Data_Memory:Shared_RAM_Bank0|RAM~13634                                                  ; LCCOMB_X14_Y22_N12 ; 32      ; Clock enable ; no     ; --                   ; --               ; --                        ;
; Data_Memory:Shared_RAM_Bank0|RAM~13636                                                  ; LCCOMB_X11_Y19_N26 ; 32      ; Clock enable ; no     ; --                   ; --               ; --                        ;
; Data_Memory:Shared_RAM_Bank0|RAM~13638                                                  ; LCCOMB_X12_Y20_N20 ; 32      ; Clock enable ; no     ; --                   ; --               ; --                        ;
; Data_Memory:Shared_RAM_Bank0|RAM~13640                                                  ; LCCOMB_X9_Y19_N20  ; 32      ; Clock enable ; no     ; --                   ; --               ; --                        ;
; Data_Memory:Shared_RAM_Bank0|RAM~13642                                                  ; LCCOMB_X15_Y18_N8  ; 32      ; Clock enable ; no     ; --                   ; --               ; --                        ;
; Data_Memory:Shared_RAM_Bank0|RAM~13643                                                  ; LCCOMB_X10_Y18_N18 ; 32      ; Clock enable ; no     ; --                   ; --               ; --                        ;
; Data_Memory:Shared_RAM_Bank0|RAM~13644                                                  ; LCCOMB_X12_Y20_N22 ; 32      ; Clock enable ; no     ; --                   ; --               ; --                        ;
; Data_Memory:Shared_RAM_Bank0|RAM~13645                                                  ; LCCOMB_X9_Y19_N22  ; 32      ; Clock enable ; no     ; --                   ; --               ; --                        ;
; Data_Memory:Shared_RAM_Bank0|RAM~13647                                                  ; LCCOMB_X3_Y35_N20  ; 32      ; Clock enable ; no     ; --                   ; --               ; --                        ;
; Data_Memory:Shared_RAM_Bank0|RAM~13648                                                  ; LCCOMB_X10_Y18_N14 ; 32      ; Clock enable ; no     ; --                   ; --               ; --                        ;
; Data_Memory:Shared_RAM_Bank0|RAM~13649                                                  ; LCCOMB_X11_Y20_N0  ; 32      ; Clock enable ; no     ; --                   ; --               ; --                        ;
; Data_Memory:Shared_RAM_Bank0|RAM~13650                                                  ; LCCOMB_X9_Y19_N10  ; 32      ; Clock enable ; no     ; --                   ; --               ; --                        ;
; Data_Memory:Shared_RAM_Bank0|RAM~13652                                                  ; LCCOMB_X10_Y18_N4  ; 32      ; Clock enable ; no     ; --                   ; --               ; --                        ;
; Data_Memory:Shared_RAM_Bank0|RAM~13653                                                  ; LCCOMB_X11_Y19_N22 ; 32      ; Clock enable ; no     ; --                   ; --               ; --                        ;
; Data_Memory:Shared_RAM_Bank0|RAM~13654                                                  ; LCCOMB_X4_Y11_N0   ; 32      ; Clock enable ; no     ; --                   ; --               ; --                        ;
; Data_Memory:Shared_RAM_Bank0|RAM~13655                                                  ; LCCOMB_X3_Y11_N24  ; 32      ; Clock enable ; no     ; --                   ; --               ; --                        ;
; Data_Memory:Shared_RAM_Bank0|RAM~13657                                                  ; LCCOMB_X15_Y22_N24 ; 32      ; Clock enable ; no     ; --                   ; --               ; --                        ;
; Data_Memory:Shared_RAM_Bank0|RAM~13659                                                  ; LCCOMB_X21_Y2_N16  ; 32      ; Clock enable ; no     ; --                   ; --               ; --                        ;
; Data_Memory:Shared_RAM_Bank0|RAM~13661                                                  ; LCCOMB_X15_Y18_N22 ; 32      ; Clock enable ; no     ; --                   ; --               ; --                        ;
; Data_Memory:Shared_RAM_Bank0|RAM~13663                                                  ; LCCOMB_X15_Y18_N28 ; 32      ; Clock enable ; no     ; --                   ; --               ; --                        ;
; Data_Memory:Shared_RAM_Bank0|RAM~13664                                                  ; LCCOMB_X15_Y22_N2  ; 32      ; Clock enable ; no     ; --                   ; --               ; --                        ;
; Data_Memory:Shared_RAM_Bank0|RAM~13665                                                  ; LCCOMB_X15_Y22_N20 ; 32      ; Clock enable ; no     ; --                   ; --               ; --                        ;
; Data_Memory:Shared_RAM_Bank0|RAM~13666                                                  ; LCCOMB_X15_Y19_N24 ; 32      ; Clock enable ; no     ; --                   ; --               ; --                        ;
; Data_Memory:Shared_RAM_Bank0|RAM~13667                                                  ; LCCOMB_X14_Y19_N2  ; 32      ; Clock enable ; no     ; --                   ; --               ; --                        ;
; Data_Memory:Shared_RAM_Bank0|RAM~13668                                                  ; LCCOMB_X15_Y22_N30 ; 32      ; Clock enable ; no     ; --                   ; --               ; --                        ;
; Data_Memory:Shared_RAM_Bank0|RAM~13669                                                  ; LCCOMB_X15_Y22_N8  ; 32      ; Clock enable ; no     ; --                   ; --               ; --                        ;
; Data_Memory:Shared_RAM_Bank0|RAM~13670                                                  ; LCCOMB_X18_Y19_N20 ; 32      ; Clock enable ; no     ; --                   ; --               ; --                        ;
; Data_Memory:Shared_RAM_Bank0|RAM~13671                                                  ; LCCOMB_X15_Y22_N26 ; 32      ; Clock enable ; no     ; --                   ; --               ; --                        ;
; Data_Memory:Shared_RAM_Bank0|RAM~13672                                                  ; LCCOMB_X10_Y19_N0  ; 32      ; Clock enable ; no     ; --                   ; --               ; --                        ;
; Data_Memory:Shared_RAM_Bank0|RAM~13673                                                  ; LCCOMB_X10_Y15_N4  ; 32      ; Clock enable ; no     ; --                   ; --               ; --                        ;
; Data_Memory:Shared_RAM_Bank0|RAM~13674                                                  ; LCCOMB_X10_Y19_N28 ; 32      ; Clock enable ; no     ; --                   ; --               ; --                        ;
; Data_Memory:Shared_RAM_Bank0|RAM~13675                                                  ; LCCOMB_X14_Y19_N12 ; 32      ; Clock enable ; no     ; --                   ; --               ; --                        ;
; Data_Memory:Shared_RAM_Bank0|RAM~13677                                                  ; LCCOMB_X14_Y28_N18 ; 32      ; Clock enable ; no     ; --                   ; --               ; --                        ;
; Data_Memory:Shared_RAM_Bank0|RAM~13679                                                  ; LCCOMB_X18_Y18_N12 ; 32      ; Clock enable ; no     ; --                   ; --               ; --                        ;
; Data_Memory:Shared_RAM_Bank0|RAM~13681                                                  ; LCCOMB_X15_Y18_N18 ; 32      ; Clock enable ; no     ; --                   ; --               ; --                        ;
; Data_Memory:Shared_RAM_Bank0|RAM~13683                                                  ; LCCOMB_X15_Y18_N4  ; 32      ; Clock enable ; no     ; --                   ; --               ; --                        ;
; Data_Memory:Shared_RAM_Bank0|RAM~13684                                                  ; LCCOMB_X18_Y18_N2  ; 32      ; Clock enable ; no     ; --                   ; --               ; --                        ;
; Data_Memory:Shared_RAM_Bank0|RAM~13685                                                  ; LCCOMB_X14_Y28_N28 ; 32      ; Clock enable ; no     ; --                   ; --               ; --                        ;
; Data_Memory:Shared_RAM_Bank0|RAM~13686                                                  ; LCCOMB_X16_Y18_N20 ; 32      ; Clock enable ; no     ; --                   ; --               ; --                        ;
; Data_Memory:Shared_RAM_Bank0|RAM~13687                                                  ; LCCOMB_X16_Y20_N12 ; 32      ; Clock enable ; no     ; --                   ; --               ; --                        ;
; Data_Memory:Shared_RAM_Bank0|RAM~13688                                                  ; LCCOMB_X15_Y22_N22 ; 32      ; Clock enable ; no     ; --                   ; --               ; --                        ;
; Data_Memory:Shared_RAM_Bank0|RAM~13689                                                  ; LCCOMB_X18_Y18_N28 ; 32      ; Clock enable ; no     ; --                   ; --               ; --                        ;
; Data_Memory:Shared_RAM_Bank0|RAM~13690                                                  ; LCCOMB_X16_Y18_N0  ; 32      ; Clock enable ; no     ; --                   ; --               ; --                        ;
; Data_Memory:Shared_RAM_Bank0|RAM~13691                                                  ; LCCOMB_X15_Y14_N20 ; 32      ; Clock enable ; no     ; --                   ; --               ; --                        ;
; Data_Memory:Shared_RAM_Bank0|RAM~13692                                                  ; LCCOMB_X11_Y19_N2  ; 32      ; Clock enable ; no     ; --                   ; --               ; --                        ;
; Data_Memory:Shared_RAM_Bank0|RAM~13693                                                  ; LCCOMB_X10_Y19_N2  ; 32      ; Clock enable ; no     ; --                   ; --               ; --                        ;
; Data_Memory:Shared_RAM_Bank0|RAM~13694                                                  ; LCCOMB_X16_Y18_N10 ; 32      ; Clock enable ; no     ; --                   ; --               ; --                        ;
; Data_Memory:Shared_RAM_Bank0|RAM~13695                                                  ; LCCOMB_X15_Y18_N24 ; 32      ; Clock enable ; no     ; --                   ; --               ; --                        ;
; Data_Memory:Shared_RAM_Bank0|RAM~13697                                                  ; LCCOMB_X19_Y20_N16 ; 32      ; Clock enable ; no     ; --                   ; --               ; --                        ;
; Data_Memory:Shared_RAM_Bank0|RAM~13699                                                  ; LCCOMB_X14_Y26_N16 ; 32      ; Clock enable ; no     ; --                   ; --               ; --                        ;
; Data_Memory:Shared_RAM_Bank0|RAM~13701                                                  ; LCCOMB_X18_Y33_N28 ; 32      ; Clock enable ; no     ; --                   ; --               ; --                        ;
; Data_Memory:Shared_RAM_Bank0|RAM~13703                                                  ; LCCOMB_X16_Y23_N0  ; 32      ; Clock enable ; no     ; --                   ; --               ; --                        ;
; Data_Memory:Shared_RAM_Bank0|RAM~13704                                                  ; LCCOMB_X14_Y26_N28 ; 32      ; Clock enable ; no     ; --                   ; --               ; --                        ;
; Data_Memory:Shared_RAM_Bank0|RAM~13705                                                  ; LCCOMB_X22_Y2_N24  ; 32      ; Clock enable ; no     ; --                   ; --               ; --                        ;
; Data_Memory:Shared_RAM_Bank0|RAM~13706                                                  ; LCCOMB_X18_Y21_N2  ; 32      ; Clock enable ; no     ; --                   ; --               ; --                        ;
; Data_Memory:Shared_RAM_Bank0|RAM~13707                                                  ; LCCOMB_X14_Y4_N12  ; 32      ; Clock enable ; no     ; --                   ; --               ; --                        ;
; Data_Memory:Shared_RAM_Bank0|RAM~13708                                                  ; LCCOMB_X15_Y22_N0  ; 32      ; Clock enable ; no     ; --                   ; --               ; --                        ;
; Data_Memory:Shared_RAM_Bank0|RAM~13709                                                  ; LCCOMB_X19_Y13_N28 ; 32      ; Clock enable ; no     ; --                   ; --               ; --                        ;
; Data_Memory:Shared_RAM_Bank0|RAM~13710                                                  ; LCCOMB_X18_Y21_N10 ; 32      ; Clock enable ; no     ; --                   ; --               ; --                        ;
; Data_Memory:Shared_RAM_Bank0|RAM~13711                                                  ; LCCOMB_X16_Y23_N14 ; 32      ; Clock enable ; no     ; --                   ; --               ; --                        ;
; Data_Memory:Shared_RAM_Bank0|RAM~13712                                                  ; LCCOMB_X4_Y5_N4    ; 32      ; Clock enable ; no     ; --                   ; --               ; --                        ;
; Data_Memory:Shared_RAM_Bank0|RAM~13713                                                  ; LCCOMB_X10_Y19_N30 ; 32      ; Clock enable ; no     ; --                   ; --               ; --                        ;
; Data_Memory:Shared_RAM_Bank0|RAM~13714                                                  ; LCCOMB_X6_Y5_N20   ; 32      ; Clock enable ; no     ; --                   ; --               ; --                        ;
; Data_Memory:Shared_RAM_Bank0|RAM~13715                                                  ; LCCOMB_X10_Y19_N26 ; 32      ; Clock enable ; no     ; --                   ; --               ; --                        ;
; Data_Memory:Shared_RAM_Bank0|RAM~13717                                                  ; LCCOMB_X9_Y32_N2   ; 32      ; Clock enable ; no     ; --                   ; --               ; --                        ;
; Data_Memory:Shared_RAM_Bank0|RAM~13718                                                  ; LCCOMB_X15_Y19_N8  ; 32      ; Clock enable ; no     ; --                   ; --               ; --                        ;
; Data_Memory:Shared_RAM_Bank0|RAM~13719                                                  ; LCCOMB_X15_Y32_N18 ; 32      ; Clock enable ; no     ; --                   ; --               ; --                        ;
; Data_Memory:Shared_RAM_Bank0|RAM~13720                                                  ; LCCOMB_X20_Y32_N18 ; 32      ; Clock enable ; no     ; --                   ; --               ; --                        ;
; Data_Memory:Shared_RAM_Bank0|RAM~13721                                                  ; LCCOMB_X14_Y22_N22 ; 32      ; Clock enable ; no     ; --                   ; --               ; --                        ;
; Data_Memory:Shared_RAM_Bank0|RAM~13722                                                  ; LCCOMB_X6_Y3_N14   ; 32      ; Clock enable ; no     ; --                   ; --               ; --                        ;
; Data_Memory:Shared_RAM_Bank0|RAM~13723                                                  ; LCCOMB_X18_Y18_N24 ; 32      ; Clock enable ; no     ; --                   ; --               ; --                        ;
; Data_Memory:Shared_RAM_Bank0|RAM~13724                                                  ; LCCOMB_X23_Y3_N8   ; 32      ; Clock enable ; no     ; --                   ; --               ; --                        ;
; Data_Memory:Shared_RAM_Bank0|RAM~13725                                                  ; LCCOMB_X15_Y19_N10 ; 32      ; Clock enable ; no     ; --                   ; --               ; --                        ;
; Data_Memory:Shared_RAM_Bank0|RAM~13726                                                  ; LCCOMB_X12_Y20_N30 ; 32      ; Clock enable ; no     ; --                   ; --               ; --                        ;
; Data_Memory:Shared_RAM_Bank0|RAM~13727                                                  ; LCCOMB_X14_Y19_N10 ; 32      ; Clock enable ; no     ; --                   ; --               ; --                        ;
; Data_Memory:Shared_RAM_Bank0|RAM~13728                                                  ; LCCOMB_X15_Y7_N0   ; 32      ; Clock enable ; no     ; --                   ; --               ; --                        ;
; Data_Memory:Shared_RAM_Bank0|RAM~13729                                                  ; LCCOMB_X10_Y19_N18 ; 32      ; Clock enable ; no     ; --                   ; --               ; --                        ;
; Data_Memory:Shared_RAM_Bank0|RAM~13730                                                  ; LCCOMB_X14_Y19_N22 ; 32      ; Clock enable ; no     ; --                   ; --               ; --                        ;
; Data_Memory:Shared_RAM_Bank0|RAM~13731                                                  ; LCCOMB_X16_Y20_N10 ; 32      ; Clock enable ; no     ; --                   ; --               ; --                        ;
; Data_Memory:Shared_RAM_Bank0|RAM~13732                                                  ; LCCOMB_X16_Y23_N16 ; 32      ; Clock enable ; no     ; --                   ; --               ; --                        ;
; Data_Memory:Shared_RAM_Bank0|RAM~13734                                                  ; LCCOMB_X8_Y36_N0   ; 32      ; Clock enable ; no     ; --                   ; --               ; --                        ;
; Data_Memory:Shared_RAM_Bank0|RAM~13735                                                  ; LCCOMB_X17_Y25_N28 ; 32      ; Clock enable ; no     ; --                   ; --               ; --                        ;
; Data_Memory:Shared_RAM_Bank0|RAM~13736                                                  ; LCCOMB_X7_Y28_N6   ; 32      ; Clock enable ; no     ; --                   ; --               ; --                        ;
; Data_Memory:Shared_RAM_Bank0|RAM~13737                                                  ; LCCOMB_X5_Y39_N16  ; 32      ; Clock enable ; no     ; --                   ; --               ; --                        ;
; Data_Memory:Shared_RAM_Bank0|RAM~13738                                                  ; LCCOMB_X17_Y25_N26 ; 32      ; Clock enable ; no     ; --                   ; --               ; --                        ;
; Data_Memory:Shared_RAM_Bank0|RAM~13739                                                  ; LCCOMB_X17_Y25_N14 ; 32      ; Clock enable ; no     ; --                   ; --               ; --                        ;
; Data_Memory:Shared_RAM_Bank0|RAM~13740                                                  ; LCCOMB_X18_Y36_N2  ; 32      ; Clock enable ; no     ; --                   ; --               ; --                        ;
; Data_Memory:Shared_RAM_Bank0|RAM~13741                                                  ; LCCOMB_X17_Y25_N30 ; 32      ; Clock enable ; no     ; --                   ; --               ; --                        ;
; Data_Memory:Shared_RAM_Bank0|RAM~13742                                                  ; LCCOMB_X8_Y36_N8   ; 32      ; Clock enable ; no     ; --                   ; --               ; --                        ;
; Data_Memory:Shared_RAM_Bank0|RAM~13743                                                  ; LCCOMB_X18_Y18_N22 ; 32      ; Clock enable ; no     ; --                   ; --               ; --                        ;
; Data_Memory:Shared_RAM_Bank0|RAM~13744                                                  ; LCCOMB_X17_Y25_N24 ; 32      ; Clock enable ; no     ; --                   ; --               ; --                        ;
; Data_Memory:Shared_RAM_Bank0|RAM~13745                                                  ; LCCOMB_X16_Y20_N6  ; 32      ; Clock enable ; no     ; --                   ; --               ; --                        ;
; Data_Memory:Shared_RAM_Bank0|RAM~13746                                                  ; LCCOMB_X17_Y25_N18 ; 32      ; Clock enable ; no     ; --                   ; --               ; --                        ;
; Data_Memory:Shared_RAM_Bank0|RAM~13747                                                  ; LCCOMB_X17_Y25_N12 ; 32      ; Clock enable ; no     ; --                   ; --               ; --                        ;
; Data_Memory:Shared_RAM_Bank0|RAM~13748                                                  ; LCCOMB_X18_Y21_N12 ; 32      ; Clock enable ; no     ; --                   ; --               ; --                        ;
; Data_Memory:Shared_RAM_Bank0|RAM~13749                                                  ; LCCOMB_X16_Y23_N30 ; 32      ; Clock enable ; no     ; --                   ; --               ; --                        ;
; Data_Memory:Shared_RAM_Bank0|RAM~13751                                                  ; LCCOMB_X15_Y25_N4  ; 32      ; Clock enable ; no     ; --                   ; --               ; --                        ;
; Data_Memory:Shared_RAM_Bank0|RAM~13752                                                  ; LCCOMB_X19_Y29_N8  ; 32      ; Clock enable ; no     ; --                   ; --               ; --                        ;
; Data_Memory:Shared_RAM_Bank0|RAM~13753                                                  ; LCCOMB_X5_Y27_N12  ; 32      ; Clock enable ; no     ; --                   ; --               ; --                        ;
; Data_Memory:Shared_RAM_Bank0|RAM~13754                                                  ; LCCOMB_X14_Y10_N8  ; 32      ; Clock enable ; no     ; --                   ; --               ; --                        ;
; Data_Memory:Shared_RAM_Bank0|RAM~13755                                                  ; LCCOMB_X10_Y23_N28 ; 32      ; Clock enable ; no     ; --                   ; --               ; --                        ;
; Data_Memory:Shared_RAM_Bank0|RAM~13756                                                  ; LCCOMB_X10_Y30_N16 ; 32      ; Clock enable ; no     ; --                   ; --               ; --                        ;
; Data_Memory:Shared_RAM_Bank0|RAM~13757                                                  ; LCCOMB_X11_Y23_N0  ; 32      ; Clock enable ; no     ; --                   ; --               ; --                        ;
; Data_Memory:Shared_RAM_Bank0|RAM~13758                                                  ; LCCOMB_X9_Y19_N28  ; 32      ; Clock enable ; no     ; --                   ; --               ; --                        ;
; Data_Memory:Shared_RAM_Bank0|RAM~13759                                                  ; LCCOMB_X14_Y28_N4  ; 32      ; Clock enable ; no     ; --                   ; --               ; --                        ;
; Data_Memory:Shared_RAM_Bank0|RAM~13760                                                  ; LCCOMB_X11_Y23_N6  ; 32      ; Clock enable ; no     ; --                   ; --               ; --                        ;
; Data_Memory:Shared_RAM_Bank0|RAM~13761                                                  ; LCCOMB_X11_Y23_N22 ; 32      ; Clock enable ; no     ; --                   ; --               ; --                        ;
; Data_Memory:Shared_RAM_Bank0|RAM~13762                                                  ; LCCOMB_X12_Y20_N16 ; 32      ; Clock enable ; no     ; --                   ; --               ; --                        ;
; Data_Memory:Shared_RAM_Bank0|RAM~13763                                                  ; LCCOMB_X15_Y27_N28 ; 32      ; Clock enable ; no     ; --                   ; --               ; --                        ;
; Data_Memory:Shared_RAM_Bank0|RAM~13764                                                  ; LCCOMB_X10_Y31_N0  ; 32      ; Clock enable ; no     ; --                   ; --               ; --                        ;
; Data_Memory:Shared_RAM_Bank0|RAM~13765                                                  ; LCCOMB_X11_Y23_N12 ; 32      ; Clock enable ; no     ; --                   ; --               ; --                        ;
; Data_Memory:Shared_RAM_Bank0|RAM~13766                                                  ; LCCOMB_X16_Y23_N18 ; 32      ; Clock enable ; no     ; --                   ; --               ; --                        ;
; Data_Memory:Shared_RAM_Bank0|RAM~13768                                                  ; LCCOMB_X1_Y8_N28   ; 32      ; Clock enable ; no     ; --                   ; --               ; --                        ;
; Data_Memory:Shared_RAM_Bank0|RAM~13769                                                  ; LCCOMB_X2_Y31_N24  ; 32      ; Clock enable ; no     ; --                   ; --               ; --                        ;
; Data_Memory:Shared_RAM_Bank0|RAM~13770                                                  ; LCCOMB_X11_Y25_N14 ; 32      ; Clock enable ; no     ; --                   ; --               ; --                        ;
; Data_Memory:Shared_RAM_Bank0|RAM~13771                                                  ; LCCOMB_X11_Y25_N0  ; 32      ; Clock enable ; no     ; --                   ; --               ; --                        ;
; Data_Memory:Shared_RAM_Bank0|RAM~13772                                                  ; LCCOMB_X5_Y33_N30  ; 32      ; Clock enable ; no     ; --                   ; --               ; --                        ;
; Data_Memory:Shared_RAM_Bank0|RAM~13773                                                  ; LCCOMB_X11_Y25_N10 ; 32      ; Clock enable ; no     ; --                   ; --               ; --                        ;
; Data_Memory:Shared_RAM_Bank0|RAM~13774                                                  ; LCCOMB_X11_Y23_N4  ; 32      ; Clock enable ; no     ; --                   ; --               ; --                        ;
; Data_Memory:Shared_RAM_Bank0|RAM~13775                                                  ; LCCOMB_X9_Y19_N0   ; 32      ; Clock enable ; no     ; --                   ; --               ; --                        ;
; Data_Memory:Shared_RAM_Bank0|RAM~13776                                                  ; LCCOMB_X18_Y18_N20 ; 32      ; Clock enable ; no     ; --                   ; --               ; --                        ;
; Data_Memory:Shared_RAM_Bank0|RAM~13777                                                  ; LCCOMB_X11_Y25_N20 ; 32      ; Clock enable ; no     ; --                   ; --               ; --                        ;
; Data_Memory:Shared_RAM_Bank0|RAM~13778                                                  ; LCCOMB_X12_Y22_N22 ; 32      ; Clock enable ; no     ; --                   ; --               ; --                        ;
; Data_Memory:Shared_RAM_Bank0|RAM~13779                                                  ; LCCOMB_X11_Y20_N22 ; 32      ; Clock enable ; no     ; --                   ; --               ; --                        ;
; Data_Memory:Shared_RAM_Bank0|RAM~13780                                                  ; LCCOMB_X11_Y29_N0  ; 32      ; Clock enable ; no     ; --                   ; --               ; --                        ;
; Data_Memory:Shared_RAM_Bank0|RAM~13781                                                  ; LCCOMB_X4_Y29_N20  ; 32      ; Clock enable ; no     ; --                   ; --               ; --                        ;
; Data_Memory:Shared_RAM_Bank0|RAM~13782                                                  ; LCCOMB_X11_Y25_N30 ; 32      ; Clock enable ; no     ; --                   ; --               ; --                        ;
; Data_Memory:Shared_RAM_Bank0|RAM~13783                                                  ; LCCOMB_X16_Y23_N20 ; 32      ; Clock enable ; no     ; --                   ; --               ; --                        ;
; Data_Memory:Shared_RAM_Bank0|RAM~13785                                                  ; LCCOMB_X20_Y19_N12 ; 32      ; Clock enable ; no     ; --                   ; --               ; --                        ;
; Data_Memory:Shared_RAM_Bank0|RAM~13786                                                  ; LCCOMB_X20_Y19_N8  ; 32      ; Clock enable ; no     ; --                   ; --               ; --                        ;
; Data_Memory:Shared_RAM_Bank0|RAM~13787                                                  ; LCCOMB_X20_Y19_N2  ; 32      ; Clock enable ; no     ; --                   ; --               ; --                        ;
; Data_Memory:Shared_RAM_Bank0|RAM~13788                                                  ; LCCOMB_X20_Y19_N0  ; 32      ; Clock enable ; no     ; --                   ; --               ; --                        ;
; Data_Memory:Shared_RAM_Bank0|RAM~13789                                                  ; LCCOMB_X20_Y19_N28 ; 32      ; Clock enable ; no     ; --                   ; --               ; --                        ;
; Data_Memory:Shared_RAM_Bank0|RAM~13790                                                  ; LCCOMB_X20_Y19_N26 ; 32      ; Clock enable ; no     ; --                   ; --               ; --                        ;
; Data_Memory:Shared_RAM_Bank0|RAM~13791                                                  ; LCCOMB_X20_Y19_N22 ; 32      ; Clock enable ; no     ; --                   ; --               ; --                        ;
; Data_Memory:Shared_RAM_Bank0|RAM~13792                                                  ; LCCOMB_X20_Y19_N14 ; 32      ; Clock enable ; no     ; --                   ; --               ; --                        ;
; Data_Memory:Shared_RAM_Bank0|RAM~13793                                                  ; LCCOMB_X16_Y39_N8  ; 32      ; Clock enable ; no     ; --                   ; --               ; --                        ;
; Data_Memory:Shared_RAM_Bank0|RAM~13794                                                  ; LCCOMB_X23_Y40_N12 ; 32      ; Clock enable ; no     ; --                   ; --               ; --                        ;
; Data_Memory:Shared_RAM_Bank0|RAM~13795                                                  ; LCCOMB_X25_Y38_N6  ; 32      ; Clock enable ; no     ; --                   ; --               ; --                        ;
; Data_Memory:Shared_RAM_Bank0|RAM~13796                                                  ; LCCOMB_X16_Y20_N20 ; 32      ; Clock enable ; no     ; --                   ; --               ; --                        ;
; Data_Memory:Shared_RAM_Bank0|RAM~13797                                                  ; LCCOMB_X20_Y41_N22 ; 32      ; Clock enable ; no     ; --                   ; --               ; --                        ;
; Data_Memory:Shared_RAM_Bank0|RAM~13798                                                  ; LCCOMB_X19_Y41_N6  ; 32      ; Clock enable ; no     ; --                   ; --               ; --                        ;
; Data_Memory:Shared_RAM_Bank0|RAM~13799                                                  ; LCCOMB_X26_Y41_N8  ; 32      ; Clock enable ; no     ; --                   ; --               ; --                        ;
; Data_Memory:Shared_RAM_Bank0|RAM~13800                                                  ; LCCOMB_X14_Y41_N6  ; 32      ; Clock enable ; no     ; --                   ; --               ; --                        ;
; Data_Memory:Shared_RAM_Bank0|RAM~13802                                                  ; LCCOMB_X18_Y21_N28 ; 32      ; Clock enable ; no     ; --                   ; --               ; --                        ;
; Data_Memory:Shared_RAM_Bank0|RAM~13803                                                  ; LCCOMB_X18_Y21_N4  ; 32      ; Clock enable ; no     ; --                   ; --               ; --                        ;
; Data_Memory:Shared_RAM_Bank0|RAM~13804                                                  ; LCCOMB_X15_Y19_N2  ; 32      ; Clock enable ; no     ; --                   ; --               ; --                        ;
; Data_Memory:Shared_RAM_Bank0|RAM~13805                                                  ; LCCOMB_X14_Y19_N30 ; 32      ; Clock enable ; no     ; --                   ; --               ; --                        ;
; Data_Memory:Shared_RAM_Bank0|RAM~13806                                                  ; LCCOMB_X18_Y12_N24 ; 32      ; Clock enable ; no     ; --                   ; --               ; --                        ;
; Data_Memory:Shared_RAM_Bank0|RAM~13807                                                  ; LCCOMB_X19_Y1_N20  ; 32      ; Clock enable ; no     ; --                   ; --               ; --                        ;
; Data_Memory:Shared_RAM_Bank0|RAM~13808                                                  ; LCCOMB_X9_Y6_N8    ; 32      ; Clock enable ; no     ; --                   ; --               ; --                        ;
; Data_Memory:Shared_RAM_Bank0|RAM~13809                                                  ; LCCOMB_X9_Y19_N4   ; 32      ; Clock enable ; no     ; --                   ; --               ; --                        ;
; Data_Memory:Shared_RAM_Bank0|RAM~13810                                                  ; LCCOMB_X18_Y15_N20 ; 32      ; Clock enable ; no     ; --                   ; --               ; --                        ;
; Data_Memory:Shared_RAM_Bank0|RAM~13811                                                  ; LCCOMB_X18_Y10_N26 ; 32      ; Clock enable ; no     ; --                   ; --               ; --                        ;
; Data_Memory:Shared_RAM_Bank0|RAM~13812                                                  ; LCCOMB_X17_Y18_N8  ; 32      ; Clock enable ; no     ; --                   ; --               ; --                        ;
; Data_Memory:Shared_RAM_Bank0|RAM~13813                                                  ; LCCOMB_X16_Y20_N22 ; 32      ; Clock enable ; no     ; --                   ; --               ; --                        ;
; Data_Memory:Shared_RAM_Bank0|RAM~13814                                                  ; LCCOMB_X23_Y4_N12  ; 32      ; Clock enable ; no     ; --                   ; --               ; --                        ;
; Data_Memory:Shared_RAM_Bank0|RAM~13815                                                  ; LCCOMB_X20_Y5_N26  ; 32      ; Clock enable ; no     ; --                   ; --               ; --                        ;
; Data_Memory:Shared_RAM_Bank0|RAM~13816                                                  ; LCCOMB_X18_Y21_N6  ; 32      ; Clock enable ; no     ; --                   ; --               ; --                        ;
; Data_Memory:Shared_RAM_Bank0|RAM~13817                                                  ; LCCOMB_X20_Y5_N8   ; 32      ; Clock enable ; no     ; --                   ; --               ; --                        ;
; Data_Memory:Shared_RAM_Bank0|RAM~13819                                                  ; LCCOMB_X18_Y22_N4  ; 32      ; Clock enable ; no     ; --                   ; --               ; --                        ;
; Data_Memory:Shared_RAM_Bank0|RAM~13820                                                  ; LCCOMB_X18_Y22_N30 ; 32      ; Clock enable ; no     ; --                   ; --               ; --                        ;
; Data_Memory:Shared_RAM_Bank0|RAM~13821                                                  ; LCCOMB_X16_Y22_N14 ; 32      ; Clock enable ; no     ; --                   ; --               ; --                        ;
; Data_Memory:Shared_RAM_Bank0|RAM~13822                                                  ; LCCOMB_X17_Y23_N20 ; 32      ; Clock enable ; no     ; --                   ; --               ; --                        ;
; Data_Memory:Shared_RAM_Bank0|RAM~13823                                                  ; LCCOMB_X14_Y22_N6  ; 32      ; Clock enable ; no     ; --                   ; --               ; --                        ;
; Data_Memory:Shared_RAM_Bank0|RAM~13824                                                  ; LCCOMB_X10_Y19_N22 ; 32      ; Clock enable ; no     ; --                   ; --               ; --                        ;
; Data_Memory:Shared_RAM_Bank0|RAM~13825                                                  ; LCCOMB_X12_Y20_N18 ; 32      ; Clock enable ; no     ; --                   ; --               ; --                        ;
; Data_Memory:Shared_RAM_Bank0|RAM~13826                                                  ; LCCOMB_X9_Y19_N6   ; 32      ; Clock enable ; no     ; --                   ; --               ; --                        ;
; Data_Memory:Shared_RAM_Bank0|RAM~13827                                                  ; LCCOMB_X9_Y35_N4   ; 32      ; Clock enable ; no     ; --                   ; --               ; --                        ;
; Data_Memory:Shared_RAM_Bank0|RAM~13828                                                  ; LCCOMB_X18_Y14_N8  ; 32      ; Clock enable ; no     ; --                   ; --               ; --                        ;
; Data_Memory:Shared_RAM_Bank0|RAM~13829                                                  ; LCCOMB_X18_Y22_N14 ; 32      ; Clock enable ; no     ; --                   ; --               ; --                        ;
; Data_Memory:Shared_RAM_Bank0|RAM~13830                                                  ; LCCOMB_X18_Y22_N16 ; 32      ; Clock enable ; no     ; --                   ; --               ; --                        ;
; Data_Memory:Shared_RAM_Bank0|RAM~13831                                                  ; LCCOMB_X19_Y20_N24 ; 32      ; Clock enable ; no     ; --                   ; --               ; --                        ;
; Data_Memory:Shared_RAM_Bank0|RAM~13832                                                  ; LCCOMB_X14_Y26_N14 ; 32      ; Clock enable ; no     ; --                   ; --               ; --                        ;
; Data_Memory:Shared_RAM_Bank0|RAM~13833                                                  ; LCCOMB_X22_Y18_N8  ; 32      ; Clock enable ; no     ; --                   ; --               ; --                        ;
; Data_Memory:Shared_RAM_Bank0|RAM~13834                                                  ; LCCOMB_X22_Y22_N6  ; 32      ; Clock enable ; no     ; --                   ; --               ; --                        ;
; Data_Memory:Shared_RAM_Bank0|RAM~13836                                                  ; LCCOMB_X10_Y18_N30 ; 32      ; Clock enable ; no     ; --                   ; --               ; --                        ;
; Data_Memory:Shared_RAM_Bank0|RAM~13837                                                  ; LCCOMB_X15_Y19_N4  ; 32      ; Clock enable ; no     ; --                   ; --               ; --                        ;
; Data_Memory:Shared_RAM_Bank0|RAM~13838                                                  ; LCCOMB_X16_Y16_N12 ; 32      ; Clock enable ; no     ; --                   ; --               ; --                        ;
; Data_Memory:Shared_RAM_Bank0|RAM~13839                                                  ; LCCOMB_X6_Y16_N0   ; 32      ; Clock enable ; no     ; --                   ; --               ; --                        ;
; Data_Memory:Shared_RAM_Bank0|RAM~13840                                                  ; LCCOMB_X1_Y15_N12  ; 32      ; Clock enable ; no     ; --                   ; --               ; --                        ;
; Data_Memory:Shared_RAM_Bank0|RAM~13841                                                  ; LCCOMB_X2_Y13_N4   ; 32      ; Clock enable ; no     ; --                   ; --               ; --                        ;
; Data_Memory:Shared_RAM_Bank0|RAM~13842                                                  ; LCCOMB_X16_Y16_N14 ; 32      ; Clock enable ; no     ; --                   ; --               ; --                        ;
; Data_Memory:Shared_RAM_Bank0|RAM~13843                                                  ; LCCOMB_X15_Y19_N26 ; 32      ; Clock enable ; no     ; --                   ; --               ; --                        ;
; Data_Memory:Shared_RAM_Bank0|RAM~13844                                                  ; LCCOMB_X8_Y32_N2   ; 32      ; Clock enable ; no     ; --                   ; --               ; --                        ;
; Data_Memory:Shared_RAM_Bank0|RAM~13845                                                  ; LCCOMB_X18_Y17_N18 ; 32      ; Clock enable ; no     ; --                   ; --               ; --                        ;
; Data_Memory:Shared_RAM_Bank0|RAM~13846                                                  ; LCCOMB_X16_Y16_N4  ; 32      ; Clock enable ; no     ; --                   ; --               ; --                        ;
; Data_Memory:Shared_RAM_Bank0|RAM~13847                                                  ; LCCOMB_X16_Y20_N30 ; 32      ; Clock enable ; no     ; --                   ; --               ; --                        ;
; Data_Memory:Shared_RAM_Bank0|RAM~13848                                                  ; LCCOMB_X16_Y15_N18 ; 32      ; Clock enable ; no     ; --                   ; --               ; --                        ;
; Data_Memory:Shared_RAM_Bank0|RAM~13849                                                  ; LCCOMB_X1_Y12_N6   ; 32      ; Clock enable ; no     ; --                   ; --               ; --                        ;
; Data_Memory:Shared_RAM_Bank0|RAM~13850                                                  ; LCCOMB_X14_Y18_N22 ; 32      ; Clock enable ; no     ; --                   ; --               ; --                        ;
; Data_Memory:Shared_RAM_Bank0|RAM~13851                                                  ; LCCOMB_X16_Y23_N10 ; 32      ; Clock enable ; no     ; --                   ; --               ; --                        ;
; Data_Memory:Shared_RAM_Bank0|RAM~13853                                                  ; LCCOMB_X14_Y21_N6  ; 32      ; Clock enable ; no     ; --                   ; --               ; --                        ;
; Data_Memory:Shared_RAM_Bank0|RAM~13855                                                  ; LCCOMB_X17_Y38_N4  ; 32      ; Clock enable ; no     ; --                   ; --               ; --                        ;
; Data_Memory:Shared_RAM_Bank0|RAM~13857                                                  ; LCCOMB_X18_Y19_N14 ; 32      ; Clock enable ; no     ; --                   ; --               ; --                        ;
; Data_Memory:Shared_RAM_Bank0|RAM~13859                                                  ; LCCOMB_X10_Y19_N12 ; 32      ; Clock enable ; no     ; --                   ; --               ; --                        ;
; Data_Memory:Shared_RAM_Bank0|RAM~13860                                                  ; LCCOMB_X15_Y22_N16 ; 32      ; Clock enable ; no     ; --                   ; --               ; --                        ;
; Data_Memory:Shared_RAM_Bank0|RAM~13861                                                  ; LCCOMB_X14_Y21_N4  ; 32      ; Clock enable ; no     ; --                   ; --               ; --                        ;
; Data_Memory:Shared_RAM_Bank0|RAM~13862                                                  ; LCCOMB_X15_Y22_N10 ; 32      ; Clock enable ; no     ; --                   ; --               ; --                        ;
; Data_Memory:Shared_RAM_Bank0|RAM~13863                                                  ; LCCOMB_X9_Y36_N22  ; 32      ; Clock enable ; no     ; --                   ; --               ; --                        ;
; Data_Memory:Shared_RAM_Bank0|RAM~13864                                                  ; LCCOMB_X15_Y19_N12 ; 32      ; Clock enable ; no     ; --                   ; --               ; --                        ;
; Data_Memory:Shared_RAM_Bank0|RAM~13865                                                  ; LCCOMB_X16_Y22_N6  ; 32      ; Clock enable ; no     ; --                   ; --               ; --                        ;
; Data_Memory:Shared_RAM_Bank0|RAM~13866                                                  ; LCCOMB_X15_Y19_N6  ; 32      ; Clock enable ; no     ; --                   ; --               ; --                        ;
; Data_Memory:Shared_RAM_Bank0|RAM~13867                                                  ; LCCOMB_X10_Y19_N10 ; 32      ; Clock enable ; no     ; --                   ; --               ; --                        ;
; Data_Memory:Shared_RAM_Bank0|RAM~13868                                                  ; LCCOMB_X14_Y19_N14 ; 32      ; Clock enable ; no     ; --                   ; --               ; --                        ;
; Data_Memory:Shared_RAM_Bank0|RAM~13869                                                  ; LCCOMB_X14_Y19_N8  ; 32      ; Clock enable ; no     ; --                   ; --               ; --                        ;
; Data_Memory:Shared_RAM_Bank0|RAM~13870                                                  ; LCCOMB_X15_Y19_N20 ; 32      ; Clock enable ; no     ; --                   ; --               ; --                        ;
; Data_Memory:Shared_RAM_Bank0|RAM~13871                                                  ; LCCOMB_X14_Y19_N28 ; 32      ; Clock enable ; no     ; --                   ; --               ; --                        ;
; Data_Memory:Shared_RAM_Bank0|RAM~13872                                                  ; LCCOMB_X11_Y19_N24 ; 32      ; Clock enable ; no     ; --                   ; --               ; --                        ;
; Data_Memory:Shared_RAM_Bank0|RAM~13873                                                  ; LCCOMB_X3_Y37_N24  ; 32      ; Clock enable ; no     ; --                   ; --               ; --                        ;
; Data_Memory:Shared_RAM_Bank0|RAM~13874                                                  ; LCCOMB_X11_Y23_N8  ; 32      ; Clock enable ; no     ; --                   ; --               ; --                        ;
; Data_Memory:Shared_RAM_Bank0|RAM~13875                                                  ; LCCOMB_X10_Y19_N20 ; 32      ; Clock enable ; no     ; --                   ; --               ; --                        ;
; Data_Memory:Shared_RAM_Bank0|RAM~13876                                                  ; LCCOMB_X9_Y31_N20  ; 32      ; Clock enable ; no     ; --                   ; --               ; --                        ;
; Data_Memory:Shared_RAM_Bank0|RAM~13877                                                  ; LCCOMB_X14_Y34_N0  ; 32      ; Clock enable ; no     ; --                   ; --               ; --                        ;
; Data_Memory:Shared_RAM_Bank0|RAM~13878                                                  ; LCCOMB_X9_Y19_N8   ; 32      ; Clock enable ; no     ; --                   ; --               ; --                        ;
; Data_Memory:Shared_RAM_Bank0|RAM~13879                                                  ; LCCOMB_X7_Y12_N0   ; 32      ; Clock enable ; no     ; --                   ; --               ; --                        ;
; Data_Memory:Shared_RAM_Bank0|RAM~13880                                                  ; LCCOMB_X9_Y11_N24  ; 32      ; Clock enable ; no     ; --                   ; --               ; --                        ;
; Data_Memory:Shared_RAM_Bank0|RAM~13881                                                  ; LCCOMB_X9_Y40_N20  ; 32      ; Clock enable ; no     ; --                   ; --               ; --                        ;
; Data_Memory:Shared_RAM_Bank0|RAM~13882                                                  ; LCCOMB_X15_Y19_N18 ; 32      ; Clock enable ; no     ; --                   ; --               ; --                        ;
; Data_Memory:Shared_RAM_Bank0|RAM~13883                                                  ; LCCOMB_X10_Y19_N8  ; 32      ; Clock enable ; no     ; --                   ; --               ; --                        ;
; Data_Memory:Shared_RAM_Bank0|RAM~13884                                                  ; LCCOMB_X5_Y39_N12  ; 32      ; Clock enable ; no     ; --                   ; --               ; --                        ;
; Data_Memory:Shared_RAM_Bank0|RAM~13885                                                  ; LCCOMB_X10_Y19_N24 ; 32      ; Clock enable ; no     ; --                   ; --               ; --                        ;
; Data_Memory:Shared_RAM_Bank0|RAM~13886                                                  ; LCCOMB_X9_Y19_N2   ; 32      ; Clock enable ; no     ; --                   ; --               ; --                        ;
; Data_Memory:Shared_RAM_Bank0|RAM~13887                                                  ; LCCOMB_X9_Y19_N14  ; 32      ; Clock enable ; no     ; --                   ; --               ; --                        ;
; Data_Memory:Shared_RAM_Bank0|RAM~13888                                                  ; LCCOMB_X18_Y10_N0  ; 32      ; Clock enable ; no     ; --                   ; --               ; --                        ;
; Data_Memory:Shared_RAM_Bank0|RAM~13889                                                  ; LCCOMB_X18_Y34_N6  ; 32      ; Clock enable ; no     ; --                   ; --               ; --                        ;
; Data_Memory:Shared_RAM_Bank0|RAM~13890                                                  ; LCCOMB_X17_Y11_N10 ; 32      ; Clock enable ; no     ; --                   ; --               ; --                        ;
; Data_Memory:Shared_RAM_Bank0|RAM~13891                                                  ; LCCOMB_X7_Y11_N24  ; 32      ; Clock enable ; no     ; --                   ; --               ; --                        ;
; Data_Memory:Shared_RAM_Bank0|RAM~13892                                                  ; LCCOMB_X17_Y38_N8  ; 32      ; Clock enable ; no     ; --                   ; --               ; --                        ;
; Data_Memory:Shared_RAM_Bank0|RAM~13893                                                  ; LCCOMB_X10_Y40_N0  ; 32      ; Clock enable ; no     ; --                   ; --               ; --                        ;
; Data_Memory:Shared_RAM_Bank0|RAM~13894                                                  ; LCCOMB_X15_Y19_N22 ; 32      ; Clock enable ; no     ; --                   ; --               ; --                        ;
; Data_Memory:Shared_RAM_Bank0|RAM~13895                                                  ; LCCOMB_X9_Y38_N10  ; 32      ; Clock enable ; no     ; --                   ; --               ; --                        ;
; Data_Memory:Shared_RAM_Bank0|RAM~13896                                                  ; LCCOMB_X12_Y10_N18 ; 32      ; Clock enable ; no     ; --                   ; --               ; --                        ;
; Data_Memory:Shared_RAM_Bank0|RAM~13897                                                  ; LCCOMB_X17_Y38_N30 ; 32      ; Clock enable ; no     ; --                   ; --               ; --                        ;
; Data_Memory:Shared_RAM_Bank0|RAM~13898                                                  ; LCCOMB_X16_Y18_N14 ; 32      ; Clock enable ; no     ; --                   ; --               ; --                        ;
; Data_Memory:Shared_RAM_Bank0|RAM~13899                                                  ; LCCOMB_X14_Y15_N28 ; 32      ; Clock enable ; no     ; --                   ; --               ; --                        ;
; Data_Memory:Shared_RAM_Bank0|RAM~13900                                                  ; LCCOMB_X16_Y37_N16 ; 32      ; Clock enable ; no     ; --                   ; --               ; --                        ;
; Data_Memory:Shared_RAM_Bank0|RAM~13901                                                  ; LCCOMB_X12_Y8_N30  ; 32      ; Clock enable ; no     ; --                   ; --               ; --                        ;
; Data_Memory:Shared_RAM_Bank0|RAM~13902                                                  ; LCCOMB_X11_Y17_N4  ; 32      ; Clock enable ; no     ; --                   ; --               ; --                        ;
; Data_Memory:Shared_RAM_Bank0|RAM~13903                                                  ; LCCOMB_X10_Y14_N4  ; 32      ; Clock enable ; no     ; --                   ; --               ; --                        ;
; Data_Memory:Shared_RAM_Bank0|RAM~13904                                                  ; LCCOMB_X18_Y41_N28 ; 32      ; Clock enable ; no     ; --                   ; --               ; --                        ;
; Data_Memory:Shared_RAM_Bank0|RAM~13905                                                  ; LCCOMB_X11_Y39_N10 ; 32      ; Clock enable ; no     ; --                   ; --               ; --                        ;
; Data_Memory:Shared_RAM_Bank0|RAM~13906                                                  ; LCCOMB_X17_Y35_N4  ; 32      ; Clock enable ; no     ; --                   ; --               ; --                        ;
; Data_Memory:Shared_RAM_Bank0|RAM~13907                                                  ; LCCOMB_X10_Y38_N16 ; 32      ; Clock enable ; no     ; --                   ; --               ; --                        ;
; Data_Memory:Shared_RAM_Bank0|RAM~13908                                                  ; LCCOMB_X22_Y3_N0   ; 32      ; Clock enable ; no     ; --                   ; --               ; --                        ;
; Data_Memory:Shared_RAM_Bank0|RAM~13909                                                  ; LCCOMB_X19_Y38_N4  ; 32      ; Clock enable ; no     ; --                   ; --               ; --                        ;
; Data_Memory:Shared_RAM_Bank0|RAM~13910                                                  ; LCCOMB_X16_Y14_N20 ; 32      ; Clock enable ; no     ; --                   ; --               ; --                        ;
; Data_Memory:Shared_RAM_Bank0|RAM~13911                                                  ; LCCOMB_X11_Y12_N0  ; 32      ; Clock enable ; no     ; --                   ; --               ; --                        ;
; Data_Memory:Shared_RAM_Bank0|RAM~13912                                                  ; LCCOMB_X17_Y5_N0   ; 32      ; Clock enable ; no     ; --                   ; --               ; --                        ;
; Data_Memory:Shared_RAM_Bank0|RAM~13913                                                  ; LCCOMB_X20_Y40_N4  ; 32      ; Clock enable ; no     ; --                   ; --               ; --                        ;
; Data_Memory:Shared_RAM_Bank0|RAM~13914                                                  ; LCCOMB_X17_Y23_N26 ; 32      ; Clock enable ; no     ; --                   ; --               ; --                        ;
; Data_Memory:Shared_RAM_Bank0|RAM~13915                                                  ; LCCOMB_X14_Y18_N12 ; 32      ; Clock enable ; no     ; --                   ; --               ; --                        ;
; Data_Memory:Shared_RAM_Bank0|RAM~13916                                                  ; LCCOMB_X12_Y41_N26 ; 32      ; Clock enable ; no     ; --                   ; --               ; --                        ;
; Data_Memory:Shared_RAM_Bank0|RAM~13917                                                  ; LCCOMB_X17_Y7_N20  ; 32      ; Clock enable ; no     ; --                   ; --               ; --                        ;
; Data_Memory:Shared_RAM_Bank0|RAM~13918                                                  ; LCCOMB_X18_Y19_N2  ; 32      ; Clock enable ; no     ; --                   ; --               ; --                        ;
; Data_Memory:Shared_RAM_Bank0|RAM~13919                                                  ; LCCOMB_X15_Y12_N24 ; 32      ; Clock enable ; no     ; --                   ; --               ; --                        ;
; Data_Memory:Shared_RAM_Bank1|RAM~13634                                                  ; LCCOMB_X51_Y35_N16 ; 32      ; Clock enable ; no     ; --                   ; --               ; --                        ;
; Data_Memory:Shared_RAM_Bank1|RAM~13636                                                  ; LCCOMB_X63_Y25_N20 ; 32      ; Clock enable ; no     ; --                   ; --               ; --                        ;
; Data_Memory:Shared_RAM_Bank1|RAM~13638                                                  ; LCCOMB_X44_Y36_N18 ; 32      ; Clock enable ; no     ; --                   ; --               ; --                        ;
; Data_Memory:Shared_RAM_Bank1|RAM~13640                                                  ; LCCOMB_X50_Y22_N14 ; 32      ; Clock enable ; no     ; --                   ; --               ; --                        ;
; Data_Memory:Shared_RAM_Bank1|RAM~13642                                                  ; LCCOMB_X63_Y25_N22 ; 32      ; Clock enable ; no     ; --                   ; --               ; --                        ;
; Data_Memory:Shared_RAM_Bank1|RAM~13643                                                  ; LCCOMB_X49_Y19_N4  ; 32      ; Clock enable ; no     ; --                   ; --               ; --                        ;
; Data_Memory:Shared_RAM_Bank1|RAM~13644                                                  ; LCCOMB_X50_Y4_N8   ; 32      ; Clock enable ; no     ; --                   ; --               ; --                        ;
; Data_Memory:Shared_RAM_Bank1|RAM~13645                                                  ; LCCOMB_X50_Y22_N22 ; 32      ; Clock enable ; no     ; --                   ; --               ; --                        ;
; Data_Memory:Shared_RAM_Bank1|RAM~13647                                                  ; LCCOMB_X63_Y25_N16 ; 32      ; Clock enable ; no     ; --                   ; --               ; --                        ;
; Data_Memory:Shared_RAM_Bank1|RAM~13648                                                  ; LCCOMB_X51_Y12_N16 ; 32      ; Clock enable ; no     ; --                   ; --               ; --                        ;
; Data_Memory:Shared_RAM_Bank1|RAM~13649                                                  ; LCCOMB_X43_Y20_N14 ; 32      ; Clock enable ; no     ; --                   ; --               ; --                        ;
; Data_Memory:Shared_RAM_Bank1|RAM~13650                                                  ; LCCOMB_X41_Y18_N12 ; 32      ; Clock enable ; no     ; --                   ; --               ; --                        ;
; Data_Memory:Shared_RAM_Bank1|RAM~13652                                                  ; LCCOMB_X57_Y19_N24 ; 32      ; Clock enable ; no     ; --                   ; --               ; --                        ;
; Data_Memory:Shared_RAM_Bank1|RAM~13653                                                  ; LCCOMB_X64_Y23_N30 ; 32      ; Clock enable ; no     ; --                   ; --               ; --                        ;
; Data_Memory:Shared_RAM_Bank1|RAM~13654                                                  ; LCCOMB_X57_Y19_N22 ; 32      ; Clock enable ; no     ; --                   ; --               ; --                        ;
; Data_Memory:Shared_RAM_Bank1|RAM~13655                                                  ; LCCOMB_X57_Y19_N30 ; 32      ; Clock enable ; no     ; --                   ; --               ; --                        ;
; Data_Memory:Shared_RAM_Bank1|RAM~13657                                                  ; LCCOMB_X45_Y22_N0  ; 32      ; Clock enable ; no     ; --                   ; --               ; --                        ;
; Data_Memory:Shared_RAM_Bank1|RAM~13659                                                  ; LCCOMB_X48_Y19_N22 ; 32      ; Clock enable ; no     ; --                   ; --               ; --                        ;
; Data_Memory:Shared_RAM_Bank1|RAM~13661                                                  ; LCCOMB_X39_Y20_N20 ; 32      ; Clock enable ; no     ; --                   ; --               ; --                        ;
; Data_Memory:Shared_RAM_Bank1|RAM~13663                                                  ; LCCOMB_X45_Y27_N10 ; 32      ; Clock enable ; no     ; --                   ; --               ; --                        ;
; Data_Memory:Shared_RAM_Bank1|RAM~13664                                                  ; LCCOMB_X43_Y19_N14 ; 32      ; Clock enable ; no     ; --                   ; --               ; --                        ;
; Data_Memory:Shared_RAM_Bank1|RAM~13665                                                  ; LCCOMB_X45_Y22_N18 ; 32      ; Clock enable ; no     ; --                   ; --               ; --                        ;
; Data_Memory:Shared_RAM_Bank1|RAM~13666                                                  ; LCCOMB_X39_Y20_N8  ; 32      ; Clock enable ; no     ; --                   ; --               ; --                        ;
; Data_Memory:Shared_RAM_Bank1|RAM~13667                                                  ; LCCOMB_X45_Y22_N8  ; 32      ; Clock enable ; no     ; --                   ; --               ; --                        ;
; Data_Memory:Shared_RAM_Bank1|RAM~13668                                                  ; LCCOMB_X45_Y22_N22 ; 32      ; Clock enable ; no     ; --                   ; --               ; --                        ;
; Data_Memory:Shared_RAM_Bank1|RAM~13669                                                  ; LCCOMB_X43_Y19_N22 ; 32      ; Clock enable ; no     ; --                   ; --               ; --                        ;
; Data_Memory:Shared_RAM_Bank1|RAM~13670                                                  ; LCCOMB_X50_Y22_N28 ; 32      ; Clock enable ; no     ; --                   ; --               ; --                        ;
; Data_Memory:Shared_RAM_Bank1|RAM~13671                                                  ; LCCOMB_X45_Y27_N24 ; 32      ; Clock enable ; no     ; --                   ; --               ; --                        ;
; Data_Memory:Shared_RAM_Bank1|RAM~13672                                                  ; LCCOMB_X59_Y11_N18 ; 32      ; Clock enable ; no     ; --                   ; --               ; --                        ;
; Data_Memory:Shared_RAM_Bank1|RAM~13673                                                  ; LCCOMB_X61_Y11_N26 ; 32      ; Clock enable ; no     ; --                   ; --               ; --                        ;
; Data_Memory:Shared_RAM_Bank1|RAM~13674                                                  ; LCCOMB_X61_Y15_N22 ; 32      ; Clock enable ; no     ; --                   ; --               ; --                        ;
; Data_Memory:Shared_RAM_Bank1|RAM~13675                                                  ; LCCOMB_X57_Y19_N0  ; 32      ; Clock enable ; no     ; --                   ; --               ; --                        ;
; Data_Memory:Shared_RAM_Bank1|RAM~13677                                                  ; LCCOMB_X59_Y22_N18 ; 32      ; Clock enable ; no     ; --                   ; --               ; --                        ;
; Data_Memory:Shared_RAM_Bank1|RAM~13679                                                  ; LCCOMB_X49_Y11_N16 ; 32      ; Clock enable ; no     ; --                   ; --               ; --                        ;
; Data_Memory:Shared_RAM_Bank1|RAM~13681                                                  ; LCCOMB_X42_Y21_N0  ; 32      ; Clock enable ; no     ; --                   ; --               ; --                        ;
; Data_Memory:Shared_RAM_Bank1|RAM~13683                                                  ; LCCOMB_X49_Y19_N14 ; 32      ; Clock enable ; no     ; --                   ; --               ; --                        ;
; Data_Memory:Shared_RAM_Bank1|RAM~13684                                                  ; LCCOMB_X44_Y18_N26 ; 32      ; Clock enable ; no     ; --                   ; --               ; --                        ;
; Data_Memory:Shared_RAM_Bank1|RAM~13685                                                  ; LCCOMB_X60_Y22_N18 ; 32      ; Clock enable ; no     ; --                   ; --               ; --                        ;
; Data_Memory:Shared_RAM_Bank1|RAM~13686                                                  ; LCCOMB_X42_Y21_N22 ; 32      ; Clock enable ; no     ; --                   ; --               ; --                        ;
; Data_Memory:Shared_RAM_Bank1|RAM~13687                                                  ; LCCOMB_X49_Y22_N2  ; 32      ; Clock enable ; no     ; --                   ; --               ; --                        ;
; Data_Memory:Shared_RAM_Bank1|RAM~13688                                                  ; LCCOMB_X63_Y18_N4  ; 32      ; Clock enable ; no     ; --                   ; --               ; --                        ;
; Data_Memory:Shared_RAM_Bank1|RAM~13689                                                  ; LCCOMB_X41_Y18_N30 ; 32      ; Clock enable ; no     ; --                   ; --               ; --                        ;
; Data_Memory:Shared_RAM_Bank1|RAM~13690                                                  ; LCCOMB_X41_Y18_N24 ; 32      ; Clock enable ; no     ; --                   ; --               ; --                        ;
; Data_Memory:Shared_RAM_Bank1|RAM~13691                                                  ; LCCOMB_X46_Y19_N12 ; 32      ; Clock enable ; no     ; --                   ; --               ; --                        ;
; Data_Memory:Shared_RAM_Bank1|RAM~13692                                                  ; LCCOMB_X57_Y13_N14 ; 32      ; Clock enable ; no     ; --                   ; --               ; --                        ;
; Data_Memory:Shared_RAM_Bank1|RAM~13693                                                  ; LCCOMB_X63_Y18_N26 ; 32      ; Clock enable ; no     ; --                   ; --               ; --                        ;
; Data_Memory:Shared_RAM_Bank1|RAM~13694                                                  ; LCCOMB_X61_Y17_N16 ; 32      ; Clock enable ; no     ; --                   ; --               ; --                        ;
; Data_Memory:Shared_RAM_Bank1|RAM~13695                                                  ; LCCOMB_X57_Y19_N4  ; 32      ; Clock enable ; no     ; --                   ; --               ; --                        ;
; Data_Memory:Shared_RAM_Bank1|RAM~13697                                                  ; LCCOMB_X48_Y36_N22 ; 32      ; Clock enable ; no     ; --                   ; --               ; --                        ;
; Data_Memory:Shared_RAM_Bank1|RAM~13699                                                  ; LCCOMB_X61_Y19_N2  ; 32      ; Clock enable ; no     ; --                   ; --               ; --                        ;
; Data_Memory:Shared_RAM_Bank1|RAM~13701                                                  ; LCCOMB_X43_Y37_N12 ; 32      ; Clock enable ; no     ; --                   ; --               ; --                        ;
; Data_Memory:Shared_RAM_Bank1|RAM~13703                                                  ; LCCOMB_X51_Y22_N0  ; 32      ; Clock enable ; no     ; --                   ; --               ; --                        ;
; Data_Memory:Shared_RAM_Bank1|RAM~13704                                                  ; LCCOMB_X61_Y19_N26 ; 32      ; Clock enable ; no     ; --                   ; --               ; --                        ;
; Data_Memory:Shared_RAM_Bank1|RAM~13705                                                  ; LCCOMB_X49_Y19_N18 ; 32      ; Clock enable ; no     ; --                   ; --               ; --                        ;
; Data_Memory:Shared_RAM_Bank1|RAM~13706                                                  ; LCCOMB_X43_Y23_N26 ; 32      ; Clock enable ; no     ; --                   ; --               ; --                        ;
; Data_Memory:Shared_RAM_Bank1|RAM~13707                                                  ; LCCOMB_X49_Y19_N30 ; 32      ; Clock enable ; no     ; --                   ; --               ; --                        ;
; Data_Memory:Shared_RAM_Bank1|RAM~13708                                                  ; LCCOMB_X66_Y14_N28 ; 32      ; Clock enable ; no     ; --                   ; --               ; --                        ;
; Data_Memory:Shared_RAM_Bank1|RAM~13709                                                  ; LCCOMB_X50_Y13_N10 ; 32      ; Clock enable ; no     ; --                   ; --               ; --                        ;
; Data_Memory:Shared_RAM_Bank1|RAM~13710                                                  ; LCCOMB_X43_Y23_N8  ; 32      ; Clock enable ; no     ; --                   ; --               ; --                        ;
; Data_Memory:Shared_RAM_Bank1|RAM~13711                                                  ; LCCOMB_X51_Y22_N20 ; 32      ; Clock enable ; no     ; --                   ; --               ; --                        ;
; Data_Memory:Shared_RAM_Bank1|RAM~13712                                                  ; LCCOMB_X56_Y15_N8  ; 32      ; Clock enable ; no     ; --                   ; --               ; --                        ;
; Data_Memory:Shared_RAM_Bank1|RAM~13713                                                  ; LCCOMB_X62_Y20_N28 ; 32      ; Clock enable ; no     ; --                   ; --               ; --                        ;
; Data_Memory:Shared_RAM_Bank1|RAM~13714                                                  ; LCCOMB_X44_Y19_N28 ; 32      ; Clock enable ; no     ; --                   ; --               ; --                        ;
; Data_Memory:Shared_RAM_Bank1|RAM~13715                                                  ; LCCOMB_X60_Y13_N20 ; 32      ; Clock enable ; no     ; --                   ; --               ; --                        ;
; Data_Memory:Shared_RAM_Bank1|RAM~13717                                                  ; LCCOMB_X66_Y9_N12  ; 32      ; Clock enable ; no     ; --                   ; --               ; --                        ;
; Data_Memory:Shared_RAM_Bank1|RAM~13718                                                  ; LCCOMB_X50_Y9_N22  ; 32      ; Clock enable ; no     ; --                   ; --               ; --                        ;
; Data_Memory:Shared_RAM_Bank1|RAM~13719                                                  ; LCCOMB_X62_Y9_N2   ; 32      ; Clock enable ; no     ; --                   ; --               ; --                        ;
; Data_Memory:Shared_RAM_Bank1|RAM~13720                                                  ; LCCOMB_X49_Y9_N18  ; 32      ; Clock enable ; no     ; --                   ; --               ; --                        ;
; Data_Memory:Shared_RAM_Bank1|RAM~13721                                                  ; LCCOMB_X48_Y3_N14  ; 32      ; Clock enable ; no     ; --                   ; --               ; --                        ;
; Data_Memory:Shared_RAM_Bank1|RAM~13722                                                  ; LCCOMB_X49_Y9_N16  ; 32      ; Clock enable ; no     ; --                   ; --               ; --                        ;
; Data_Memory:Shared_RAM_Bank1|RAM~13723                                                  ; LCCOMB_X44_Y18_N20 ; 32      ; Clock enable ; no     ; --                   ; --               ; --                        ;
; Data_Memory:Shared_RAM_Bank1|RAM~13724                                                  ; LCCOMB_X49_Y9_N20  ; 32      ; Clock enable ; no     ; --                   ; --               ; --                        ;
; Data_Memory:Shared_RAM_Bank1|RAM~13725                                                  ; LCCOMB_X49_Y9_N0   ; 32      ; Clock enable ; no     ; --                   ; --               ; --                        ;
; Data_Memory:Shared_RAM_Bank1|RAM~13726                                                  ; LCCOMB_X52_Y7_N26  ; 32      ; Clock enable ; no     ; --                   ; --               ; --                        ;
; Data_Memory:Shared_RAM_Bank1|RAM~13727                                                  ; LCCOMB_X49_Y9_N30  ; 32      ; Clock enable ; no     ; --                   ; --               ; --                        ;
; Data_Memory:Shared_RAM_Bank1|RAM~13728                                                  ; LCCOMB_X49_Y3_N14  ; 32      ; Clock enable ; no     ; --                   ; --               ; --                        ;
; Data_Memory:Shared_RAM_Bank1|RAM~13729                                                  ; LCCOMB_X57_Y10_N8  ; 32      ; Clock enable ; no     ; --                   ; --               ; --                        ;
; Data_Memory:Shared_RAM_Bank1|RAM~13730                                                  ; LCCOMB_X49_Y9_N4   ; 32      ; Clock enable ; no     ; --                   ; --               ; --                        ;
; Data_Memory:Shared_RAM_Bank1|RAM~13731                                                  ; LCCOMB_X49_Y9_N6   ; 32      ; Clock enable ; no     ; --                   ; --               ; --                        ;
; Data_Memory:Shared_RAM_Bank1|RAM~13732                                                  ; LCCOMB_X49_Y9_N8   ; 32      ; Clock enable ; no     ; --                   ; --               ; --                        ;
; Data_Memory:Shared_RAM_Bank1|RAM~13734                                                  ; LCCOMB_X44_Y25_N14 ; 32      ; Clock enable ; no     ; --                   ; --               ; --                        ;
; Data_Memory:Shared_RAM_Bank1|RAM~13735                                                  ; LCCOMB_X63_Y25_N2  ; 32      ; Clock enable ; no     ; --                   ; --               ; --                        ;
; Data_Memory:Shared_RAM_Bank1|RAM~13736                                                  ; LCCOMB_X48_Y34_N28 ; 32      ; Clock enable ; no     ; --                   ; --               ; --                        ;
; Data_Memory:Shared_RAM_Bank1|RAM~13737                                                  ; LCCOMB_X44_Y25_N30 ; 32      ; Clock enable ; no     ; --                   ; --               ; --                        ;
; Data_Memory:Shared_RAM_Bank1|RAM~13738                                                  ; LCCOMB_X44_Y25_N22 ; 32      ; Clock enable ; no     ; --                   ; --               ; --                        ;
; Data_Memory:Shared_RAM_Bank1|RAM~13739                                                  ; LCCOMB_X45_Y31_N0  ; 32      ; Clock enable ; no     ; --                   ; --               ; --                        ;
; Data_Memory:Shared_RAM_Bank1|RAM~13740                                                  ; LCCOMB_X44_Y25_N10 ; 32      ; Clock enable ; no     ; --                   ; --               ; --                        ;
; Data_Memory:Shared_RAM_Bank1|RAM~13741                                                  ; LCCOMB_X44_Y25_N0  ; 32      ; Clock enable ; no     ; --                   ; --               ; --                        ;
; Data_Memory:Shared_RAM_Bank1|RAM~13742                                                  ; LCCOMB_X59_Y22_N0  ; 32      ; Clock enable ; no     ; --                   ; --               ; --                        ;
; Data_Memory:Shared_RAM_Bank1|RAM~13743                                                  ; LCCOMB_X51_Y33_N0  ; 32      ; Clock enable ; no     ; --                   ; --               ; --                        ;
; Data_Memory:Shared_RAM_Bank1|RAM~13744                                                  ; LCCOMB_X44_Y25_N16 ; 32      ; Clock enable ; no     ; --                   ; --               ; --                        ;
; Data_Memory:Shared_RAM_Bank1|RAM~13745                                                  ; LCCOMB_X45_Y39_N10 ; 32      ; Clock enable ; no     ; --                   ; --               ; --                        ;
; Data_Memory:Shared_RAM_Bank1|RAM~13746                                                  ; LCCOMB_X52_Y38_N0  ; 32      ; Clock enable ; no     ; --                   ; --               ; --                        ;
; Data_Memory:Shared_RAM_Bank1|RAM~13747                                                  ; LCCOMB_X62_Y24_N10 ; 32      ; Clock enable ; no     ; --                   ; --               ; --                        ;
; Data_Memory:Shared_RAM_Bank1|RAM~13748                                                  ; LCCOMB_X44_Y25_N26 ; 32      ; Clock enable ; no     ; --                   ; --               ; --                        ;
; Data_Memory:Shared_RAM_Bank1|RAM~13749                                                  ; LCCOMB_X53_Y36_N4  ; 32      ; Clock enable ; no     ; --                   ; --               ; --                        ;
; Data_Memory:Shared_RAM_Bank1|RAM~13751                                                  ; LCCOMB_X45_Y22_N2  ; 32      ; Clock enable ; no     ; --                   ; --               ; --                        ;
; Data_Memory:Shared_RAM_Bank1|RAM~13752                                                  ; LCCOMB_X46_Y22_N14 ; 32      ; Clock enable ; no     ; --                   ; --               ; --                        ;
; Data_Memory:Shared_RAM_Bank1|RAM~13753                                                  ; LCCOMB_X46_Y29_N18 ; 32      ; Clock enable ; no     ; --                   ; --               ; --                        ;
; Data_Memory:Shared_RAM_Bank1|RAM~13754                                                  ; LCCOMB_X45_Y27_N6  ; 32      ; Clock enable ; no     ; --                   ; --               ; --                        ;
; Data_Memory:Shared_RAM_Bank1|RAM~13755                                                  ; LCCOMB_X46_Y22_N10 ; 32      ; Clock enable ; no     ; --                   ; --               ; --                        ;
; Data_Memory:Shared_RAM_Bank1|RAM~13756                                                  ; LCCOMB_X63_Y25_N14 ; 32      ; Clock enable ; no     ; --                   ; --               ; --                        ;
; Data_Memory:Shared_RAM_Bank1|RAM~13757                                                  ; LCCOMB_X44_Y24_N0  ; 32      ; Clock enable ; no     ; --                   ; --               ; --                        ;
; Data_Memory:Shared_RAM_Bank1|RAM~13758                                                  ; LCCOMB_X46_Y22_N30 ; 32      ; Clock enable ; no     ; --                   ; --               ; --                        ;
; Data_Memory:Shared_RAM_Bank1|RAM~13759                                                  ; LCCOMB_X46_Y22_N8  ; 32      ; Clock enable ; no     ; --                   ; --               ; --                        ;
; Data_Memory:Shared_RAM_Bank1|RAM~13760                                                  ; LCCOMB_X44_Y18_N16 ; 32      ; Clock enable ; no     ; --                   ; --               ; --                        ;
; Data_Memory:Shared_RAM_Bank1|RAM~13761                                                  ; LCCOMB_X46_Y22_N4  ; 32      ; Clock enable ; no     ; --                   ; --               ; --                        ;
; Data_Memory:Shared_RAM_Bank1|RAM~13762                                                  ; LCCOMB_X51_Y25_N30 ; 32      ; Clock enable ; no     ; --                   ; --               ; --                        ;
; Data_Memory:Shared_RAM_Bank1|RAM~13763                                                  ; LCCOMB_X49_Y19_N6  ; 32      ; Clock enable ; no     ; --                   ; --               ; --                        ;
; Data_Memory:Shared_RAM_Bank1|RAM~13764                                                  ; LCCOMB_X63_Y16_N30 ; 32      ; Clock enable ; no     ; --                   ; --               ; --                        ;
; Data_Memory:Shared_RAM_Bank1|RAM~13765                                                  ; LCCOMB_X44_Y24_N10 ; 32      ; Clock enable ; no     ; --                   ; --               ; --                        ;
; Data_Memory:Shared_RAM_Bank1|RAM~13766                                                  ; LCCOMB_X51_Y22_N10 ; 32      ; Clock enable ; no     ; --                   ; --               ; --                        ;
; Data_Memory:Shared_RAM_Bank1|RAM~13768                                                  ; LCCOMB_X57_Y25_N12 ; 32      ; Clock enable ; no     ; --                   ; --               ; --                        ;
; Data_Memory:Shared_RAM_Bank1|RAM~13769                                                  ; LCCOMB_X57_Y25_N0  ; 32      ; Clock enable ; no     ; --                   ; --               ; --                        ;
; Data_Memory:Shared_RAM_Bank1|RAM~13770                                                  ; LCCOMB_X57_Y25_N14 ; 32      ; Clock enable ; no     ; --                   ; --               ; --                        ;
; Data_Memory:Shared_RAM_Bank1|RAM~13771                                                  ; LCCOMB_X57_Y25_N26 ; 32      ; Clock enable ; no     ; --                   ; --               ; --                        ;
; Data_Memory:Shared_RAM_Bank1|RAM~13772                                                  ; LCCOMB_X66_Y29_N28 ; 32      ; Clock enable ; no     ; --                   ; --               ; --                        ;
; Data_Memory:Shared_RAM_Bank1|RAM~13773                                                  ; LCCOMB_X57_Y25_N16 ; 32      ; Clock enable ; no     ; --                   ; --               ; --                        ;
; Data_Memory:Shared_RAM_Bank1|RAM~13774                                                  ; LCCOMB_X57_Y25_N24 ; 32      ; Clock enable ; no     ; --                   ; --               ; --                        ;
; Data_Memory:Shared_RAM_Bank1|RAM~13775                                                  ; LCCOMB_X57_Y25_N28 ; 32      ; Clock enable ; no     ; --                   ; --               ; --                        ;
; Data_Memory:Shared_RAM_Bank1|RAM~13776                                                  ; LCCOMB_X43_Y26_N2  ; 32      ; Clock enable ; no     ; --                   ; --               ; --                        ;
; Data_Memory:Shared_RAM_Bank1|RAM~13777                                                  ; LCCOMB_X64_Y28_N0  ; 32      ; Clock enable ; no     ; --                   ; --               ; --                        ;
; Data_Memory:Shared_RAM_Bank1|RAM~13778                                                  ; LCCOMB_X57_Y25_N20 ; 32      ; Clock enable ; no     ; --                   ; --               ; --                        ;
; Data_Memory:Shared_RAM_Bank1|RAM~13779                                                  ; LCCOMB_X57_Y25_N22 ; 32      ; Clock enable ; no     ; --                   ; --               ; --                        ;
; Data_Memory:Shared_RAM_Bank1|RAM~13780                                                  ; LCCOMB_X62_Y28_N26 ; 32      ; Clock enable ; no     ; --                   ; --               ; --                        ;
; Data_Memory:Shared_RAM_Bank1|RAM~13781                                                  ; LCCOMB_X57_Y25_N10 ; 32      ; Clock enable ; no     ; --                   ; --               ; --                        ;
; Data_Memory:Shared_RAM_Bank1|RAM~13782                                                  ; LCCOMB_X60_Y26_N30 ; 32      ; Clock enable ; no     ; --                   ; --               ; --                        ;
; Data_Memory:Shared_RAM_Bank1|RAM~13783                                                  ; LCCOMB_X57_Y25_N30 ; 32      ; Clock enable ; no     ; --                   ; --               ; --                        ;
; Data_Memory:Shared_RAM_Bank1|RAM~13785                                                  ; LCCOMB_X39_Y19_N14 ; 32      ; Clock enable ; no     ; --                   ; --               ; --                        ;
; Data_Memory:Shared_RAM_Bank1|RAM~13786                                                  ; LCCOMB_X63_Y25_N4  ; 32      ; Clock enable ; no     ; --                   ; --               ; --                        ;
; Data_Memory:Shared_RAM_Bank1|RAM~13787                                                  ; LCCOMB_X38_Y39_N24 ; 32      ; Clock enable ; no     ; --                   ; --               ; --                        ;
; Data_Memory:Shared_RAM_Bank1|RAM~13788                                                  ; LCCOMB_X39_Y19_N20 ; 32      ; Clock enable ; no     ; --                   ; --               ; --                        ;
; Data_Memory:Shared_RAM_Bank1|RAM~13789                                                  ; LCCOMB_X45_Y22_N28 ; 32      ; Clock enable ; no     ; --                   ; --               ; --                        ;
; Data_Memory:Shared_RAM_Bank1|RAM~13790                                                  ; LCCOMB_X43_Y19_N24 ; 32      ; Clock enable ; no     ; --                   ; --               ; --                        ;
; Data_Memory:Shared_RAM_Bank1|RAM~13791                                                  ; LCCOMB_X37_Y39_N30 ; 32      ; Clock enable ; no     ; --                   ; --               ; --                        ;
; Data_Memory:Shared_RAM_Bank1|RAM~13792                                                  ; LCCOMB_X43_Y38_N18 ; 32      ; Clock enable ; no     ; --                   ; --               ; --                        ;
; Data_Memory:Shared_RAM_Bank1|RAM~13793                                                  ; LCCOMB_X61_Y33_N4  ; 32      ; Clock enable ; no     ; --                   ; --               ; --                        ;
; Data_Memory:Shared_RAM_Bank1|RAM~13794                                                  ; LCCOMB_X45_Y33_N4  ; 32      ; Clock enable ; no     ; --                   ; --               ; --                        ;
; Data_Memory:Shared_RAM_Bank1|RAM~13795                                                  ; LCCOMB_X39_Y19_N16 ; 32      ; Clock enable ; no     ; --                   ; --               ; --                        ;
; Data_Memory:Shared_RAM_Bank1|RAM~13796                                                  ; LCCOMB_X42_Y39_N30 ; 32      ; Clock enable ; no     ; --                   ; --               ; --                        ;
; Data_Memory:Shared_RAM_Bank1|RAM~13797                                                  ; LCCOMB_X48_Y19_N10 ; 32      ; Clock enable ; no     ; --                   ; --               ; --                        ;
; Data_Memory:Shared_RAM_Bank1|RAM~13798                                                  ; LCCOMB_X62_Y31_N20 ; 32      ; Clock enable ; no     ; --                   ; --               ; --                        ;
; Data_Memory:Shared_RAM_Bank1|RAM~13799                                                  ; LCCOMB_X43_Y23_N0  ; 32      ; Clock enable ; no     ; --                   ; --               ; --                        ;
; Data_Memory:Shared_RAM_Bank1|RAM~13800                                                  ; LCCOMB_X51_Y22_N4  ; 32      ; Clock enable ; no     ; --                   ; --               ; --                        ;
; Data_Memory:Shared_RAM_Bank1|RAM~13802                                                  ; LCCOMB_X45_Y22_N26 ; 32      ; Clock enable ; no     ; --                   ; --               ; --                        ;
; Data_Memory:Shared_RAM_Bank1|RAM~13803                                                  ; LCCOMB_X44_Y16_N16 ; 32      ; Clock enable ; no     ; --                   ; --               ; --                        ;
; Data_Memory:Shared_RAM_Bank1|RAM~13804                                                  ; LCCOMB_X41_Y9_N12  ; 32      ; Clock enable ; no     ; --                   ; --               ; --                        ;
; Data_Memory:Shared_RAM_Bank1|RAM~13805                                                  ; LCCOMB_X49_Y8_N0   ; 32      ; Clock enable ; no     ; --                   ; --               ; --                        ;
; Data_Memory:Shared_RAM_Bank1|RAM~13806                                                  ; LCCOMB_X44_Y16_N14 ; 32      ; Clock enable ; no     ; --                   ; --               ; --                        ;
; Data_Memory:Shared_RAM_Bank1|RAM~13807                                                  ; LCCOMB_X62_Y27_N20 ; 32      ; Clock enable ; no     ; --                   ; --               ; --                        ;
; Data_Memory:Shared_RAM_Bank1|RAM~13808                                                  ; LCCOMB_X49_Y4_N24  ; 32      ; Clock enable ; no     ; --                   ; --               ; --                        ;
; Data_Memory:Shared_RAM_Bank1|RAM~13809                                                  ; LCCOMB_X54_Y24_N28 ; 32      ; Clock enable ; no     ; --                   ; --               ; --                        ;
; Data_Memory:Shared_RAM_Bank1|RAM~13810                                                  ; LCCOMB_X59_Y5_N12  ; 32      ; Clock enable ; no     ; --                   ; --               ; --                        ;
; Data_Memory:Shared_RAM_Bank1|RAM~13811                                                  ; LCCOMB_X46_Y5_N2   ; 32      ; Clock enable ; no     ; --                   ; --               ; --                        ;
; Data_Memory:Shared_RAM_Bank1|RAM~13812                                                  ; LCCOMB_X44_Y16_N2  ; 32      ; Clock enable ; no     ; --                   ; --               ; --                        ;
; Data_Memory:Shared_RAM_Bank1|RAM~13813                                                  ; LCCOMB_X49_Y22_N18 ; 32      ; Clock enable ; no     ; --                   ; --               ; --                        ;
; Data_Memory:Shared_RAM_Bank1|RAM~13814                                                  ; LCCOMB_X43_Y3_N30  ; 32      ; Clock enable ; no     ; --                   ; --               ; --                        ;
; Data_Memory:Shared_RAM_Bank1|RAM~13815                                                  ; LCCOMB_X59_Y6_N0   ; 32      ; Clock enable ; no     ; --                   ; --               ; --                        ;
; Data_Memory:Shared_RAM_Bank1|RAM~13816                                                  ; LCCOMB_X43_Y23_N14 ; 32      ; Clock enable ; no     ; --                   ; --               ; --                        ;
; Data_Memory:Shared_RAM_Bank1|RAM~13817                                                  ; LCCOMB_X51_Y22_N14 ; 32      ; Clock enable ; no     ; --                   ; --               ; --                        ;
; Data_Memory:Shared_RAM_Bank1|RAM~13819                                                  ; LCCOMB_X44_Y23_N24 ; 32      ; Clock enable ; no     ; --                   ; --               ; --                        ;
; Data_Memory:Shared_RAM_Bank1|RAM~13820                                                  ; LCCOMB_X44_Y23_N20 ; 32      ; Clock enable ; no     ; --                   ; --               ; --                        ;
; Data_Memory:Shared_RAM_Bank1|RAM~13821                                                  ; LCCOMB_X39_Y20_N30 ; 32      ; Clock enable ; no     ; --                   ; --               ; --                        ;
; Data_Memory:Shared_RAM_Bank1|RAM~13822                                                  ; LCCOMB_X44_Y23_N28 ; 32      ; Clock enable ; no     ; --                   ; --               ; --                        ;
; Data_Memory:Shared_RAM_Bank1|RAM~13823                                                  ; LCCOMB_X44_Y23_N10 ; 32      ; Clock enable ; no     ; --                   ; --               ; --                        ;
; Data_Memory:Shared_RAM_Bank1|RAM~13824                                                  ; LCCOMB_X63_Y25_N28 ; 32      ; Clock enable ; no     ; --                   ; --               ; --                        ;
; Data_Memory:Shared_RAM_Bank1|RAM~13825                                                  ; LCCOMB_X43_Y20_N0  ; 32      ; Clock enable ; no     ; --                   ; --               ; --                        ;
; Data_Memory:Shared_RAM_Bank1|RAM~13826                                                  ; LCCOMB_X44_Y23_N22 ; 32      ; Clock enable ; no     ; --                   ; --               ; --                        ;
; Data_Memory:Shared_RAM_Bank1|RAM~13827                                                  ; LCCOMB_X59_Y22_N20 ; 32      ; Clock enable ; no     ; --                   ; --               ; --                        ;
; Data_Memory:Shared_RAM_Bank1|RAM~13828                                                  ; LCCOMB_X44_Y23_N26 ; 32      ; Clock enable ; no     ; --                   ; --               ; --                        ;
; Data_Memory:Shared_RAM_Bank1|RAM~13829                                                  ; LCCOMB_X42_Y21_N28 ; 32      ; Clock enable ; no     ; --                   ; --               ; --                        ;
; Data_Memory:Shared_RAM_Bank1|RAM~13830                                                  ; LCCOMB_X44_Y23_N4  ; 32      ; Clock enable ; no     ; --                   ; --               ; --                        ;
; Data_Memory:Shared_RAM_Bank1|RAM~13831                                                  ; LCCOMB_X44_Y23_N0  ; 32      ; Clock enable ; no     ; --                   ; --               ; --                        ;
; Data_Memory:Shared_RAM_Bank1|RAM~13832                                                  ; LCCOMB_X62_Y19_N10 ; 32      ; Clock enable ; no     ; --                   ; --               ; --                        ;
; Data_Memory:Shared_RAM_Bank1|RAM~13833                                                  ; LCCOMB_X44_Y23_N16 ; 32      ; Clock enable ; no     ; --                   ; --               ; --                        ;
; Data_Memory:Shared_RAM_Bank1|RAM~13834                                                  ; LCCOMB_X44_Y23_N18 ; 32      ; Clock enable ; no     ; --                   ; --               ; --                        ;
; Data_Memory:Shared_RAM_Bank1|RAM~13836                                                  ; LCCOMB_X44_Y26_N26 ; 32      ; Clock enable ; no     ; --                   ; --               ; --                        ;
; Data_Memory:Shared_RAM_Bank1|RAM~13837                                                  ; LCCOMB_X63_Y25_N6  ; 32      ; Clock enable ; no     ; --                   ; --               ; --                        ;
; Data_Memory:Shared_RAM_Bank1|RAM~13838                                                  ; LCCOMB_X54_Y26_N22 ; 32      ; Clock enable ; no     ; --                   ; --               ; --                        ;
; Data_Memory:Shared_RAM_Bank1|RAM~13839                                                  ; LCCOMB_X54_Y29_N4  ; 32      ; Clock enable ; no     ; --                   ; --               ; --                        ;
; Data_Memory:Shared_RAM_Bank1|RAM~13840                                                  ; LCCOMB_X45_Y22_N4  ; 32      ; Clock enable ; no     ; --                   ; --               ; --                        ;
; Data_Memory:Shared_RAM_Bank1|RAM~13841                                                  ; LCCOMB_X43_Y19_N12 ; 32      ; Clock enable ; no     ; --                   ; --               ; --                        ;
; Data_Memory:Shared_RAM_Bank1|RAM~13842                                                  ; LCCOMB_X59_Y26_N14 ; 32      ; Clock enable ; no     ; --                   ; --               ; --                        ;
; Data_Memory:Shared_RAM_Bank1|RAM~13843                                                  ; LCCOMB_X55_Y24_N16 ; 32      ; Clock enable ; no     ; --                   ; --               ; --                        ;
; Data_Memory:Shared_RAM_Bank1|RAM~13844                                                  ; LCCOMB_X60_Y24_N16 ; 32      ; Clock enable ; no     ; --                   ; --               ; --                        ;
; Data_Memory:Shared_RAM_Bank1|RAM~13845                                                  ; LCCOMB_X62_Y18_N0  ; 32      ; Clock enable ; no     ; --                   ; --               ; --                        ;
; Data_Memory:Shared_RAM_Bank1|RAM~13846                                                  ; LCCOMB_X44_Y26_N12 ; 32      ; Clock enable ; no     ; --                   ; --               ; --                        ;
; Data_Memory:Shared_RAM_Bank1|RAM~13847                                                  ; LCCOMB_X55_Y24_N10 ; 32      ; Clock enable ; no     ; --                   ; --               ; --                        ;
; Data_Memory:Shared_RAM_Bank1|RAM~13848                                                  ; LCCOMB_X49_Y19_N20 ; 32      ; Clock enable ; no     ; --                   ; --               ; --                        ;
; Data_Memory:Shared_RAM_Bank1|RAM~13849                                                  ; LCCOMB_X63_Y23_N4  ; 32      ; Clock enable ; no     ; --                   ; --               ; --                        ;
; Data_Memory:Shared_RAM_Bank1|RAM~13850                                                  ; LCCOMB_X56_Y23_N8  ; 32      ; Clock enable ; no     ; --                   ; --               ; --                        ;
; Data_Memory:Shared_RAM_Bank1|RAM~13851                                                  ; LCCOMB_X51_Y22_N6  ; 32      ; Clock enable ; no     ; --                   ; --               ; --                        ;
; Data_Memory:Shared_RAM_Bank1|RAM~13853                                                  ; LCCOMB_X45_Y9_N2   ; 32      ; Clock enable ; no     ; --                   ; --               ; --                        ;
; Data_Memory:Shared_RAM_Bank1|RAM~13855                                                  ; LCCOMB_X39_Y35_N8  ; 32      ; Clock enable ; no     ; --                   ; --               ; --                        ;
; Data_Memory:Shared_RAM_Bank1|RAM~13857                                                  ; LCCOMB_X42_Y22_N28 ; 32      ; Clock enable ; no     ; --                   ; --               ; --                        ;
; Data_Memory:Shared_RAM_Bank1|RAM~13859                                                  ; LCCOMB_X43_Y19_N20 ; 32      ; Clock enable ; no     ; --                   ; --               ; --                        ;
; Data_Memory:Shared_RAM_Bank1|RAM~13860                                                  ; LCCOMB_X53_Y35_N24 ; 32      ; Clock enable ; no     ; --                   ; --               ; --                        ;
; Data_Memory:Shared_RAM_Bank1|RAM~13861                                                  ; LCCOMB_X45_Y22_N12 ; 32      ; Clock enable ; no     ; --                   ; --               ; --                        ;
; Data_Memory:Shared_RAM_Bank1|RAM~13862                                                  ; LCCOMB_X45_Y22_N6  ; 32      ; Clock enable ; no     ; --                   ; --               ; --                        ;
; Data_Memory:Shared_RAM_Bank1|RAM~13863                                                  ; LCCOMB_X45_Y22_N24 ; 32      ; Clock enable ; no     ; --                   ; --               ; --                        ;
; Data_Memory:Shared_RAM_Bank1|RAM~13864                                                  ; LCCOMB_X39_Y8_N12  ; 32      ; Clock enable ; no     ; --                   ; --               ; --                        ;
; Data_Memory:Shared_RAM_Bank1|RAM~13865                                                  ; LCCOMB_X44_Y38_N6  ; 32      ; Clock enable ; no     ; --                   ; --               ; --                        ;
; Data_Memory:Shared_RAM_Bank1|RAM~13866                                                  ; LCCOMB_X41_Y24_N16 ; 32      ; Clock enable ; no     ; --                   ; --               ; --                        ;
; Data_Memory:Shared_RAM_Bank1|RAM~13867                                                  ; LCCOMB_X55_Y17_N8  ; 32      ; Clock enable ; no     ; --                   ; --               ; --                        ;
; Data_Memory:Shared_RAM_Bank1|RAM~13868                                                  ; LCCOMB_X39_Y35_N20 ; 32      ; Clock enable ; no     ; --                   ; --               ; --                        ;
; Data_Memory:Shared_RAM_Bank1|RAM~13869                                                  ; LCCOMB_X43_Y9_N16  ; 32      ; Clock enable ; no     ; --                   ; --               ; --                        ;
; Data_Memory:Shared_RAM_Bank1|RAM~13870                                                  ; LCCOMB_X45_Y24_N0  ; 32      ; Clock enable ; no     ; --                   ; --               ; --                        ;
; Data_Memory:Shared_RAM_Bank1|RAM~13871                                                  ; LCCOMB_X44_Y19_N0  ; 32      ; Clock enable ; no     ; --                   ; --               ; --                        ;
; Data_Memory:Shared_RAM_Bank1|RAM~13872                                                  ; LCCOMB_X63_Y31_N0  ; 32      ; Clock enable ; no     ; --                   ; --               ; --                        ;
; Data_Memory:Shared_RAM_Bank1|RAM~13873                                                  ; LCCOMB_X63_Y25_N30 ; 32      ; Clock enable ; no     ; --                   ; --               ; --                        ;
; Data_Memory:Shared_RAM_Bank1|RAM~13874                                                  ; LCCOMB_X63_Y25_N10 ; 32      ; Clock enable ; no     ; --                   ; --               ; --                        ;
; Data_Memory:Shared_RAM_Bank1|RAM~13875                                                  ; LCCOMB_X63_Y25_N8  ; 32      ; Clock enable ; no     ; --                   ; --               ; --                        ;
; Data_Memory:Shared_RAM_Bank1|RAM~13876                                                  ; LCCOMB_X45_Y9_N16  ; 32      ; Clock enable ; no     ; --                   ; --               ; --                        ;
; Data_Memory:Shared_RAM_Bank1|RAM~13877                                                  ; LCCOMB_X39_Y35_N30 ; 32      ; Clock enable ; no     ; --                   ; --               ; --                        ;
; Data_Memory:Shared_RAM_Bank1|RAM~13878                                                  ; LCCOMB_X42_Y22_N0  ; 32      ; Clock enable ; no     ; --                   ; --               ; --                        ;
; Data_Memory:Shared_RAM_Bank1|RAM~13879                                                  ; LCCOMB_X44_Y19_N26 ; 32      ; Clock enable ; no     ; --                   ; --               ; --                        ;
; Data_Memory:Shared_RAM_Bank1|RAM~13880                                                  ; LCCOMB_X44_Y9_N16  ; 32      ; Clock enable ; no     ; --                   ; --               ; --                        ;
; Data_Memory:Shared_RAM_Bank1|RAM~13881                                                  ; LCCOMB_X46_Y34_N0  ; 32      ; Clock enable ; no     ; --                   ; --               ; --                        ;
; Data_Memory:Shared_RAM_Bank1|RAM~13882                                                  ; LCCOMB_X44_Y28_N2  ; 32      ; Clock enable ; no     ; --                   ; --               ; --                        ;
; Data_Memory:Shared_RAM_Bank1|RAM~13883                                                  ; LCCOMB_X52_Y20_N8  ; 32      ; Clock enable ; no     ; --                   ; --               ; --                        ;
; Data_Memory:Shared_RAM_Bank1|RAM~13884                                                  ; LCCOMB_X53_Y35_N28 ; 32      ; Clock enable ; no     ; --                   ; --               ; --                        ;
; Data_Memory:Shared_RAM_Bank1|RAM~13885                                                  ; LCCOMB_X45_Y9_N10  ; 32      ; Clock enable ; no     ; --                   ; --               ; --                        ;
; Data_Memory:Shared_RAM_Bank1|RAM~13886                                                  ; LCCOMB_X49_Y33_N20 ; 32      ; Clock enable ; no     ; --                   ; --               ; --                        ;
; Data_Memory:Shared_RAM_Bank1|RAM~13887                                                  ; LCCOMB_X50_Y22_N0  ; 32      ; Clock enable ; no     ; --                   ; --               ; --                        ;
; Data_Memory:Shared_RAM_Bank1|RAM~13888                                                  ; LCCOMB_X42_Y9_N12  ; 32      ; Clock enable ; no     ; --                   ; --               ; --                        ;
; Data_Memory:Shared_RAM_Bank1|RAM~13889                                                  ; LCCOMB_X44_Y18_N2  ; 32      ; Clock enable ; no     ; --                   ; --               ; --                        ;
; Data_Memory:Shared_RAM_Bank1|RAM~13890                                                  ; LCCOMB_X44_Y18_N10 ; 32      ; Clock enable ; no     ; --                   ; --               ; --                        ;
; Data_Memory:Shared_RAM_Bank1|RAM~13891                                                  ; LCCOMB_X44_Y19_N30 ; 32      ; Clock enable ; no     ; --                   ; --               ; --                        ;
; Data_Memory:Shared_RAM_Bank1|RAM~13892                                                  ; LCCOMB_X38_Y33_N8  ; 32      ; Clock enable ; no     ; --                   ; --               ; --                        ;
; Data_Memory:Shared_RAM_Bank1|RAM~13893                                                  ; LCCOMB_X49_Y10_N10 ; 32      ; Clock enable ; no     ; --                   ; --               ; --                        ;
; Data_Memory:Shared_RAM_Bank1|RAM~13894                                                  ; LCCOMB_X66_Y18_N18 ; 32      ; Clock enable ; no     ; --                   ; --               ; --                        ;
; Data_Memory:Shared_RAM_Bank1|RAM~13895                                                  ; LCCOMB_X65_Y18_N0  ; 32      ; Clock enable ; no     ; --                   ; --               ; --                        ;
; Data_Memory:Shared_RAM_Bank1|RAM~13896                                                  ; LCCOMB_X42_Y8_N30  ; 32      ; Clock enable ; no     ; --                   ; --               ; --                        ;
; Data_Memory:Shared_RAM_Bank1|RAM~13897                                                  ; LCCOMB_X42_Y34_N10 ; 32      ; Clock enable ; no     ; --                   ; --               ; --                        ;
; Data_Memory:Shared_RAM_Bank1|RAM~13898                                                  ; LCCOMB_X42_Y22_N4  ; 32      ; Clock enable ; no     ; --                   ; --               ; --                        ;
; Data_Memory:Shared_RAM_Bank1|RAM~13899                                                  ; LCCOMB_X55_Y21_N22 ; 32      ; Clock enable ; no     ; --                   ; --               ; --                        ;
; Data_Memory:Shared_RAM_Bank1|RAM~13900                                                  ; LCCOMB_X45_Y35_N26 ; 32      ; Clock enable ; no     ; --                   ; --               ; --                        ;
; Data_Memory:Shared_RAM_Bank1|RAM~13901                                                  ; LCCOMB_X45_Y9_N28  ; 32      ; Clock enable ; no     ; --                   ; --               ; --                        ;
; Data_Memory:Shared_RAM_Bank1|RAM~13902                                                  ; LCCOMB_X45_Y19_N2  ; 32      ; Clock enable ; no     ; --                   ; --               ; --                        ;
; Data_Memory:Shared_RAM_Bank1|RAM~13903                                                  ; LCCOMB_X45_Y19_N4  ; 32      ; Clock enable ; no     ; --                   ; --               ; --                        ;
; Data_Memory:Shared_RAM_Bank1|RAM~13904                                                  ; LCCOMB_X62_Y32_N0  ; 32      ; Clock enable ; no     ; --                   ; --               ; --                        ;
; Data_Memory:Shared_RAM_Bank1|RAM~13905                                                  ; LCCOMB_X59_Y7_N4   ; 32      ; Clock enable ; no     ; --                   ; --               ; --                        ;
; Data_Memory:Shared_RAM_Bank1|RAM~13906                                                  ; LCCOMB_X62_Y19_N30 ; 32      ; Clock enable ; no     ; --                   ; --               ; --                        ;
; Data_Memory:Shared_RAM_Bank1|RAM~13907                                                  ; LCCOMB_X62_Y16_N2  ; 32      ; Clock enable ; no     ; --                   ; --               ; --                        ;
; Data_Memory:Shared_RAM_Bank1|RAM~13908                                                  ; LCCOMB_X45_Y9_N20  ; 32      ; Clock enable ; no     ; --                   ; --               ; --                        ;
; Data_Memory:Shared_RAM_Bank1|RAM~13909                                                  ; LCCOMB_X46_Y36_N4  ; 32      ; Clock enable ; no     ; --                   ; --               ; --                        ;
; Data_Memory:Shared_RAM_Bank1|RAM~13910                                                  ; LCCOMB_X48_Y19_N20 ; 32      ; Clock enable ; no     ; --                   ; --               ; --                        ;
; Data_Memory:Shared_RAM_Bank1|RAM~13911                                                  ; LCCOMB_X45_Y19_N14 ; 32      ; Clock enable ; no     ; --                   ; --               ; --                        ;
; Data_Memory:Shared_RAM_Bank1|RAM~13912                                                  ; LCCOMB_X45_Y9_N24  ; 32      ; Clock enable ; no     ; --                   ; --               ; --                        ;
; Data_Memory:Shared_RAM_Bank1|RAM~13913                                                  ; LCCOMB_X43_Y23_N18 ; 32      ; Clock enable ; no     ; --                   ; --               ; --                        ;
; Data_Memory:Shared_RAM_Bank1|RAM~13914                                                  ; LCCOMB_X43_Y23_N24 ; 32      ; Clock enable ; no     ; --                   ; --               ; --                        ;
; Data_Memory:Shared_RAM_Bank1|RAM~13915                                                  ; LCCOMB_X56_Y17_N6  ; 32      ; Clock enable ; no     ; --                   ; --               ; --                        ;
; Data_Memory:Shared_RAM_Bank1|RAM~13916                                                  ; LCCOMB_X53_Y35_N26 ; 32      ; Clock enable ; no     ; --                   ; --               ; --                        ;
; Data_Memory:Shared_RAM_Bank1|RAM~13917                                                  ; LCCOMB_X50_Y22_N20 ; 32      ; Clock enable ; no     ; --                   ; --               ; --                        ;
; Data_Memory:Shared_RAM_Bank1|RAM~13918                                                  ; LCCOMB_X51_Y22_N30 ; 32      ; Clock enable ; no     ; --                   ; --               ; --                        ;
; Data_Memory:Shared_RAM_Bank1|RAM~13919                                                  ; LCCOMB_X48_Y22_N18 ; 32      ; Clock enable ; no     ; --                   ; --               ; --                        ;
; InterCore_Ctrl:ICC_Inst|mailbox_0to1[0]~0                                               ; LCCOMB_X33_Y23_N22 ; 32      ; Clock enable ; no     ; --                   ; --               ; --                        ;
; InterCore_Ctrl:ICC_Inst|mailbox_1to0[0]~0                                               ; LCCOMB_X33_Y23_N8  ; 32      ; Clock enable ; no     ; --                   ; --               ; --                        ;
; RISCV_Core:Core_0|Control_Unit:Control|Equal1~1                                         ; LCCOMB_X37_Y13_N28 ; 33      ; Sync. load   ; no     ; --                   ; --               ; --                        ;
; RISCV_Core:Core_0|Control_Unit:Control|PCSrc~2                                          ; LCCOMB_X23_Y11_N18 ; 31      ; Sync. load   ; no     ; --                   ; --               ; --                        ;
; RISCV_Core:Core_0|Core_Datapath:Datapath|PC:PC_inst|PCReg[0]~32                         ; LCCOMB_X38_Y14_N28 ; 2       ; Clock enable ; no     ; --                   ; --               ; --                        ;
; RISCV_Core:Core_0|Core_Datapath:Datapath|Register_File:Register_inst|REG_MEM_BLOCK~2414 ; LCCOMB_X30_Y9_N8   ; 32      ; Clock enable ; no     ; --                   ; --               ; --                        ;
; RISCV_Core:Core_0|Core_Datapath:Datapath|Register_File:Register_inst|REG_MEM_BLOCK~2416 ; LCCOMB_X27_Y9_N24  ; 32      ; Clock enable ; no     ; --                   ; --               ; --                        ;
; RISCV_Core:Core_0|Core_Datapath:Datapath|Register_File:Register_inst|REG_MEM_BLOCK~2418 ; LCCOMB_X30_Y10_N16 ; 32      ; Clock enable ; no     ; --                   ; --               ; --                        ;
; RISCV_Core:Core_0|Core_Datapath:Datapath|Register_File:Register_inst|REG_MEM_BLOCK~2420 ; LCCOMB_X30_Y10_N4  ; 32      ; Clock enable ; no     ; --                   ; --               ; --                        ;
; RISCV_Core:Core_0|Core_Datapath:Datapath|Register_File:Register_inst|REG_MEM_BLOCK~2422 ; LCCOMB_X32_Y12_N20 ; 32      ; Clock enable ; no     ; --                   ; --               ; --                        ;
; RISCV_Core:Core_0|Core_Datapath:Datapath|Register_File:Register_inst|REG_MEM_BLOCK~2424 ; LCCOMB_X30_Y7_N30  ; 32      ; Clock enable ; no     ; --                   ; --               ; --                        ;
; RISCV_Core:Core_0|Core_Datapath:Datapath|Register_File:Register_inst|REG_MEM_BLOCK~2426 ; LCCOMB_X32_Y9_N22  ; 32      ; Clock enable ; no     ; --                   ; --               ; --                        ;
; RISCV_Core:Core_0|Core_Datapath:Datapath|Register_File:Register_inst|REG_MEM_BLOCK~2428 ; LCCOMB_X30_Y6_N8   ; 32      ; Clock enable ; no     ; --                   ; --               ; --                        ;
; RISCV_Core:Core_0|Core_Datapath:Datapath|Register_File:Register_inst|REG_MEM_BLOCK~2430 ; LCCOMB_X36_Y7_N0   ; 32      ; Clock enable ; no     ; --                   ; --               ; --                        ;
; RISCV_Core:Core_0|Core_Datapath:Datapath|Register_File:Register_inst|REG_MEM_BLOCK~2432 ; LCCOMB_X36_Y7_N22  ; 32      ; Clock enable ; no     ; --                   ; --               ; --                        ;
; RISCV_Core:Core_0|Core_Datapath:Datapath|Register_File:Register_inst|REG_MEM_BLOCK~2434 ; LCCOMB_X30_Y16_N14 ; 32      ; Clock enable ; no     ; --                   ; --               ; --                        ;
; RISCV_Core:Core_0|Core_Datapath:Datapath|Register_File:Register_inst|REG_MEM_BLOCK~2436 ; LCCOMB_X30_Y9_N0   ; 32      ; Clock enable ; no     ; --                   ; --               ; --                        ;
; RISCV_Core:Core_0|Core_Datapath:Datapath|Register_File:Register_inst|REG_MEM_BLOCK~2438 ; LCCOMB_X27_Y9_N14  ; 32      ; Clock enable ; no     ; --                   ; --               ; --                        ;
; RISCV_Core:Core_0|Core_Datapath:Datapath|Register_File:Register_inst|REG_MEM_BLOCK~2440 ; LCCOMB_X27_Y9_N16  ; 32      ; Clock enable ; no     ; --                   ; --               ; --                        ;
; RISCV_Core:Core_0|Core_Datapath:Datapath|Register_File:Register_inst|REG_MEM_BLOCK~2442 ; LCCOMB_X29_Y10_N30 ; 32      ; Clock enable ; no     ; --                   ; --               ; --                        ;
; RISCV_Core:Core_0|Core_Datapath:Datapath|Register_File:Register_inst|REG_MEM_BLOCK~2444 ; LCCOMB_X33_Y16_N16 ; 32      ; Clock enable ; no     ; --                   ; --               ; --                        ;
; RISCV_Core:Core_0|Core_Datapath:Datapath|Register_File:Register_inst|REG_MEM_BLOCK~2445 ; LCCOMB_X36_Y7_N20  ; 32      ; Clock enable ; no     ; --                   ; --               ; --                        ;
; RISCV_Core:Core_0|Core_Datapath:Datapath|Register_File:Register_inst|REG_MEM_BLOCK~2446 ; LCCOMB_X30_Y10_N12 ; 32      ; Clock enable ; no     ; --                   ; --               ; --                        ;
; RISCV_Core:Core_0|Core_Datapath:Datapath|Register_File:Register_inst|REG_MEM_BLOCK~2447 ; LCCOMB_X37_Y3_N6   ; 32      ; Clock enable ; no     ; --                   ; --               ; --                        ;
; RISCV_Core:Core_0|Core_Datapath:Datapath|Register_File:Register_inst|REG_MEM_BLOCK~2448 ; LCCOMB_X30_Y9_N16  ; 32      ; Clock enable ; no     ; --                   ; --               ; --                        ;
; RISCV_Core:Core_0|Core_Datapath:Datapath|Register_File:Register_inst|REG_MEM_BLOCK~2449 ; LCCOMB_X30_Y6_N14  ; 32      ; Clock enable ; no     ; --                   ; --               ; --                        ;
; RISCV_Core:Core_0|Core_Datapath:Datapath|Register_File:Register_inst|REG_MEM_BLOCK~2450 ; LCCOMB_X32_Y10_N22 ; 32      ; Clock enable ; no     ; --                   ; --               ; --                        ;
; RISCV_Core:Core_0|Core_Datapath:Datapath|Register_File:Register_inst|REG_MEM_BLOCK~2451 ; LCCOMB_X33_Y3_N12  ; 32      ; Clock enable ; no     ; --                   ; --               ; --                        ;
; RISCV_Core:Core_0|Core_Datapath:Datapath|Register_File:Register_inst|REG_MEM_BLOCK~2452 ; LCCOMB_X27_Y9_N30  ; 32      ; Clock enable ; no     ; --                   ; --               ; --                        ;
; RISCV_Core:Core_0|Core_Datapath:Datapath|Register_File:Register_inst|REG_MEM_BLOCK~2453 ; LCCOMB_X30_Y5_N16  ; 32      ; Clock enable ; no     ; --                   ; --               ; --                        ;
; RISCV_Core:Core_0|Core_Datapath:Datapath|Register_File:Register_inst|REG_MEM_BLOCK~2454 ; LCCOMB_X29_Y6_N4   ; 32      ; Clock enable ; no     ; --                   ; --               ; --                        ;
; RISCV_Core:Core_0|Core_Datapath:Datapath|Register_File:Register_inst|REG_MEM_BLOCK~2455 ; LCCOMB_X32_Y8_N4   ; 32      ; Clock enable ; no     ; --                   ; --               ; --                        ;
; RISCV_Core:Core_0|Core_Datapath:Datapath|Register_File:Register_inst|REG_MEM_BLOCK~2456 ; LCCOMB_X32_Y7_N14  ; 32      ; Clock enable ; no     ; --                   ; --               ; --                        ;
; RISCV_Core:Core_0|Core_Datapath:Datapath|Register_File:Register_inst|REG_MEM_BLOCK~2457 ; LCCOMB_X32_Y8_N12  ; 32      ; Clock enable ; no     ; --                   ; --               ; --                        ;
; RISCV_Core:Core_0|Core_Datapath:Datapath|Register_File:Register_inst|REG_MEM_BLOCK~2458 ; LCCOMB_X32_Y8_N22  ; 32      ; Clock enable ; no     ; --                   ; --               ; --                        ;
; RISCV_Core:Core_0|Core_Datapath:Datapath|Register_File:Register_inst|REG_MEM_BLOCK~2459 ; LCCOMB_X32_Y8_N24  ; 32      ; Clock enable ; no     ; --                   ; --               ; --                        ;
; RISCV_Core:Core_0|Core_Datapath:Datapath|Register_File:Register_inst|REG_MEM_BLOCK~2460 ; LCCOMB_X33_Y16_N0  ; 32      ; Clock enable ; no     ; --                   ; --               ; --                        ;
; RISCV_Core:Core_0|always0~2                                                             ; LCCOMB_X27_Y11_N12 ; 2       ; Clock enable ; no     ; --                   ; --               ; --                        ;
; RISCV_Core:Core_0|stall_internal                                                        ; LCCOMB_X35_Y23_N24 ; 34      ; Clock enable ; no     ; --                   ; --               ; --                        ;
; RISCV_Core:Core_1|Control_Unit:Control|Equal1~0                                         ; LCCOMB_X30_Y25_N24 ; 33      ; Sync. load   ; no     ; --                   ; --               ; --                        ;
; RISCV_Core:Core_1|Control_Unit:Control|PCSrc                                            ; LCCOMB_X21_Y23_N26 ; 31      ; Sync. load   ; no     ; --                   ; --               ; --                        ;
; RISCV_Core:Core_1|Core_Datapath:Datapath|PC:PC_inst|PCReg[1]~32                         ; LCCOMB_X30_Y31_N24 ; 2       ; Clock enable ; no     ; --                   ; --               ; --                        ;
; RISCV_Core:Core_1|Core_Datapath:Datapath|Register_File:Register_inst|REG_MEM_BLOCK~2462 ; LCCOMB_X29_Y32_N26 ; 32      ; Clock enable ; no     ; --                   ; --               ; --                        ;
; RISCV_Core:Core_1|Core_Datapath:Datapath|Register_File:Register_inst|REG_MEM_BLOCK~2463 ; LCCOMB_X27_Y35_N26 ; 32      ; Clock enable ; no     ; --                   ; --               ; --                        ;
; RISCV_Core:Core_1|Core_Datapath:Datapath|Register_File:Register_inst|REG_MEM_BLOCK~2464 ; LCCOMB_X27_Y32_N30 ; 32      ; Clock enable ; no     ; --                   ; --               ; --                        ;
; RISCV_Core:Core_1|Core_Datapath:Datapath|Register_File:Register_inst|REG_MEM_BLOCK~2465 ; LCCOMB_X29_Y32_N28 ; 32      ; Clock enable ; no     ; --                   ; --               ; --                        ;
; RISCV_Core:Core_1|Core_Datapath:Datapath|Register_File:Register_inst|REG_MEM_BLOCK~2466 ; LCCOMB_X33_Y33_N28 ; 32      ; Clock enable ; no     ; --                   ; --               ; --                        ;
; RISCV_Core:Core_1|Core_Datapath:Datapath|Register_File:Register_inst|REG_MEM_BLOCK~2467 ; LCCOMB_X29_Y25_N4  ; 32      ; Clock enable ; no     ; --                   ; --               ; --                        ;
; RISCV_Core:Core_1|Core_Datapath:Datapath|Register_File:Register_inst|REG_MEM_BLOCK~2468 ; LCCOMB_X28_Y28_N16 ; 32      ; Clock enable ; no     ; --                   ; --               ; --                        ;
; RISCV_Core:Core_1|Core_Datapath:Datapath|Register_File:Register_inst|REG_MEM_BLOCK~2469 ; LCCOMB_X28_Y28_N18 ; 32      ; Clock enable ; no     ; --                   ; --               ; --                        ;
; RISCV_Core:Core_1|Core_Datapath:Datapath|Register_File:Register_inst|REG_MEM_BLOCK~2470 ; LCCOMB_X28_Y37_N22 ; 32      ; Clock enable ; no     ; --                   ; --               ; --                        ;
; RISCV_Core:Core_1|Core_Datapath:Datapath|Register_File:Register_inst|REG_MEM_BLOCK~2471 ; LCCOMB_X30_Y25_N14 ; 32      ; Clock enable ; no     ; --                   ; --               ; --                        ;
; RISCV_Core:Core_1|Core_Datapath:Datapath|Register_File:Register_inst|REG_MEM_BLOCK~2472 ; LCCOMB_X29_Y25_N2  ; 32      ; Clock enable ; no     ; --                   ; --               ; --                        ;
; RISCV_Core:Core_1|Core_Datapath:Datapath|Register_File:Register_inst|REG_MEM_BLOCK~2473 ; LCCOMB_X29_Y32_N30 ; 32      ; Clock enable ; no     ; --                   ; --               ; --                        ;
; RISCV_Core:Core_1|Core_Datapath:Datapath|Register_File:Register_inst|REG_MEM_BLOCK~2474 ; LCCOMB_X32_Y33_N4  ; 32      ; Clock enable ; no     ; --                   ; --               ; --                        ;
; RISCV_Core:Core_1|Core_Datapath:Datapath|Register_File:Register_inst|REG_MEM_BLOCK~2475 ; LCCOMB_X30_Y29_N26 ; 32      ; Clock enable ; no     ; --                   ; --               ; --                        ;
; RISCV_Core:Core_1|Core_Datapath:Datapath|Register_File:Register_inst|REG_MEM_BLOCK~2476 ; LCCOMB_X33_Y32_N14 ; 32      ; Clock enable ; no     ; --                   ; --               ; --                        ;
; RISCV_Core:Core_1|Core_Datapath:Datapath|Register_File:Register_inst|REG_MEM_BLOCK~2477 ; LCCOMB_X33_Y25_N24 ; 32      ; Clock enable ; no     ; --                   ; --               ; --                        ;
; RISCV_Core:Core_1|Core_Datapath:Datapath|Register_File:Register_inst|REG_MEM_BLOCK~2478 ; LCCOMB_X32_Y25_N10 ; 32      ; Clock enable ; no     ; --                   ; --               ; --                        ;
; RISCV_Core:Core_1|Core_Datapath:Datapath|Register_File:Register_inst|REG_MEM_BLOCK~2479 ; LCCOMB_X33_Y33_N26 ; 32      ; Clock enable ; no     ; --                   ; --               ; --                        ;
; RISCV_Core:Core_1|Core_Datapath:Datapath|Register_File:Register_inst|REG_MEM_BLOCK~2480 ; LCCOMB_X30_Y25_N8  ; 32      ; Clock enable ; no     ; --                   ; --               ; --                        ;
; RISCV_Core:Core_1|Core_Datapath:Datapath|Register_File:Register_inst|REG_MEM_BLOCK~2481 ; LCCOMB_X33_Y36_N10 ; 32      ; Clock enable ; no     ; --                   ; --               ; --                        ;
; RISCV_Core:Core_1|Core_Datapath:Datapath|Register_File:Register_inst|REG_MEM_BLOCK~2482 ; LCCOMB_X32_Y33_N30 ; 32      ; Clock enable ; no     ; --                   ; --               ; --                        ;
; RISCV_Core:Core_1|Core_Datapath:Datapath|Register_File:Register_inst|REG_MEM_BLOCK~2483 ; LCCOMB_X32_Y33_N24 ; 32      ; Clock enable ; no     ; --                   ; --               ; --                        ;
; RISCV_Core:Core_1|Core_Datapath:Datapath|Register_File:Register_inst|REG_MEM_BLOCK~2484 ; LCCOMB_X29_Y39_N4  ; 32      ; Clock enable ; no     ; --                   ; --               ; --                        ;
; RISCV_Core:Core_1|Core_Datapath:Datapath|Register_File:Register_inst|REG_MEM_BLOCK~2485 ; LCCOMB_X29_Y39_N10 ; 32      ; Clock enable ; no     ; --                   ; --               ; --                        ;
; RISCV_Core:Core_1|Core_Datapath:Datapath|Register_File:Register_inst|REG_MEM_BLOCK~2486 ; LCCOMB_X28_Y31_N26 ; 32      ; Clock enable ; no     ; --                   ; --               ; --                        ;
; RISCV_Core:Core_1|Core_Datapath:Datapath|Register_File:Register_inst|REG_MEM_BLOCK~2487 ; LCCOMB_X27_Y25_N30 ; 32      ; Clock enable ; no     ; --                   ; --               ; --                        ;
; RISCV_Core:Core_1|Core_Datapath:Datapath|Register_File:Register_inst|REG_MEM_BLOCK~2488 ; LCCOMB_X29_Y25_N24 ; 32      ; Clock enable ; no     ; --                   ; --               ; --                        ;
; RISCV_Core:Core_1|Core_Datapath:Datapath|Register_File:Register_inst|REG_MEM_BLOCK~2489 ; LCCOMB_X29_Y25_N14 ; 32      ; Clock enable ; no     ; --                   ; --               ; --                        ;
; RISCV_Core:Core_1|Core_Datapath:Datapath|Register_File:Register_inst|REG_MEM_BLOCK~2490 ; LCCOMB_X32_Y33_N2  ; 32      ; Clock enable ; no     ; --                   ; --               ; --                        ;
; RISCV_Core:Core_1|Core_Datapath:Datapath|Register_File:Register_inst|REG_MEM_BLOCK~2491 ; LCCOMB_X32_Y32_N10 ; 32      ; Clock enable ; no     ; --                   ; --               ; --                        ;
; RISCV_Core:Core_1|Core_Datapath:Datapath|Register_File:Register_inst|REG_MEM_BLOCK~2492 ; LCCOMB_X30_Y25_N6  ; 32      ; Clock enable ; no     ; --                   ; --               ; --                        ;
; RISCV_Core:Core_1|Core_Datapath:Datapath|Register_File:Register_inst|REG_MEM_BLOCK~2493 ; LCCOMB_X33_Y25_N10 ; 32      ; Clock enable ; no     ; --                   ; --               ; --                        ;
; RISCV_Core:Core_1|always0~2                                                             ; LCCOMB_X21_Y26_N28 ; 2       ; Clock enable ; no     ; --                   ; --               ; --                        ;
; RISCV_Core:Core_1|stall_internal                                                        ; LCCOMB_X36_Y22_N4  ; 34      ; Clock enable ; no     ; --                   ; --               ; --                        ;
; clk                                                                                     ; PIN_G1             ; 18572   ; Clock        ; yes    ; Global Clock         ; GCLK2            ; --                        ;
; reset                                                                                   ; PIN_T2             ; 140     ; Async. clear ; yes    ; Global Clock         ; GCLK4            ; --                        ;
+-----------------------------------------------------------------------------------------+--------------------+---------+--------------+--------+----------------------+------------------+---------------------------+


+-----------------------------------------------------------------------------------------------------------------------------------------+
; Global & Other Fast Signals                                                                                                             ;
+-------+----------+---------+--------------------------------------+----------------------+------------------+---------------------------+
; Name  ; Location ; Fan-Out ; Fan-Out Using Intentional Clock Skew ; Global Resource Used ; Global Line Name ; Enable Signal Source Name ;
+-------+----------+---------+--------------------------------------+----------------------+------------------+---------------------------+
; clk   ; PIN_G1   ; 18572   ; 8603                                 ; Global Clock         ; GCLK2            ; --                        ;
; reset ; PIN_T2   ; 140     ; 0                                    ; Global Clock         ; GCLK4            ; --                        ;
+-------+----------+---------+--------------------------------------+----------------------+------------------+---------------------------+


+---------------------------------------------------------------------------------------------------+
; Non-Global High Fan-Out Signals                                                                   ;
+-----------------------------------------------------------------------------------------+---------+
; Name                                                                                    ; Fan-Out ;
+-----------------------------------------------------------------------------------------+---------+
; crossbar_2x3:Interconnect|s0_addr[4]~1                                                  ; 1045    ;
; crossbar_2x3:Interconnect|s0_addr[5]~0                                                  ; 1045    ;
; crossbar_2x3:Interconnect|s1_addr[4]~1                                                  ; 1045    ;
; crossbar_2x3:Interconnect|s1_addr[5]~0                                                  ; 1045    ;
; crossbar_2x3:Interconnect|s0_addr[9]~3                                                  ; 1036    ;
; crossbar_2x3:Interconnect|s0_addr[8]~2                                                  ; 1036    ;
; crossbar_2x3:Interconnect|s1_addr[9]~3                                                  ; 1036    ;
; crossbar_2x3:Interconnect|s1_addr[8]~2                                                  ; 1036    ;
; crossbar_2x3:Interconnect|s0_addr[7]~7                                                  ; 1032    ;
; crossbar_2x3:Interconnect|s0_addr[3]~5                                                  ; 1032    ;
; crossbar_2x3:Interconnect|s1_addr[7]~7                                                  ; 1032    ;
; crossbar_2x3:Interconnect|s1_addr[3]~5                                                  ; 1032    ;
; crossbar_2x3:Interconnect|s0_addr[6]~6                                                  ; 1031    ;
; crossbar_2x3:Interconnect|s0_addr[2]~4                                                  ; 1031    ;
; crossbar_2x3:Interconnect|s1_addr[6]~6                                                  ; 1031    ;
; crossbar_2x3:Interconnect|s1_addr[2]~4                                                  ; 1031    ;
; crossbar_2x3:Interconnect|s0_wdata[1]~33                                                ; 256     ;
; crossbar_2x3:Interconnect|s1_wdata[1]~33                                                ; 256     ;
; crossbar_2x3:Interconnect|s0_wdata[2]~32                                                ; 256     ;
; crossbar_2x3:Interconnect|s1_wdata[2]~32                                                ; 256     ;
; crossbar_2x3:Interconnect|s0_wdata[3]~31                                                ; 256     ;
; crossbar_2x3:Interconnect|s1_wdata[3]~31                                                ; 256     ;
; crossbar_2x3:Interconnect|s0_wdata[4]~30                                                ; 256     ;
; crossbar_2x3:Interconnect|s1_wdata[4]~30                                                ; 256     ;
; crossbar_2x3:Interconnect|s0_wdata[5]~29                                                ; 256     ;
; crossbar_2x3:Interconnect|s1_wdata[5]~29                                                ; 256     ;
; crossbar_2x3:Interconnect|s0_wdata[6]~28                                                ; 256     ;
; crossbar_2x3:Interconnect|s1_wdata[6]~28                                                ; 256     ;
; crossbar_2x3:Interconnect|s0_wdata[7]~27                                                ; 256     ;
; crossbar_2x3:Interconnect|s1_wdata[7]~27                                                ; 256     ;
; crossbar_2x3:Interconnect|s0_wdata[8]~26                                                ; 256     ;
; crossbar_2x3:Interconnect|s1_wdata[8]~26                                                ; 256     ;
; crossbar_2x3:Interconnect|s0_wdata[9]~25                                                ; 256     ;
; crossbar_2x3:Interconnect|s1_wdata[9]~25                                                ; 256     ;
; crossbar_2x3:Interconnect|s0_wdata[10]~24                                               ; 256     ;
; crossbar_2x3:Interconnect|s1_wdata[10]~24                                               ; 256     ;
; crossbar_2x3:Interconnect|s0_wdata[11]~23                                               ; 256     ;
; crossbar_2x3:Interconnect|s1_wdata[11]~23                                               ; 256     ;
; crossbar_2x3:Interconnect|s0_wdata[12]~22                                               ; 256     ;
; crossbar_2x3:Interconnect|s1_wdata[12]~22                                               ; 256     ;
; crossbar_2x3:Interconnect|s0_wdata[13]~21                                               ; 256     ;
; crossbar_2x3:Interconnect|s1_wdata[13]~21                                               ; 256     ;
; crossbar_2x3:Interconnect|s0_wdata[14]~20                                               ; 256     ;
; crossbar_2x3:Interconnect|s1_wdata[14]~20                                               ; 256     ;
; crossbar_2x3:Interconnect|s0_wdata[15]~19                                               ; 256     ;
; crossbar_2x3:Interconnect|s1_wdata[15]~19                                               ; 256     ;
; crossbar_2x3:Interconnect|s0_wdata[16]~18                                               ; 256     ;
; crossbar_2x3:Interconnect|s1_wdata[16]~18                                               ; 256     ;
; crossbar_2x3:Interconnect|s0_wdata[17]~17                                               ; 256     ;
; crossbar_2x3:Interconnect|s1_wdata[17]~17                                               ; 256     ;
; crossbar_2x3:Interconnect|s0_wdata[18]~16                                               ; 256     ;
; crossbar_2x3:Interconnect|s1_wdata[18]~16                                               ; 256     ;
; crossbar_2x3:Interconnect|s0_wdata[19]~15                                               ; 256     ;
; crossbar_2x3:Interconnect|s1_wdata[19]~15                                               ; 256     ;
; crossbar_2x3:Interconnect|s0_wdata[20]~14                                               ; 256     ;
; crossbar_2x3:Interconnect|s1_wdata[20]~14                                               ; 256     ;
; crossbar_2x3:Interconnect|s0_wdata[21]~13                                               ; 256     ;
; crossbar_2x3:Interconnect|s1_wdata[21]~13                                               ; 256     ;
; crossbar_2x3:Interconnect|s0_wdata[22]~12                                               ; 256     ;
; crossbar_2x3:Interconnect|s1_wdata[22]~12                                               ; 256     ;
; crossbar_2x3:Interconnect|s0_wdata[23]~11                                               ; 256     ;
; crossbar_2x3:Interconnect|s1_wdata[23]~11                                               ; 256     ;
; crossbar_2x3:Interconnect|s0_wdata[24]~10                                               ; 256     ;
; crossbar_2x3:Interconnect|s1_wdata[24]~10                                               ; 256     ;
; crossbar_2x3:Interconnect|s0_wdata[25]~9                                                ; 256     ;
; crossbar_2x3:Interconnect|s1_wdata[25]~9                                                ; 256     ;
; crossbar_2x3:Interconnect|s0_wdata[26]~8                                                ; 256     ;
; crossbar_2x3:Interconnect|s1_wdata[26]~8                                                ; 256     ;
; crossbar_2x3:Interconnect|s0_wdata[27]~7                                                ; 256     ;
; crossbar_2x3:Interconnect|s1_wdata[27]~7                                                ; 256     ;
; crossbar_2x3:Interconnect|s0_wdata[28]~6                                                ; 256     ;
; crossbar_2x3:Interconnect|s1_wdata[28]~6                                                ; 256     ;
; crossbar_2x3:Interconnect|s0_wdata[29]~5                                                ; 256     ;
; crossbar_2x3:Interconnect|s1_wdata[29]~5                                                ; 256     ;
; crossbar_2x3:Interconnect|s0_wdata[30]~4                                                ; 256     ;
; crossbar_2x3:Interconnect|s1_wdata[30]~4                                                ; 256     ;
; crossbar_2x3:Interconnect|s0_wdata[31]~3                                                ; 256     ;
; crossbar_2x3:Interconnect|s1_wdata[31]~3                                                ; 256     ;
; comb~1                                                                                  ; 256     ;
; crossbar_2x3:Interconnect|s0_wdata[0]~2                                                 ; 256     ;
; comb~0                                                                                  ; 256     ;
; crossbar_2x3:Interconnect|s1_wdata[0]~2                                                 ; 256     ;
; Instruction_Memory:ROM_Core1|I_MEM_BLOCK~46                                             ; 241     ;
; Instruction_Memory:ROM_Core1|I_MEM_BLOCK~35                                             ; 241     ;
; Instruction_Memory:ROM_Core1|I_MEM_BLOCK~25                                             ; 241     ;
; Instruction_Memory:ROM_Core1|I_MEM_BLOCK~14                                             ; 241     ;
; Instruction_Memory:ROM_Core0|I_MEM_BLOCK~208                                            ; 241     ;
; Instruction_Memory:ROM_Core0|I_MEM_BLOCK~48                                             ; 241     ;
; Instruction_Memory:ROM_Core0|I_MEM_BLOCK~37                                             ; 241     ;
; Instruction_Memory:ROM_Core0|I_MEM_BLOCK~27                                             ; 241     ;
; Instruction_Memory:ROM_Core0|I_MEM_BLOCK~16                                             ; 241     ;
; Instruction_Memory:ROM_Core1|I_MEM_BLOCK~103                                            ; 239     ;
; Instruction_Memory:ROM_Core1|I_MEM_BLOCK~91                                             ; 239     ;
; Instruction_Memory:ROM_Core1|I_MEM_BLOCK~60                                             ; 239     ;
; Instruction_Memory:ROM_Core0|I_MEM_BLOCK~198                                            ; 239     ;
; Instruction_Memory:ROM_Core1|I_MEM_BLOCK~78                                             ; 238     ;
; Instruction_Memory:ROM_Core0|I_MEM_BLOCK~188                                            ; 237     ;
; Instruction_Memory:ROM_Core0|I_MEM_BLOCK~176                                            ; 237     ;
; RISCV_Core:Core_0|PC[4]~6                                                               ; 159     ;
; RISCV_Core:Core_0|PC[5]~4                                                               ; 159     ;
; RISCV_Core:Core_1|PC[4]~6                                                               ; 157     ;
; RISCV_Core:Core_1|PC[2]~5                                                               ; 155     ;
; RISCV_Core:Core_0|PC[2]~5                                                               ; 148     ;
; RISCV_Core:Core_0|PC[7]~3                                                               ; 148     ;
; RISCV_Core:Core_0|PC[3]~2                                                               ; 147     ;
; RISCV_Core:Core_1|PC[5]~4                                                               ; 146     ;
; RISCV_Core:Core_1|PC[7]~3                                                               ; 145     ;
; RISCV_Core:Core_1|PC[3]~2                                                               ; 145     ;
; RISCV_Core:Core_1|PC[6]~7                                                               ; 137     ;
; RISCV_Core:Core_0|PC[6]~7                                                               ; 136     ;
; RISCV_Core:Core_0|Equal0~29                                                             ; 132     ;
; RISCV_Core:Core_0|PC[9]~8                                                               ; 112     ;
; RISCV_Core:Core_0|PC[8]~1                                                               ; 109     ;
; RISCV_Core:Core_1|PC[8]~1                                                               ; 107     ;
; RISCV_Core:Core_1|PC[9]~8                                                               ; 104     ;
; Instruction_Memory:ROM_Core1|I_MEM_BLOCK~53                                             ; 94      ;
; RISCV_Core:Core_0|Core_Datapath:Datapath|ALU_Mux:ALU_Mux_inst|B[1]~37                   ; 90      ;
; RISCV_Core:Core_0|Core_Datapath:Datapath|ALU:ALU_inst|ShiftRight1~2                     ; 90      ;
; RISCV_Core:Core_1|Core_Datapath:Datapath|ALU_Mux:ALU_Mux_inst|B[1]~39                   ; 87      ;
; RISCV_Core:Core_1|Core_Datapath:Datapath|ALU:ALU_inst|ShiftRight1~6                     ; 87      ;
; RISCV_Core:Core_0|Core_Datapath:Datapath|ALU_Mux:ALU_Mux_inst|B[0]~3                    ; 83      ;
; RISCV_Core:Core_1|Core_Datapath:Datapath|ALU_Mux:ALU_Mux_inst|B[0]~5                    ; 82      ;
; RISCV_Core:Core_1|Equal0~25                                                             ; 78      ;
; RISCV_Core:Core_1|Equal0~24                                                             ; 61      ;
; RISCV_Core:Core_1|Core_Datapath:Datapath|ALU_Mux:ALU_Mux_inst|B[3]~37                   ; 54      ;
; Instruction_Memory:ROM_Core1|I_MEM_BLOCK~169                                            ; 53      ;
; RISCV_Core:Core_0|Core_Datapath:Datapath|ALU_Mux:ALU_Mux_inst|B[3]~36                   ; 53      ;
; RISCV_Core:Core_0|Control_Unit:Control|Main_Decoder:Main_Decoder|WideOr5~3              ; 49      ;
; crossbar_2x3:Interconnect|grant_m0_s2~0                                                 ; 46      ;
; crossbar_2x3:Interconnect|grant_m0_s1~0                                                 ; 45      ;
; Instruction_Memory:ROM_Core0|I_MEM_BLOCK~129                                            ; 45      ;
; crossbar_2x3:Interconnect|grant_m0_s0                                                   ; 44      ;
; RISCV_Core:Core_1|Control_Unit:Control|Main_Decoder:Main_Decoder|WideOr5~1              ; 44      ;
; Instruction_Memory:ROM_Core0|I_MEM_BLOCK~54                                             ; 40      ;
; RISCV_Core:Core_0|Core_Datapath:Datapath|ALU:ALU_inst|Selector28~15                     ; 36      ;
; Instruction_Memory:ROM_Core1|I_MEM_BLOCK~67                                             ; 35      ;
; Instruction_Memory:ROM_Core0|I_MEM_BLOCK~215                                            ; 35      ;
; RISCV_Core:Core_1|stall_internal                                                        ; 34      ;
; RISCV_Core:Core_0|stall_internal                                                        ; 34      ;
; InterCore_Ctrl:ICC_Inst|Equal5~0                                                        ; 34      ;
; crossbar_2x3:Interconnect|s2_addr[3]~3                                                  ; 34      ;
; crossbar_2x3:Interconnect|s2_addr[2]~2                                                  ; 34      ;
; InterCore_Ctrl:ICC_Inst|Equal3~12                                                       ; 34      ;
; RISCV_Core:Core_1|Core_Datapath:Datapath|ALU_Mux:ALU_Mux_inst|B[4]~36                   ; 34      ;
; Instruction_Memory:ROM_Core1|I_MEM_BLOCK~208                                            ; 34      ;
; RISCV_Core:Core_0|Core_Datapath:Datapath|ALU_Mux:ALU_Mux_inst|B[4]~35                   ; 34      ;
; RISCV_Core:Core_1|Core_Datapath:Datapath|Register_File:Register_inst|RD1[31]~65         ; 33      ;
; RISCV_Core:Core_1|Control_Unit:Control|Equal1~0                                         ; 33      ;
; RISCV_Core:Core_1|Control_Unit:Control|Main_Decoder:Main_Decoder|WideOr7~2              ; 33      ;
; RISCV_Core:Core_1|Core_Datapath:Datapath|Result_Mux:Result_Mux_inst|Result[19]~64       ; 33      ;
; RISCV_Core:Core_0|Control_Unit:Control|Equal1~1                                         ; 33      ;
; RISCV_Core:Core_0|Control_Unit:Control|Main_Decoder:Main_Decoder|WideOr7~4              ; 33      ;
; RISCV_Core:Core_0|Core_Datapath:Datapath|Result_Mux:Result_Mux_inst|Result[30]~64       ; 33      ;
; Instruction_Memory:ROM_Core1|I_MEM_BLOCK~305                                            ; 33      ;
; RISCV_Core:Core_1|Control_Unit:Control|ALU_decoder:ALU_decoder|Mux4~6                   ; 33      ;
; RISCV_Core:Core_1|Core_Datapath:Datapath|ALU_Mux:ALU_Mux_inst|B[11]~4                   ; 33      ;
; RISCV_Core:Core_0|Core_Datapath:Datapath|Register_File:Register_inst|RD1[31]~1          ; 33      ;
; RISCV_Core:Core_0|Control_Unit:Control|ALU_decoder:ALU_decoder|Mux4~6                   ; 33      ;
; Instruction_Memory:ROM_Core0|I_MEM_BLOCK~85                                             ; 33      ;
; Instruction_Memory:ROM_Core0|I_MEM_BLOCK~55                                             ; 33      ;
; RISCV_Core:Core_1|Core_Datapath:Datapath|Result_Mux:Result_Mux_inst|Result[1]~162       ; 32      ;
; RISCV_Core:Core_1|Core_Datapath:Datapath|Result_Mux:Result_Mux_inst|Result[2]~161       ; 32      ;
; RISCV_Core:Core_1|Core_Datapath:Datapath|Result_Mux:Result_Mux_inst|Result[3]~160       ; 32      ;
; RISCV_Core:Core_1|Core_Datapath:Datapath|Result_Mux:Result_Mux_inst|Result[4]~159       ; 32      ;
; RISCV_Core:Core_1|Core_Datapath:Datapath|Result_Mux:Result_Mux_inst|Result[5]~158       ; 32      ;
; RISCV_Core:Core_1|Core_Datapath:Datapath|Result_Mux:Result_Mux_inst|Result[6]~157       ; 32      ;
; RISCV_Core:Core_1|Core_Datapath:Datapath|Result_Mux:Result_Mux_inst|Result[7]~156       ; 32      ;
; RISCV_Core:Core_1|Core_Datapath:Datapath|Result_Mux:Result_Mux_inst|Result[8]~155       ; 32      ;
; RISCV_Core:Core_1|Core_Datapath:Datapath|Result_Mux:Result_Mux_inst|Result[9]~154       ; 32      ;
; RISCV_Core:Core_1|Core_Datapath:Datapath|Result_Mux:Result_Mux_inst|Result[10]~153      ; 32      ;
; RISCV_Core:Core_1|Core_Datapath:Datapath|Result_Mux:Result_Mux_inst|Result[11]~152      ; 32      ;
; RISCV_Core:Core_1|Core_Datapath:Datapath|Result_Mux:Result_Mux_inst|Result[12]~151      ; 32      ;
; RISCV_Core:Core_1|Core_Datapath:Datapath|Result_Mux:Result_Mux_inst|Result[13]~150      ; 32      ;
; RISCV_Core:Core_1|Core_Datapath:Datapath|Result_Mux:Result_Mux_inst|Result[14]~149      ; 32      ;
; RISCV_Core:Core_1|Core_Datapath:Datapath|Result_Mux:Result_Mux_inst|Result[15]~148      ; 32      ;
; RISCV_Core:Core_1|Core_Datapath:Datapath|Result_Mux:Result_Mux_inst|Result[16]~147      ; 32      ;
; RISCV_Core:Core_1|Core_Datapath:Datapath|Result_Mux:Result_Mux_inst|Result[17]~146      ; 32      ;
; RISCV_Core:Core_1|Core_Datapath:Datapath|Result_Mux:Result_Mux_inst|Result[18]~145      ; 32      ;
; RISCV_Core:Core_1|Core_Datapath:Datapath|Result_Mux:Result_Mux_inst|Result[19]~144      ; 32      ;
; RISCV_Core:Core_1|Core_Datapath:Datapath|Result_Mux:Result_Mux_inst|Result[20]~143      ; 32      ;
; RISCV_Core:Core_1|Core_Datapath:Datapath|Result_Mux:Result_Mux_inst|Result[21]~142      ; 32      ;
; RISCV_Core:Core_1|Core_Datapath:Datapath|Result_Mux:Result_Mux_inst|Result[22]~141      ; 32      ;
; RISCV_Core:Core_1|Core_Datapath:Datapath|Result_Mux:Result_Mux_inst|Result[23]~140      ; 32      ;
; RISCV_Core:Core_1|Core_Datapath:Datapath|Result_Mux:Result_Mux_inst|Result[24]~139      ; 32      ;
; RISCV_Core:Core_1|Core_Datapath:Datapath|Result_Mux:Result_Mux_inst|Result[25]~138      ; 32      ;
; RISCV_Core:Core_1|Core_Datapath:Datapath|Result_Mux:Result_Mux_inst|Result[26]~137      ; 32      ;
; RISCV_Core:Core_1|Core_Datapath:Datapath|Result_Mux:Result_Mux_inst|Result[27]~136      ; 32      ;
; RISCV_Core:Core_1|Core_Datapath:Datapath|Result_Mux:Result_Mux_inst|Result[28]~135      ; 32      ;
; RISCV_Core:Core_1|Core_Datapath:Datapath|Result_Mux:Result_Mux_inst|Result[29]~134      ; 32      ;
; RISCV_Core:Core_1|Core_Datapath:Datapath|Result_Mux:Result_Mux_inst|Result[30]~133      ; 32      ;
; RISCV_Core:Core_1|Core_Datapath:Datapath|Result_Mux:Result_Mux_inst|Result[31]~132      ; 32      ;
; RISCV_Core:Core_1|Core_Datapath:Datapath|Register_File:Register_inst|REG_MEM_BLOCK~2493 ; 32      ;
; RISCV_Core:Core_1|Core_Datapath:Datapath|Register_File:Register_inst|REG_MEM_BLOCK~2492 ; 32      ;
; RISCV_Core:Core_1|Core_Datapath:Datapath|Register_File:Register_inst|REG_MEM_BLOCK~2491 ; 32      ;
; RISCV_Core:Core_1|Core_Datapath:Datapath|Register_File:Register_inst|REG_MEM_BLOCK~2490 ; 32      ;
; RISCV_Core:Core_1|Core_Datapath:Datapath|Register_File:Register_inst|REG_MEM_BLOCK~2489 ; 32      ;
; RISCV_Core:Core_1|Core_Datapath:Datapath|Register_File:Register_inst|REG_MEM_BLOCK~2488 ; 32      ;
; RISCV_Core:Core_1|Core_Datapath:Datapath|Register_File:Register_inst|REG_MEM_BLOCK~2487 ; 32      ;
; RISCV_Core:Core_1|Core_Datapath:Datapath|Register_File:Register_inst|REG_MEM_BLOCK~2486 ; 32      ;
; RISCV_Core:Core_1|Core_Datapath:Datapath|Register_File:Register_inst|REG_MEM_BLOCK~2485 ; 32      ;
; RISCV_Core:Core_1|Core_Datapath:Datapath|Register_File:Register_inst|REG_MEM_BLOCK~2484 ; 32      ;
; RISCV_Core:Core_1|Core_Datapath:Datapath|Register_File:Register_inst|REG_MEM_BLOCK~2483 ; 32      ;
; RISCV_Core:Core_1|Core_Datapath:Datapath|Register_File:Register_inst|REG_MEM_BLOCK~2482 ; 32      ;
; RISCV_Core:Core_1|Core_Datapath:Datapath|Register_File:Register_inst|REG_MEM_BLOCK~2481 ; 32      ;
; RISCV_Core:Core_1|Core_Datapath:Datapath|Register_File:Register_inst|REG_MEM_BLOCK~2480 ; 32      ;
; RISCV_Core:Core_1|Core_Datapath:Datapath|Register_File:Register_inst|REG_MEM_BLOCK~2479 ; 32      ;
; RISCV_Core:Core_1|Core_Datapath:Datapath|Register_File:Register_inst|REG_MEM_BLOCK~2478 ; 32      ;
; RISCV_Core:Core_1|Core_Datapath:Datapath|Register_File:Register_inst|REG_MEM_BLOCK~2477 ; 32      ;
; RISCV_Core:Core_1|Core_Datapath:Datapath|Register_File:Register_inst|REG_MEM_BLOCK~2476 ; 32      ;
; RISCV_Core:Core_1|Core_Datapath:Datapath|Register_File:Register_inst|REG_MEM_BLOCK~2475 ; 32      ;
; RISCV_Core:Core_1|Core_Datapath:Datapath|Register_File:Register_inst|REG_MEM_BLOCK~2474 ; 32      ;
; RISCV_Core:Core_1|Core_Datapath:Datapath|Register_File:Register_inst|REG_MEM_BLOCK~2473 ; 32      ;
; RISCV_Core:Core_1|Core_Datapath:Datapath|Register_File:Register_inst|REG_MEM_BLOCK~2472 ; 32      ;
; RISCV_Core:Core_1|Core_Datapath:Datapath|Register_File:Register_inst|REG_MEM_BLOCK~2471 ; 32      ;
; RISCV_Core:Core_1|Core_Datapath:Datapath|Register_File:Register_inst|REG_MEM_BLOCK~2470 ; 32      ;
; RISCV_Core:Core_1|Core_Datapath:Datapath|Register_File:Register_inst|REG_MEM_BLOCK~2469 ; 32      ;
; RISCV_Core:Core_1|Core_Datapath:Datapath|Register_File:Register_inst|REG_MEM_BLOCK~2468 ; 32      ;
; RISCV_Core:Core_1|Core_Datapath:Datapath|Register_File:Register_inst|REG_MEM_BLOCK~2467 ; 32      ;
; RISCV_Core:Core_1|Core_Datapath:Datapath|Register_File:Register_inst|REG_MEM_BLOCK~2466 ; 32      ;
; RISCV_Core:Core_1|Core_Datapath:Datapath|Register_File:Register_inst|REG_MEM_BLOCK~2465 ; 32      ;
; RISCV_Core:Core_1|Core_Datapath:Datapath|Register_File:Register_inst|REG_MEM_BLOCK~2464 ; 32      ;
; RISCV_Core:Core_1|Core_Datapath:Datapath|Register_File:Register_inst|REG_MEM_BLOCK~2463 ; 32      ;
; RISCV_Core:Core_1|Core_Datapath:Datapath|Register_File:Register_inst|REG_MEM_BLOCK~2462 ; 32      ;
; RISCV_Core:Core_1|Core_Datapath:Datapath|Result_Mux:Result_Mux_inst|Result[0]~131       ; 32      ;
; RISCV_Core:Core_0|Core_Datapath:Datapath|Result_Mux:Result_Mux_inst|Result[1]~162       ; 32      ;
; RISCV_Core:Core_0|Core_Datapath:Datapath|Result_Mux:Result_Mux_inst|Result[2]~161       ; 32      ;
; RISCV_Core:Core_0|Core_Datapath:Datapath|Result_Mux:Result_Mux_inst|Result[3]~160       ; 32      ;
; RISCV_Core:Core_0|Core_Datapath:Datapath|Result_Mux:Result_Mux_inst|Result[4]~159       ; 32      ;
; RISCV_Core:Core_0|Core_Datapath:Datapath|Result_Mux:Result_Mux_inst|Result[5]~158       ; 32      ;
; RISCV_Core:Core_0|Core_Datapath:Datapath|Result_Mux:Result_Mux_inst|Result[6]~157       ; 32      ;
; RISCV_Core:Core_0|Core_Datapath:Datapath|Result_Mux:Result_Mux_inst|Result[7]~156       ; 32      ;
; RISCV_Core:Core_0|Core_Datapath:Datapath|Result_Mux:Result_Mux_inst|Result[8]~155       ; 32      ;
; RISCV_Core:Core_0|Core_Datapath:Datapath|Result_Mux:Result_Mux_inst|Result[9]~154       ; 32      ;
; RISCV_Core:Core_0|Core_Datapath:Datapath|Result_Mux:Result_Mux_inst|Result[10]~153      ; 32      ;
; RISCV_Core:Core_0|Core_Datapath:Datapath|Result_Mux:Result_Mux_inst|Result[11]~152      ; 32      ;
; RISCV_Core:Core_0|Core_Datapath:Datapath|Result_Mux:Result_Mux_inst|Result[12]~151      ; 32      ;
; RISCV_Core:Core_0|Core_Datapath:Datapath|Result_Mux:Result_Mux_inst|Result[13]~150      ; 32      ;
; RISCV_Core:Core_0|Core_Datapath:Datapath|Result_Mux:Result_Mux_inst|Result[14]~149      ; 32      ;
; RISCV_Core:Core_0|Core_Datapath:Datapath|Result_Mux:Result_Mux_inst|Result[15]~148      ; 32      ;
; RISCV_Core:Core_0|Core_Datapath:Datapath|Result_Mux:Result_Mux_inst|Result[16]~147      ; 32      ;
; RISCV_Core:Core_0|Core_Datapath:Datapath|Result_Mux:Result_Mux_inst|Result[17]~146      ; 32      ;
; RISCV_Core:Core_0|Core_Datapath:Datapath|Result_Mux:Result_Mux_inst|Result[18]~145      ; 32      ;
; RISCV_Core:Core_0|Core_Datapath:Datapath|Result_Mux:Result_Mux_inst|Result[19]~144      ; 32      ;
; RISCV_Core:Core_0|Core_Datapath:Datapath|Result_Mux:Result_Mux_inst|Result[20]~143      ; 32      ;
; RISCV_Core:Core_0|Core_Datapath:Datapath|Result_Mux:Result_Mux_inst|Result[21]~142      ; 32      ;
; RISCV_Core:Core_0|Core_Datapath:Datapath|Result_Mux:Result_Mux_inst|Result[22]~141      ; 32      ;
; RISCV_Core:Core_0|Core_Datapath:Datapath|Result_Mux:Result_Mux_inst|Result[23]~140      ; 32      ;
; RISCV_Core:Core_0|Core_Datapath:Datapath|Result_Mux:Result_Mux_inst|Result[24]~139      ; 32      ;
; RISCV_Core:Core_0|Core_Datapath:Datapath|Result_Mux:Result_Mux_inst|Result[25]~138      ; 32      ;
; RISCV_Core:Core_0|Core_Datapath:Datapath|Result_Mux:Result_Mux_inst|Result[26]~137      ; 32      ;
; RISCV_Core:Core_0|Core_Datapath:Datapath|Result_Mux:Result_Mux_inst|Result[27]~136      ; 32      ;
; RISCV_Core:Core_0|Core_Datapath:Datapath|Result_Mux:Result_Mux_inst|Result[28]~135      ; 32      ;
; RISCV_Core:Core_0|Core_Datapath:Datapath|Result_Mux:Result_Mux_inst|Result[29]~134      ; 32      ;
; RISCV_Core:Core_0|Core_Datapath:Datapath|Result_Mux:Result_Mux_inst|Result[30]~133      ; 32      ;
; RISCV_Core:Core_0|Core_Datapath:Datapath|Result_Mux:Result_Mux_inst|Result[31]~132      ; 32      ;
; Instruction_Memory:ROM_Core0|I_MEM_BLOCK~355                                            ; 32      ;
; RISCV_Core:Core_0|Core_Datapath:Datapath|Result_Mux:Result_Mux_inst|Result[0]~131       ; 32      ;
; Data_Memory:Shared_RAM_Bank0|RAM~13919                                                  ; 32      ;
; Data_Memory:Shared_RAM_Bank0|RAM~13918                                                  ; 32      ;
; Data_Memory:Shared_RAM_Bank0|RAM~13917                                                  ; 32      ;
; Data_Memory:Shared_RAM_Bank0|RAM~13916                                                  ; 32      ;
; Data_Memory:Shared_RAM_Bank0|RAM~13915                                                  ; 32      ;
; Data_Memory:Shared_RAM_Bank0|RAM~13914                                                  ; 32      ;
; Data_Memory:Shared_RAM_Bank0|RAM~13913                                                  ; 32      ;
; Data_Memory:Shared_RAM_Bank0|RAM~13912                                                  ; 32      ;
; Data_Memory:Shared_RAM_Bank0|RAM~13911                                                  ; 32      ;
; Data_Memory:Shared_RAM_Bank0|RAM~13910                                                  ; 32      ;
; Data_Memory:Shared_RAM_Bank0|RAM~13909                                                  ; 32      ;
; Data_Memory:Shared_RAM_Bank0|RAM~13908                                                  ; 32      ;
; Data_Memory:Shared_RAM_Bank0|RAM~13907                                                  ; 32      ;
; Data_Memory:Shared_RAM_Bank0|RAM~13906                                                  ; 32      ;
; Data_Memory:Shared_RAM_Bank0|RAM~13905                                                  ; 32      ;
; Data_Memory:Shared_RAM_Bank0|RAM~13904                                                  ; 32      ;
; Data_Memory:Shared_RAM_Bank0|RAM~13903                                                  ; 32      ;
; Data_Memory:Shared_RAM_Bank0|RAM~13902                                                  ; 32      ;
; Data_Memory:Shared_RAM_Bank0|RAM~13901                                                  ; 32      ;
; Data_Memory:Shared_RAM_Bank0|RAM~13900                                                  ; 32      ;
; Data_Memory:Shared_RAM_Bank0|RAM~13899                                                  ; 32      ;
; Data_Memory:Shared_RAM_Bank0|RAM~13898                                                  ; 32      ;
; Data_Memory:Shared_RAM_Bank0|RAM~13897                                                  ; 32      ;
; Data_Memory:Shared_RAM_Bank0|RAM~13896                                                  ; 32      ;
; Data_Memory:Shared_RAM_Bank0|RAM~13895                                                  ; 32      ;
; Data_Memory:Shared_RAM_Bank0|RAM~13894                                                  ; 32      ;
; Data_Memory:Shared_RAM_Bank0|RAM~13893                                                  ; 32      ;
; Data_Memory:Shared_RAM_Bank0|RAM~13892                                                  ; 32      ;
; Data_Memory:Shared_RAM_Bank0|RAM~13891                                                  ; 32      ;
; Data_Memory:Shared_RAM_Bank0|RAM~13890                                                  ; 32      ;
; Data_Memory:Shared_RAM_Bank0|RAM~13889                                                  ; 32      ;
; Data_Memory:Shared_RAM_Bank0|RAM~13888                                                  ; 32      ;
; Data_Memory:Shared_RAM_Bank0|RAM~13887                                                  ; 32      ;
; Data_Memory:Shared_RAM_Bank0|RAM~13886                                                  ; 32      ;
; Data_Memory:Shared_RAM_Bank0|RAM~13885                                                  ; 32      ;
; Data_Memory:Shared_RAM_Bank0|RAM~13884                                                  ; 32      ;
; Data_Memory:Shared_RAM_Bank0|RAM~13883                                                  ; 32      ;
; Data_Memory:Shared_RAM_Bank0|RAM~13882                                                  ; 32      ;
; Data_Memory:Shared_RAM_Bank0|RAM~13881                                                  ; 32      ;
; Data_Memory:Shared_RAM_Bank0|RAM~13880                                                  ; 32      ;
; Data_Memory:Shared_RAM_Bank0|RAM~13879                                                  ; 32      ;
; Data_Memory:Shared_RAM_Bank0|RAM~13878                                                  ; 32      ;
; Data_Memory:Shared_RAM_Bank0|RAM~13877                                                  ; 32      ;
; Data_Memory:Shared_RAM_Bank0|RAM~13876                                                  ; 32      ;
; Data_Memory:Shared_RAM_Bank0|RAM~13875                                                  ; 32      ;
; Data_Memory:Shared_RAM_Bank0|RAM~13874                                                  ; 32      ;
; Data_Memory:Shared_RAM_Bank0|RAM~13873                                                  ; 32      ;
; Data_Memory:Shared_RAM_Bank0|RAM~13872                                                  ; 32      ;
; Data_Memory:Shared_RAM_Bank0|RAM~13871                                                  ; 32      ;
; Data_Memory:Shared_RAM_Bank0|RAM~13870                                                  ; 32      ;
; Data_Memory:Shared_RAM_Bank0|RAM~13869                                                  ; 32      ;
; Data_Memory:Shared_RAM_Bank0|RAM~13868                                                  ; 32      ;
; Data_Memory:Shared_RAM_Bank0|RAM~13867                                                  ; 32      ;
; Data_Memory:Shared_RAM_Bank0|RAM~13866                                                  ; 32      ;
; Data_Memory:Shared_RAM_Bank0|RAM~13865                                                  ; 32      ;
; Data_Memory:Shared_RAM_Bank0|RAM~13864                                                  ; 32      ;
; Data_Memory:Shared_RAM_Bank0|RAM~13863                                                  ; 32      ;
; Data_Memory:Shared_RAM_Bank0|RAM~13862                                                  ; 32      ;
; Data_Memory:Shared_RAM_Bank0|RAM~13861                                                  ; 32      ;
; Data_Memory:Shared_RAM_Bank0|RAM~13860                                                  ; 32      ;
; Data_Memory:Shared_RAM_Bank0|RAM~13859                                                  ; 32      ;
; Data_Memory:Shared_RAM_Bank0|RAM~13857                                                  ; 32      ;
; Data_Memory:Shared_RAM_Bank0|RAM~13855                                                  ; 32      ;
; Data_Memory:Shared_RAM_Bank0|RAM~13853                                                  ; 32      ;
; Data_Memory:Shared_RAM_Bank0|RAM~13851                                                  ; 32      ;
; Data_Memory:Shared_RAM_Bank0|RAM~13850                                                  ; 32      ;
; Data_Memory:Shared_RAM_Bank0|RAM~13849                                                  ; 32      ;
; Data_Memory:Shared_RAM_Bank0|RAM~13848                                                  ; 32      ;
; Data_Memory:Shared_RAM_Bank0|RAM~13847                                                  ; 32      ;
; Data_Memory:Shared_RAM_Bank0|RAM~13846                                                  ; 32      ;
; Data_Memory:Shared_RAM_Bank0|RAM~13845                                                  ; 32      ;
; Data_Memory:Shared_RAM_Bank0|RAM~13844                                                  ; 32      ;
; Data_Memory:Shared_RAM_Bank0|RAM~13843                                                  ; 32      ;
; Data_Memory:Shared_RAM_Bank0|RAM~13842                                                  ; 32      ;
; Data_Memory:Shared_RAM_Bank0|RAM~13841                                                  ; 32      ;
; Data_Memory:Shared_RAM_Bank0|RAM~13840                                                  ; 32      ;
; Data_Memory:Shared_RAM_Bank0|RAM~13839                                                  ; 32      ;
; Data_Memory:Shared_RAM_Bank0|RAM~13838                                                  ; 32      ;
; Data_Memory:Shared_RAM_Bank0|RAM~13837                                                  ; 32      ;
; Data_Memory:Shared_RAM_Bank0|RAM~13836                                                  ; 32      ;
; Data_Memory:Shared_RAM_Bank0|RAM~13834                                                  ; 32      ;
; Data_Memory:Shared_RAM_Bank0|RAM~13833                                                  ; 32      ;
; Data_Memory:Shared_RAM_Bank0|RAM~13832                                                  ; 32      ;
; Data_Memory:Shared_RAM_Bank0|RAM~13831                                                  ; 32      ;
; Data_Memory:Shared_RAM_Bank0|RAM~13830                                                  ; 32      ;
; Data_Memory:Shared_RAM_Bank0|RAM~13829                                                  ; 32      ;
; Data_Memory:Shared_RAM_Bank0|RAM~13828                                                  ; 32      ;
; Data_Memory:Shared_RAM_Bank0|RAM~13827                                                  ; 32      ;
; Data_Memory:Shared_RAM_Bank0|RAM~13826                                                  ; 32      ;
; Data_Memory:Shared_RAM_Bank0|RAM~13825                                                  ; 32      ;
; Data_Memory:Shared_RAM_Bank0|RAM~13824                                                  ; 32      ;
; Data_Memory:Shared_RAM_Bank0|RAM~13823                                                  ; 32      ;
; Data_Memory:Shared_RAM_Bank0|RAM~13822                                                  ; 32      ;
; Data_Memory:Shared_RAM_Bank0|RAM~13821                                                  ; 32      ;
; Data_Memory:Shared_RAM_Bank0|RAM~13820                                                  ; 32      ;
; Data_Memory:Shared_RAM_Bank0|RAM~13819                                                  ; 32      ;
; Data_Memory:Shared_RAM_Bank0|RAM~13817                                                  ; 32      ;
; Data_Memory:Shared_RAM_Bank0|RAM~13816                                                  ; 32      ;
; Data_Memory:Shared_RAM_Bank0|RAM~13815                                                  ; 32      ;
; Data_Memory:Shared_RAM_Bank0|RAM~13814                                                  ; 32      ;
; Data_Memory:Shared_RAM_Bank0|RAM~13813                                                  ; 32      ;
; Data_Memory:Shared_RAM_Bank0|RAM~13812                                                  ; 32      ;
; Data_Memory:Shared_RAM_Bank0|RAM~13811                                                  ; 32      ;
; Data_Memory:Shared_RAM_Bank0|RAM~13810                                                  ; 32      ;
; Data_Memory:Shared_RAM_Bank0|RAM~13809                                                  ; 32      ;
; Data_Memory:Shared_RAM_Bank0|RAM~13808                                                  ; 32      ;
; Data_Memory:Shared_RAM_Bank0|RAM~13807                                                  ; 32      ;
; Data_Memory:Shared_RAM_Bank0|RAM~13806                                                  ; 32      ;
; Data_Memory:Shared_RAM_Bank0|RAM~13805                                                  ; 32      ;
; Data_Memory:Shared_RAM_Bank0|RAM~13804                                                  ; 32      ;
; Data_Memory:Shared_RAM_Bank0|RAM~13803                                                  ; 32      ;
; Data_Memory:Shared_RAM_Bank0|RAM~13802                                                  ; 32      ;
; Data_Memory:Shared_RAM_Bank0|RAM~13800                                                  ; 32      ;
; Data_Memory:Shared_RAM_Bank0|RAM~13799                                                  ; 32      ;
; Data_Memory:Shared_RAM_Bank0|RAM~13798                                                  ; 32      ;
; Data_Memory:Shared_RAM_Bank0|RAM~13797                                                  ; 32      ;
; Data_Memory:Shared_RAM_Bank0|RAM~13796                                                  ; 32      ;
; Data_Memory:Shared_RAM_Bank0|RAM~13795                                                  ; 32      ;
; Data_Memory:Shared_RAM_Bank0|RAM~13794                                                  ; 32      ;
; Data_Memory:Shared_RAM_Bank0|RAM~13793                                                  ; 32      ;
; Data_Memory:Shared_RAM_Bank0|RAM~13792                                                  ; 32      ;
; Data_Memory:Shared_RAM_Bank0|RAM~13791                                                  ; 32      ;
; Data_Memory:Shared_RAM_Bank0|RAM~13790                                                  ; 32      ;
; Data_Memory:Shared_RAM_Bank0|RAM~13789                                                  ; 32      ;
; Data_Memory:Shared_RAM_Bank0|RAM~13788                                                  ; 32      ;
; Data_Memory:Shared_RAM_Bank0|RAM~13787                                                  ; 32      ;
; Data_Memory:Shared_RAM_Bank0|RAM~13786                                                  ; 32      ;
; Data_Memory:Shared_RAM_Bank0|RAM~13785                                                  ; 32      ;
; Data_Memory:Shared_RAM_Bank0|RAM~13783                                                  ; 32      ;
; Data_Memory:Shared_RAM_Bank0|RAM~13782                                                  ; 32      ;
; Data_Memory:Shared_RAM_Bank0|RAM~13781                                                  ; 32      ;
; Data_Memory:Shared_RAM_Bank0|RAM~13780                                                  ; 32      ;
; Data_Memory:Shared_RAM_Bank0|RAM~13779                                                  ; 32      ;
; Data_Memory:Shared_RAM_Bank0|RAM~13778                                                  ; 32      ;
; Data_Memory:Shared_RAM_Bank0|RAM~13777                                                  ; 32      ;
; Data_Memory:Shared_RAM_Bank0|RAM~13776                                                  ; 32      ;
; Data_Memory:Shared_RAM_Bank0|RAM~13775                                                  ; 32      ;
; Data_Memory:Shared_RAM_Bank0|RAM~13774                                                  ; 32      ;
; Data_Memory:Shared_RAM_Bank0|RAM~13773                                                  ; 32      ;
; Data_Memory:Shared_RAM_Bank0|RAM~13772                                                  ; 32      ;
; Data_Memory:Shared_RAM_Bank0|RAM~13771                                                  ; 32      ;
; Data_Memory:Shared_RAM_Bank0|RAM~13770                                                  ; 32      ;
; Data_Memory:Shared_RAM_Bank0|RAM~13769                                                  ; 32      ;
; Data_Memory:Shared_RAM_Bank0|RAM~13768                                                  ; 32      ;
; Data_Memory:Shared_RAM_Bank0|RAM~13766                                                  ; 32      ;
; Data_Memory:Shared_RAM_Bank0|RAM~13765                                                  ; 32      ;
; Data_Memory:Shared_RAM_Bank0|RAM~13764                                                  ; 32      ;
; Data_Memory:Shared_RAM_Bank0|RAM~13763                                                  ; 32      ;
; Data_Memory:Shared_RAM_Bank0|RAM~13762                                                  ; 32      ;
; Data_Memory:Shared_RAM_Bank0|RAM~13761                                                  ; 32      ;
; Data_Memory:Shared_RAM_Bank0|RAM~13760                                                  ; 32      ;
; Data_Memory:Shared_RAM_Bank0|RAM~13759                                                  ; 32      ;
; Data_Memory:Shared_RAM_Bank0|RAM~13758                                                  ; 32      ;
; Data_Memory:Shared_RAM_Bank0|RAM~13757                                                  ; 32      ;
; Data_Memory:Shared_RAM_Bank0|RAM~13756                                                  ; 32      ;
; Data_Memory:Shared_RAM_Bank0|RAM~13755                                                  ; 32      ;
; Data_Memory:Shared_RAM_Bank0|RAM~13754                                                  ; 32      ;
; Data_Memory:Shared_RAM_Bank0|RAM~13753                                                  ; 32      ;
; Data_Memory:Shared_RAM_Bank0|RAM~13752                                                  ; 32      ;
; Data_Memory:Shared_RAM_Bank0|RAM~13751                                                  ; 32      ;
; Data_Memory:Shared_RAM_Bank0|RAM~13749                                                  ; 32      ;
; Data_Memory:Shared_RAM_Bank0|RAM~13748                                                  ; 32      ;
; Data_Memory:Shared_RAM_Bank0|RAM~13747                                                  ; 32      ;
; Data_Memory:Shared_RAM_Bank0|RAM~13746                                                  ; 32      ;
; Data_Memory:Shared_RAM_Bank0|RAM~13745                                                  ; 32      ;
; Data_Memory:Shared_RAM_Bank0|RAM~13744                                                  ; 32      ;
; Data_Memory:Shared_RAM_Bank0|RAM~13743                                                  ; 32      ;
; Data_Memory:Shared_RAM_Bank0|RAM~13742                                                  ; 32      ;
; Data_Memory:Shared_RAM_Bank0|RAM~13741                                                  ; 32      ;
; Data_Memory:Shared_RAM_Bank0|RAM~13740                                                  ; 32      ;
; Data_Memory:Shared_RAM_Bank0|RAM~13739                                                  ; 32      ;
; Data_Memory:Shared_RAM_Bank0|RAM~13738                                                  ; 32      ;
; Data_Memory:Shared_RAM_Bank0|RAM~13737                                                  ; 32      ;
; Data_Memory:Shared_RAM_Bank0|RAM~13736                                                  ; 32      ;
; Data_Memory:Shared_RAM_Bank0|RAM~13735                                                  ; 32      ;
; Data_Memory:Shared_RAM_Bank0|RAM~13734                                                  ; 32      ;
; Data_Memory:Shared_RAM_Bank0|RAM~13732                                                  ; 32      ;
; Data_Memory:Shared_RAM_Bank0|RAM~13731                                                  ; 32      ;
; Data_Memory:Shared_RAM_Bank0|RAM~13730                                                  ; 32      ;
; Data_Memory:Shared_RAM_Bank0|RAM~13729                                                  ; 32      ;
; Data_Memory:Shared_RAM_Bank0|RAM~13728                                                  ; 32      ;
; Data_Memory:Shared_RAM_Bank0|RAM~13727                                                  ; 32      ;
; Data_Memory:Shared_RAM_Bank0|RAM~13726                                                  ; 32      ;
; Data_Memory:Shared_RAM_Bank0|RAM~13725                                                  ; 32      ;
; Data_Memory:Shared_RAM_Bank0|RAM~13724                                                  ; 32      ;
; Data_Memory:Shared_RAM_Bank0|RAM~13723                                                  ; 32      ;
; Data_Memory:Shared_RAM_Bank0|RAM~13722                                                  ; 32      ;
; Data_Memory:Shared_RAM_Bank0|RAM~13721                                                  ; 32      ;
; Data_Memory:Shared_RAM_Bank0|RAM~13720                                                  ; 32      ;
; Data_Memory:Shared_RAM_Bank0|RAM~13719                                                  ; 32      ;
; Data_Memory:Shared_RAM_Bank0|RAM~13718                                                  ; 32      ;
; Data_Memory:Shared_RAM_Bank0|RAM~13717                                                  ; 32      ;
; Data_Memory:Shared_RAM_Bank0|RAM~13715                                                  ; 32      ;
; Data_Memory:Shared_RAM_Bank0|RAM~13714                                                  ; 32      ;
; Data_Memory:Shared_RAM_Bank0|RAM~13713                                                  ; 32      ;
; Data_Memory:Shared_RAM_Bank0|RAM~13712                                                  ; 32      ;
; Data_Memory:Shared_RAM_Bank0|RAM~13711                                                  ; 32      ;
; Data_Memory:Shared_RAM_Bank0|RAM~13710                                                  ; 32      ;
; Data_Memory:Shared_RAM_Bank0|RAM~13709                                                  ; 32      ;
; Data_Memory:Shared_RAM_Bank0|RAM~13708                                                  ; 32      ;
; Data_Memory:Shared_RAM_Bank0|RAM~13707                                                  ; 32      ;
; Data_Memory:Shared_RAM_Bank0|RAM~13706                                                  ; 32      ;
; Data_Memory:Shared_RAM_Bank0|RAM~13705                                                  ; 32      ;
; Data_Memory:Shared_RAM_Bank0|RAM~13704                                                  ; 32      ;
; Data_Memory:Shared_RAM_Bank0|RAM~13703                                                  ; 32      ;
; Data_Memory:Shared_RAM_Bank0|RAM~13701                                                  ; 32      ;
; Data_Memory:Shared_RAM_Bank0|RAM~13699                                                  ; 32      ;
; Data_Memory:Shared_RAM_Bank0|RAM~13697                                                  ; 32      ;
; Data_Memory:Shared_RAM_Bank0|RAM~13695                                                  ; 32      ;
; Data_Memory:Shared_RAM_Bank0|RAM~13694                                                  ; 32      ;
; Data_Memory:Shared_RAM_Bank0|RAM~13693                                                  ; 32      ;
; Data_Memory:Shared_RAM_Bank0|RAM~13692                                                  ; 32      ;
; Data_Memory:Shared_RAM_Bank0|RAM~13691                                                  ; 32      ;
; Data_Memory:Shared_RAM_Bank0|RAM~13690                                                  ; 32      ;
; Data_Memory:Shared_RAM_Bank0|RAM~13689                                                  ; 32      ;
; Data_Memory:Shared_RAM_Bank0|RAM~13688                                                  ; 32      ;
; Data_Memory:Shared_RAM_Bank0|RAM~13687                                                  ; 32      ;
; Data_Memory:Shared_RAM_Bank0|RAM~13686                                                  ; 32      ;
; Data_Memory:Shared_RAM_Bank0|RAM~13685                                                  ; 32      ;
; Data_Memory:Shared_RAM_Bank0|RAM~13684                                                  ; 32      ;
; Data_Memory:Shared_RAM_Bank0|RAM~13683                                                  ; 32      ;
; Data_Memory:Shared_RAM_Bank0|RAM~13681                                                  ; 32      ;
; Data_Memory:Shared_RAM_Bank0|RAM~13679                                                  ; 32      ;
; Data_Memory:Shared_RAM_Bank0|RAM~13677                                                  ; 32      ;
; Data_Memory:Shared_RAM_Bank0|RAM~13675                                                  ; 32      ;
; Data_Memory:Shared_RAM_Bank0|RAM~13674                                                  ; 32      ;
; Data_Memory:Shared_RAM_Bank0|RAM~13673                                                  ; 32      ;
; Data_Memory:Shared_RAM_Bank0|RAM~13672                                                  ; 32      ;
; Data_Memory:Shared_RAM_Bank0|RAM~13671                                                  ; 32      ;
; Data_Memory:Shared_RAM_Bank0|RAM~13670                                                  ; 32      ;
; Data_Memory:Shared_RAM_Bank0|RAM~13669                                                  ; 32      ;
; Data_Memory:Shared_RAM_Bank0|RAM~13668                                                  ; 32      ;
; Data_Memory:Shared_RAM_Bank0|RAM~13667                                                  ; 32      ;
; Data_Memory:Shared_RAM_Bank0|RAM~13666                                                  ; 32      ;
; Data_Memory:Shared_RAM_Bank0|RAM~13665                                                  ; 32      ;
; Data_Memory:Shared_RAM_Bank0|RAM~13664                                                  ; 32      ;
; Data_Memory:Shared_RAM_Bank0|RAM~13663                                                  ; 32      ;
; Data_Memory:Shared_RAM_Bank0|RAM~13661                                                  ; 32      ;
; Data_Memory:Shared_RAM_Bank0|RAM~13659                                                  ; 32      ;
; Data_Memory:Shared_RAM_Bank0|RAM~13657                                                  ; 32      ;
; Data_Memory:Shared_RAM_Bank0|RAM~13655                                                  ; 32      ;
; Data_Memory:Shared_RAM_Bank0|RAM~13654                                                  ; 32      ;
; Data_Memory:Shared_RAM_Bank0|RAM~13653                                                  ; 32      ;
; Data_Memory:Shared_RAM_Bank0|RAM~13652                                                  ; 32      ;
; Data_Memory:Shared_RAM_Bank0|RAM~13650                                                  ; 32      ;
; Data_Memory:Shared_RAM_Bank0|RAM~13649                                                  ; 32      ;
; Data_Memory:Shared_RAM_Bank0|RAM~13648                                                  ; 32      ;
; Data_Memory:Shared_RAM_Bank0|RAM~13647                                                  ; 32      ;
; Data_Memory:Shared_RAM_Bank0|RAM~13645                                                  ; 32      ;
; Data_Memory:Shared_RAM_Bank0|RAM~13644                                                  ; 32      ;
; Data_Memory:Shared_RAM_Bank0|RAM~13643                                                  ; 32      ;
; Data_Memory:Shared_RAM_Bank0|RAM~13642                                                  ; 32      ;
; Data_Memory:Shared_RAM_Bank0|RAM~13640                                                  ; 32      ;
; Data_Memory:Shared_RAM_Bank0|RAM~13638                                                  ; 32      ;
; Data_Memory:Shared_RAM_Bank0|RAM~13636                                                  ; 32      ;
; Data_Memory:Shared_RAM_Bank0|RAM~13634                                                  ; 32      ;
; crossbar_2x3:Interconnect|s0_wdata[0]~1                                                 ; 32      ;
; Data_Memory:Shared_RAM_Bank1|RAM~13919                                                  ; 32      ;
; Data_Memory:Shared_RAM_Bank1|RAM~13918                                                  ; 32      ;
; Data_Memory:Shared_RAM_Bank1|RAM~13917                                                  ; 32      ;
; Data_Memory:Shared_RAM_Bank1|RAM~13916                                                  ; 32      ;
; Data_Memory:Shared_RAM_Bank1|RAM~13915                                                  ; 32      ;
; Data_Memory:Shared_RAM_Bank1|RAM~13914                                                  ; 32      ;
; Data_Memory:Shared_RAM_Bank1|RAM~13913                                                  ; 32      ;
; Data_Memory:Shared_RAM_Bank1|RAM~13912                                                  ; 32      ;
; Data_Memory:Shared_RAM_Bank1|RAM~13911                                                  ; 32      ;
; Data_Memory:Shared_RAM_Bank1|RAM~13910                                                  ; 32      ;
; Data_Memory:Shared_RAM_Bank1|RAM~13909                                                  ; 32      ;
; Data_Memory:Shared_RAM_Bank1|RAM~13908                                                  ; 32      ;
; Data_Memory:Shared_RAM_Bank1|RAM~13907                                                  ; 32      ;
; Data_Memory:Shared_RAM_Bank1|RAM~13906                                                  ; 32      ;
; Data_Memory:Shared_RAM_Bank1|RAM~13905                                                  ; 32      ;
; Data_Memory:Shared_RAM_Bank1|RAM~13904                                                  ; 32      ;
; Data_Memory:Shared_RAM_Bank1|RAM~13903                                                  ; 32      ;
; Data_Memory:Shared_RAM_Bank1|RAM~13902                                                  ; 32      ;
; Data_Memory:Shared_RAM_Bank1|RAM~13901                                                  ; 32      ;
; Data_Memory:Shared_RAM_Bank1|RAM~13900                                                  ; 32      ;
; Data_Memory:Shared_RAM_Bank1|RAM~13899                                                  ; 32      ;
; Data_Memory:Shared_RAM_Bank1|RAM~13898                                                  ; 32      ;
; Data_Memory:Shared_RAM_Bank1|RAM~13897                                                  ; 32      ;
; Data_Memory:Shared_RAM_Bank1|RAM~13896                                                  ; 32      ;
; Data_Memory:Shared_RAM_Bank1|RAM~13895                                                  ; 32      ;
; Data_Memory:Shared_RAM_Bank1|RAM~13894                                                  ; 32      ;
; Data_Memory:Shared_RAM_Bank1|RAM~13893                                                  ; 32      ;
; Data_Memory:Shared_RAM_Bank1|RAM~13892                                                  ; 32      ;
; Data_Memory:Shared_RAM_Bank1|RAM~13891                                                  ; 32      ;
; Data_Memory:Shared_RAM_Bank1|RAM~13890                                                  ; 32      ;
; Data_Memory:Shared_RAM_Bank1|RAM~13889                                                  ; 32      ;
; Data_Memory:Shared_RAM_Bank1|RAM~13888                                                  ; 32      ;
; Data_Memory:Shared_RAM_Bank1|RAM~13887                                                  ; 32      ;
; Data_Memory:Shared_RAM_Bank1|RAM~13886                                                  ; 32      ;
; Data_Memory:Shared_RAM_Bank1|RAM~13885                                                  ; 32      ;
; Data_Memory:Shared_RAM_Bank1|RAM~13884                                                  ; 32      ;
; Data_Memory:Shared_RAM_Bank1|RAM~13883                                                  ; 32      ;
; Data_Memory:Shared_RAM_Bank1|RAM~13882                                                  ; 32      ;
; Data_Memory:Shared_RAM_Bank1|RAM~13881                                                  ; 32      ;
; Data_Memory:Shared_RAM_Bank1|RAM~13880                                                  ; 32      ;
; Data_Memory:Shared_RAM_Bank1|RAM~13879                                                  ; 32      ;
; Data_Memory:Shared_RAM_Bank1|RAM~13878                                                  ; 32      ;
; Data_Memory:Shared_RAM_Bank1|RAM~13877                                                  ; 32      ;
; Data_Memory:Shared_RAM_Bank1|RAM~13876                                                  ; 32      ;
; Data_Memory:Shared_RAM_Bank1|RAM~13875                                                  ; 32      ;
; Data_Memory:Shared_RAM_Bank1|RAM~13874                                                  ; 32      ;
; Data_Memory:Shared_RAM_Bank1|RAM~13873                                                  ; 32      ;
; Data_Memory:Shared_RAM_Bank1|RAM~13872                                                  ; 32      ;
; Data_Memory:Shared_RAM_Bank1|RAM~13871                                                  ; 32      ;
; Data_Memory:Shared_RAM_Bank1|RAM~13870                                                  ; 32      ;
; Data_Memory:Shared_RAM_Bank1|RAM~13869                                                  ; 32      ;
; Data_Memory:Shared_RAM_Bank1|RAM~13868                                                  ; 32      ;
; Data_Memory:Shared_RAM_Bank1|RAM~13867                                                  ; 32      ;
; Data_Memory:Shared_RAM_Bank1|RAM~13866                                                  ; 32      ;
; Data_Memory:Shared_RAM_Bank1|RAM~13865                                                  ; 32      ;
; Data_Memory:Shared_RAM_Bank1|RAM~13864                                                  ; 32      ;
; Data_Memory:Shared_RAM_Bank1|RAM~13863                                                  ; 32      ;
; Data_Memory:Shared_RAM_Bank1|RAM~13862                                                  ; 32      ;
; Data_Memory:Shared_RAM_Bank1|RAM~13861                                                  ; 32      ;
; Data_Memory:Shared_RAM_Bank1|RAM~13860                                                  ; 32      ;
; Data_Memory:Shared_RAM_Bank1|RAM~13859                                                  ; 32      ;
; Data_Memory:Shared_RAM_Bank1|RAM~13857                                                  ; 32      ;
; Data_Memory:Shared_RAM_Bank1|RAM~13855                                                  ; 32      ;
; Data_Memory:Shared_RAM_Bank1|RAM~13853                                                  ; 32      ;
; Data_Memory:Shared_RAM_Bank1|RAM~13851                                                  ; 32      ;
; Data_Memory:Shared_RAM_Bank1|RAM~13850                                                  ; 32      ;
; Data_Memory:Shared_RAM_Bank1|RAM~13849                                                  ; 32      ;
; Data_Memory:Shared_RAM_Bank1|RAM~13848                                                  ; 32      ;
; Data_Memory:Shared_RAM_Bank1|RAM~13847                                                  ; 32      ;
; Data_Memory:Shared_RAM_Bank1|RAM~13846                                                  ; 32      ;
; Data_Memory:Shared_RAM_Bank1|RAM~13845                                                  ; 32      ;
; Data_Memory:Shared_RAM_Bank1|RAM~13844                                                  ; 32      ;
; Data_Memory:Shared_RAM_Bank1|RAM~13843                                                  ; 32      ;
; Data_Memory:Shared_RAM_Bank1|RAM~13842                                                  ; 32      ;
; Data_Memory:Shared_RAM_Bank1|RAM~13841                                                  ; 32      ;
; Data_Memory:Shared_RAM_Bank1|RAM~13840                                                  ; 32      ;
; Data_Memory:Shared_RAM_Bank1|RAM~13839                                                  ; 32      ;
; Data_Memory:Shared_RAM_Bank1|RAM~13838                                                  ; 32      ;
; Data_Memory:Shared_RAM_Bank1|RAM~13837                                                  ; 32      ;
; Data_Memory:Shared_RAM_Bank1|RAM~13836                                                  ; 32      ;
; Data_Memory:Shared_RAM_Bank1|RAM~13834                                                  ; 32      ;
; Data_Memory:Shared_RAM_Bank1|RAM~13833                                                  ; 32      ;
; Data_Memory:Shared_RAM_Bank1|RAM~13832                                                  ; 32      ;
; Data_Memory:Shared_RAM_Bank1|RAM~13831                                                  ; 32      ;
; Data_Memory:Shared_RAM_Bank1|RAM~13830                                                  ; 32      ;
; Data_Memory:Shared_RAM_Bank1|RAM~13829                                                  ; 32      ;
; Data_Memory:Shared_RAM_Bank1|RAM~13828                                                  ; 32      ;
; Data_Memory:Shared_RAM_Bank1|RAM~13827                                                  ; 32      ;
; Data_Memory:Shared_RAM_Bank1|RAM~13826                                                  ; 32      ;
; Data_Memory:Shared_RAM_Bank1|RAM~13825                                                  ; 32      ;
; Data_Memory:Shared_RAM_Bank1|RAM~13824                                                  ; 32      ;
; Data_Memory:Shared_RAM_Bank1|RAM~13823                                                  ; 32      ;
; Data_Memory:Shared_RAM_Bank1|RAM~13822                                                  ; 32      ;
; Data_Memory:Shared_RAM_Bank1|RAM~13821                                                  ; 32      ;
; Data_Memory:Shared_RAM_Bank1|RAM~13820                                                  ; 32      ;
; Data_Memory:Shared_RAM_Bank1|RAM~13819                                                  ; 32      ;
; Data_Memory:Shared_RAM_Bank1|RAM~13817                                                  ; 32      ;
; Data_Memory:Shared_RAM_Bank1|RAM~13816                                                  ; 32      ;
; Data_Memory:Shared_RAM_Bank1|RAM~13815                                                  ; 32      ;
; Data_Memory:Shared_RAM_Bank1|RAM~13814                                                  ; 32      ;
; Data_Memory:Shared_RAM_Bank1|RAM~13813                                                  ; 32      ;
; Data_Memory:Shared_RAM_Bank1|RAM~13812                                                  ; 32      ;
; Data_Memory:Shared_RAM_Bank1|RAM~13811                                                  ; 32      ;
; Data_Memory:Shared_RAM_Bank1|RAM~13810                                                  ; 32      ;
; Data_Memory:Shared_RAM_Bank1|RAM~13809                                                  ; 32      ;
; Data_Memory:Shared_RAM_Bank1|RAM~13808                                                  ; 32      ;
; Data_Memory:Shared_RAM_Bank1|RAM~13807                                                  ; 32      ;
; Data_Memory:Shared_RAM_Bank1|RAM~13806                                                  ; 32      ;
; Data_Memory:Shared_RAM_Bank1|RAM~13805                                                  ; 32      ;
; Data_Memory:Shared_RAM_Bank1|RAM~13804                                                  ; 32      ;
; Data_Memory:Shared_RAM_Bank1|RAM~13803                                                  ; 32      ;
; Data_Memory:Shared_RAM_Bank1|RAM~13802                                                  ; 32      ;
; Data_Memory:Shared_RAM_Bank1|RAM~13800                                                  ; 32      ;
; Data_Memory:Shared_RAM_Bank1|RAM~13799                                                  ; 32      ;
; Data_Memory:Shared_RAM_Bank1|RAM~13798                                                  ; 32      ;
; Data_Memory:Shared_RAM_Bank1|RAM~13797                                                  ; 32      ;
; Data_Memory:Shared_RAM_Bank1|RAM~13796                                                  ; 32      ;
; Data_Memory:Shared_RAM_Bank1|RAM~13795                                                  ; 32      ;
; Data_Memory:Shared_RAM_Bank1|RAM~13794                                                  ; 32      ;
; Data_Memory:Shared_RAM_Bank1|RAM~13793                                                  ; 32      ;
; Data_Memory:Shared_RAM_Bank1|RAM~13792                                                  ; 32      ;
; Data_Memory:Shared_RAM_Bank1|RAM~13791                                                  ; 32      ;
; Data_Memory:Shared_RAM_Bank1|RAM~13790                                                  ; 32      ;
; Data_Memory:Shared_RAM_Bank1|RAM~13789                                                  ; 32      ;
; Data_Memory:Shared_RAM_Bank1|RAM~13788                                                  ; 32      ;
; Data_Memory:Shared_RAM_Bank1|RAM~13787                                                  ; 32      ;
; Data_Memory:Shared_RAM_Bank1|RAM~13786                                                  ; 32      ;
; Data_Memory:Shared_RAM_Bank1|RAM~13785                                                  ; 32      ;
; Data_Memory:Shared_RAM_Bank1|RAM~13783                                                  ; 32      ;
; Data_Memory:Shared_RAM_Bank1|RAM~13782                                                  ; 32      ;
; Data_Memory:Shared_RAM_Bank1|RAM~13781                                                  ; 32      ;
; Data_Memory:Shared_RAM_Bank1|RAM~13780                                                  ; 32      ;
; Data_Memory:Shared_RAM_Bank1|RAM~13779                                                  ; 32      ;
; Data_Memory:Shared_RAM_Bank1|RAM~13778                                                  ; 32      ;
; Data_Memory:Shared_RAM_Bank1|RAM~13777                                                  ; 32      ;
; Data_Memory:Shared_RAM_Bank1|RAM~13776                                                  ; 32      ;
; Data_Memory:Shared_RAM_Bank1|RAM~13775                                                  ; 32      ;
; Data_Memory:Shared_RAM_Bank1|RAM~13774                                                  ; 32      ;
; Data_Memory:Shared_RAM_Bank1|RAM~13773                                                  ; 32      ;
; Data_Memory:Shared_RAM_Bank1|RAM~13772                                                  ; 32      ;
; Data_Memory:Shared_RAM_Bank1|RAM~13771                                                  ; 32      ;
; Data_Memory:Shared_RAM_Bank1|RAM~13770                                                  ; 32      ;
; Data_Memory:Shared_RAM_Bank1|RAM~13769                                                  ; 32      ;
; Data_Memory:Shared_RAM_Bank1|RAM~13768                                                  ; 32      ;
; Data_Memory:Shared_RAM_Bank1|RAM~13766                                                  ; 32      ;
; Data_Memory:Shared_RAM_Bank1|RAM~13765                                                  ; 32      ;
; Data_Memory:Shared_RAM_Bank1|RAM~13764                                                  ; 32      ;
; Data_Memory:Shared_RAM_Bank1|RAM~13763                                                  ; 32      ;
; Data_Memory:Shared_RAM_Bank1|RAM~13762                                                  ; 32      ;
; Data_Memory:Shared_RAM_Bank1|RAM~13761                                                  ; 32      ;
; Data_Memory:Shared_RAM_Bank1|RAM~13760                                                  ; 32      ;
; Data_Memory:Shared_RAM_Bank1|RAM~13759                                                  ; 32      ;
; Data_Memory:Shared_RAM_Bank1|RAM~13758                                                  ; 32      ;
; Data_Memory:Shared_RAM_Bank1|RAM~13757                                                  ; 32      ;
; Data_Memory:Shared_RAM_Bank1|RAM~13756                                                  ; 32      ;
; Data_Memory:Shared_RAM_Bank1|RAM~13755                                                  ; 32      ;
; Data_Memory:Shared_RAM_Bank1|RAM~13754                                                  ; 32      ;
; Data_Memory:Shared_RAM_Bank1|RAM~13753                                                  ; 32      ;
; Data_Memory:Shared_RAM_Bank1|RAM~13752                                                  ; 32      ;
; Data_Memory:Shared_RAM_Bank1|RAM~13751                                                  ; 32      ;
; Data_Memory:Shared_RAM_Bank1|RAM~13749                                                  ; 32      ;
; Data_Memory:Shared_RAM_Bank1|RAM~13748                                                  ; 32      ;
; Data_Memory:Shared_RAM_Bank1|RAM~13747                                                  ; 32      ;
; Data_Memory:Shared_RAM_Bank1|RAM~13746                                                  ; 32      ;
; Data_Memory:Shared_RAM_Bank1|RAM~13745                                                  ; 32      ;
; Data_Memory:Shared_RAM_Bank1|RAM~13744                                                  ; 32      ;
; Data_Memory:Shared_RAM_Bank1|RAM~13743                                                  ; 32      ;
; Data_Memory:Shared_RAM_Bank1|RAM~13742                                                  ; 32      ;
; Data_Memory:Shared_RAM_Bank1|RAM~13741                                                  ; 32      ;
; Data_Memory:Shared_RAM_Bank1|RAM~13740                                                  ; 32      ;
; Data_Memory:Shared_RAM_Bank1|RAM~13739                                                  ; 32      ;
; Data_Memory:Shared_RAM_Bank1|RAM~13738                                                  ; 32      ;
; Data_Memory:Shared_RAM_Bank1|RAM~13737                                                  ; 32      ;
; Data_Memory:Shared_RAM_Bank1|RAM~13736                                                  ; 32      ;
; Data_Memory:Shared_RAM_Bank1|RAM~13735                                                  ; 32      ;
; Data_Memory:Shared_RAM_Bank1|RAM~13734                                                  ; 32      ;
; Data_Memory:Shared_RAM_Bank1|RAM~13732                                                  ; 32      ;
; Data_Memory:Shared_RAM_Bank1|RAM~13731                                                  ; 32      ;
; Data_Memory:Shared_RAM_Bank1|RAM~13730                                                  ; 32      ;
; Data_Memory:Shared_RAM_Bank1|RAM~13729                                                  ; 32      ;
; Data_Memory:Shared_RAM_Bank1|RAM~13728                                                  ; 32      ;
; Data_Memory:Shared_RAM_Bank1|RAM~13727                                                  ; 32      ;
; Data_Memory:Shared_RAM_Bank1|RAM~13726                                                  ; 32      ;
; Data_Memory:Shared_RAM_Bank1|RAM~13725                                                  ; 32      ;
; Data_Memory:Shared_RAM_Bank1|RAM~13724                                                  ; 32      ;
; Data_Memory:Shared_RAM_Bank1|RAM~13723                                                  ; 32      ;
; Data_Memory:Shared_RAM_Bank1|RAM~13722                                                  ; 32      ;
; Data_Memory:Shared_RAM_Bank1|RAM~13721                                                  ; 32      ;
; Data_Memory:Shared_RAM_Bank1|RAM~13720                                                  ; 32      ;
; Data_Memory:Shared_RAM_Bank1|RAM~13719                                                  ; 32      ;
; Data_Memory:Shared_RAM_Bank1|RAM~13718                                                  ; 32      ;
; Data_Memory:Shared_RAM_Bank1|RAM~13717                                                  ; 32      ;
; Data_Memory:Shared_RAM_Bank1|RAM~13715                                                  ; 32      ;
; Data_Memory:Shared_RAM_Bank1|RAM~13714                                                  ; 32      ;
; Data_Memory:Shared_RAM_Bank1|RAM~13713                                                  ; 32      ;
; Data_Memory:Shared_RAM_Bank1|RAM~13712                                                  ; 32      ;
; Data_Memory:Shared_RAM_Bank1|RAM~13711                                                  ; 32      ;
; Data_Memory:Shared_RAM_Bank1|RAM~13710                                                  ; 32      ;
; Data_Memory:Shared_RAM_Bank1|RAM~13709                                                  ; 32      ;
; Data_Memory:Shared_RAM_Bank1|RAM~13708                                                  ; 32      ;
; Data_Memory:Shared_RAM_Bank1|RAM~13707                                                  ; 32      ;
; Data_Memory:Shared_RAM_Bank1|RAM~13706                                                  ; 32      ;
; Data_Memory:Shared_RAM_Bank1|RAM~13705                                                  ; 32      ;
; Data_Memory:Shared_RAM_Bank1|RAM~13704                                                  ; 32      ;
; Data_Memory:Shared_RAM_Bank1|RAM~13703                                                  ; 32      ;
; Data_Memory:Shared_RAM_Bank1|RAM~13701                                                  ; 32      ;
; Data_Memory:Shared_RAM_Bank1|RAM~13699                                                  ; 32      ;
; Data_Memory:Shared_RAM_Bank1|RAM~13697                                                  ; 32      ;
; Data_Memory:Shared_RAM_Bank1|RAM~13695                                                  ; 32      ;
; Data_Memory:Shared_RAM_Bank1|RAM~13694                                                  ; 32      ;
; Data_Memory:Shared_RAM_Bank1|RAM~13693                                                  ; 32      ;
; Data_Memory:Shared_RAM_Bank1|RAM~13692                                                  ; 32      ;
; Data_Memory:Shared_RAM_Bank1|RAM~13691                                                  ; 32      ;
; Data_Memory:Shared_RAM_Bank1|RAM~13690                                                  ; 32      ;
; Data_Memory:Shared_RAM_Bank1|RAM~13689                                                  ; 32      ;
; Data_Memory:Shared_RAM_Bank1|RAM~13688                                                  ; 32      ;
; Data_Memory:Shared_RAM_Bank1|RAM~13687                                                  ; 32      ;
; Data_Memory:Shared_RAM_Bank1|RAM~13686                                                  ; 32      ;
; Data_Memory:Shared_RAM_Bank1|RAM~13685                                                  ; 32      ;
; Data_Memory:Shared_RAM_Bank1|RAM~13684                                                  ; 32      ;
; Data_Memory:Shared_RAM_Bank1|RAM~13683                                                  ; 32      ;
; Data_Memory:Shared_RAM_Bank1|RAM~13681                                                  ; 32      ;
; Data_Memory:Shared_RAM_Bank1|RAM~13679                                                  ; 32      ;
; Data_Memory:Shared_RAM_Bank1|RAM~13677                                                  ; 32      ;
; Data_Memory:Shared_RAM_Bank1|RAM~13675                                                  ; 32      ;
; Data_Memory:Shared_RAM_Bank1|RAM~13674                                                  ; 32      ;
; Data_Memory:Shared_RAM_Bank1|RAM~13673                                                  ; 32      ;
; Data_Memory:Shared_RAM_Bank1|RAM~13672                                                  ; 32      ;
; Data_Memory:Shared_RAM_Bank1|RAM~13671                                                  ; 32      ;
; Data_Memory:Shared_RAM_Bank1|RAM~13670                                                  ; 32      ;
; Data_Memory:Shared_RAM_Bank1|RAM~13669                                                  ; 32      ;
; Data_Memory:Shared_RAM_Bank1|RAM~13668                                                  ; 32      ;
; Data_Memory:Shared_RAM_Bank1|RAM~13667                                                  ; 32      ;
; Data_Memory:Shared_RAM_Bank1|RAM~13666                                                  ; 32      ;
; Data_Memory:Shared_RAM_Bank1|RAM~13665                                                  ; 32      ;
; Data_Memory:Shared_RAM_Bank1|RAM~13664                                                  ; 32      ;
; Data_Memory:Shared_RAM_Bank1|RAM~13663                                                  ; 32      ;
; Data_Memory:Shared_RAM_Bank1|RAM~13661                                                  ; 32      ;
; Data_Memory:Shared_RAM_Bank1|RAM~13659                                                  ; 32      ;
; Data_Memory:Shared_RAM_Bank1|RAM~13657                                                  ; 32      ;
; Data_Memory:Shared_RAM_Bank1|RAM~13655                                                  ; 32      ;
; Data_Memory:Shared_RAM_Bank1|RAM~13654                                                  ; 32      ;
; Data_Memory:Shared_RAM_Bank1|RAM~13653                                                  ; 32      ;
; Data_Memory:Shared_RAM_Bank1|RAM~13652                                                  ; 32      ;
; Data_Memory:Shared_RAM_Bank1|RAM~13650                                                  ; 32      ;
; Data_Memory:Shared_RAM_Bank1|RAM~13649                                                  ; 32      ;
; Data_Memory:Shared_RAM_Bank1|RAM~13648                                                  ; 32      ;
; Data_Memory:Shared_RAM_Bank1|RAM~13647                                                  ; 32      ;
; Data_Memory:Shared_RAM_Bank1|RAM~13645                                                  ; 32      ;
; Data_Memory:Shared_RAM_Bank1|RAM~13644                                                  ; 32      ;
; Data_Memory:Shared_RAM_Bank1|RAM~13643                                                  ; 32      ;
; Data_Memory:Shared_RAM_Bank1|RAM~13642                                                  ; 32      ;
; Data_Memory:Shared_RAM_Bank1|RAM~13640                                                  ; 32      ;
; Data_Memory:Shared_RAM_Bank1|RAM~13638                                                  ; 32      ;
; Data_Memory:Shared_RAM_Bank1|RAM~13636                                                  ; 32      ;
; Data_Memory:Shared_RAM_Bank1|RAM~13634                                                  ; 32      ;
; crossbar_2x3:Interconnect|s1_wdata[0]~1                                                 ; 32      ;
; InterCore_Ctrl:ICC_Inst|mailbox_0to1[0]~0                                               ; 32      ;
; InterCore_Ctrl:ICC_Inst|mailbox_1to0[0]~0                                               ; 32      ;
; crossbar_2x3:Interconnect|s2_wdata[8]~1                                                 ; 32      ;
; RISCV_Core:Core_1|Control_Unit:Control|Main_Decoder:Main_Decoder|WideOr1~2              ; 32      ;
; RISCV_Core:Core_1|Core_Datapath:Datapath|Result_Mux:Result_Mux_inst|Result[19]~66       ; 32      ;
; RISCV_Core:Core_1|Core_Datapath:Datapath|Result_Mux:Result_Mux_inst|Result[19]~65       ; 32      ;
; RISCV_Core:Core_0|Core_Datapath:Datapath|Register_File:Register_inst|REG_MEM_BLOCK~2460 ; 32      ;
; RISCV_Core:Core_0|Core_Datapath:Datapath|Register_File:Register_inst|REG_MEM_BLOCK~2459 ; 32      ;
; RISCV_Core:Core_0|Core_Datapath:Datapath|Register_File:Register_inst|REG_MEM_BLOCK~2458 ; 32      ;
; RISCV_Core:Core_0|Core_Datapath:Datapath|Register_File:Register_inst|REG_MEM_BLOCK~2457 ; 32      ;
; RISCV_Core:Core_0|Core_Datapath:Datapath|Register_File:Register_inst|REG_MEM_BLOCK~2456 ; 32      ;
; RISCV_Core:Core_0|Core_Datapath:Datapath|Register_File:Register_inst|REG_MEM_BLOCK~2455 ; 32      ;
; RISCV_Core:Core_0|Core_Datapath:Datapath|Register_File:Register_inst|REG_MEM_BLOCK~2454 ; 32      ;
; RISCV_Core:Core_0|Core_Datapath:Datapath|Register_File:Register_inst|REG_MEM_BLOCK~2453 ; 32      ;
; RISCV_Core:Core_0|Core_Datapath:Datapath|Register_File:Register_inst|REG_MEM_BLOCK~2452 ; 32      ;
; RISCV_Core:Core_0|Core_Datapath:Datapath|Register_File:Register_inst|REG_MEM_BLOCK~2451 ; 32      ;
; RISCV_Core:Core_0|Core_Datapath:Datapath|Register_File:Register_inst|REG_MEM_BLOCK~2450 ; 32      ;
; RISCV_Core:Core_0|Core_Datapath:Datapath|Register_File:Register_inst|REG_MEM_BLOCK~2449 ; 32      ;
; RISCV_Core:Core_0|Core_Datapath:Datapath|Register_File:Register_inst|REG_MEM_BLOCK~2448 ; 32      ;
; RISCV_Core:Core_0|Core_Datapath:Datapath|Register_File:Register_inst|REG_MEM_BLOCK~2447 ; 32      ;
; RISCV_Core:Core_0|Core_Datapath:Datapath|Register_File:Register_inst|REG_MEM_BLOCK~2446 ; 32      ;
; RISCV_Core:Core_0|Core_Datapath:Datapath|Register_File:Register_inst|REG_MEM_BLOCK~2445 ; 32      ;
; RISCV_Core:Core_0|Core_Datapath:Datapath|Register_File:Register_inst|REG_MEM_BLOCK~2444 ; 32      ;
; RISCV_Core:Core_0|Core_Datapath:Datapath|Register_File:Register_inst|REG_MEM_BLOCK~2442 ; 32      ;
; RISCV_Core:Core_0|Core_Datapath:Datapath|Register_File:Register_inst|REG_MEM_BLOCK~2440 ; 32      ;
; RISCV_Core:Core_0|Core_Datapath:Datapath|Register_File:Register_inst|REG_MEM_BLOCK~2438 ; 32      ;
; RISCV_Core:Core_0|Core_Datapath:Datapath|Register_File:Register_inst|REG_MEM_BLOCK~2436 ; 32      ;
; RISCV_Core:Core_0|Core_Datapath:Datapath|Register_File:Register_inst|REG_MEM_BLOCK~2434 ; 32      ;
; RISCV_Core:Core_0|Core_Datapath:Datapath|Register_File:Register_inst|REG_MEM_BLOCK~2432 ; 32      ;
; RISCV_Core:Core_0|Core_Datapath:Datapath|Register_File:Register_inst|REG_MEM_BLOCK~2430 ; 32      ;
; RISCV_Core:Core_0|Core_Datapath:Datapath|Register_File:Register_inst|REG_MEM_BLOCK~2428 ; 32      ;
; RISCV_Core:Core_0|Core_Datapath:Datapath|Register_File:Register_inst|REG_MEM_BLOCK~2426 ; 32      ;
; RISCV_Core:Core_0|Core_Datapath:Datapath|Register_File:Register_inst|REG_MEM_BLOCK~2424 ; 32      ;
; RISCV_Core:Core_0|Core_Datapath:Datapath|Register_File:Register_inst|REG_MEM_BLOCK~2422 ; 32      ;
; RISCV_Core:Core_0|Core_Datapath:Datapath|Register_File:Register_inst|REG_MEM_BLOCK~2420 ; 32      ;
; RISCV_Core:Core_0|Core_Datapath:Datapath|Register_File:Register_inst|REG_MEM_BLOCK~2418 ; 32      ;
; RISCV_Core:Core_0|Core_Datapath:Datapath|Register_File:Register_inst|REG_MEM_BLOCK~2416 ; 32      ;
; RISCV_Core:Core_0|Core_Datapath:Datapath|Register_File:Register_inst|REG_MEM_BLOCK~2414 ; 32      ;
; RISCV_Core:Core_0|Control_Unit:Control|Main_Decoder:Main_Decoder|WideOr1~2              ; 32      ;
; RISCV_Core:Core_0|Core_Datapath:Datapath|Result_Mux:Result_Mux_inst|Result[30]~66       ; 32      ;
; RISCV_Core:Core_0|Core_Datapath:Datapath|Result_Mux:Result_Mux_inst|Result[30]~65       ; 32      ;
; RISCV_Core:Core_1|Core_Datapath:Datapath|ALU:ALU_inst|Selector20~21                     ; 31      ;
; RISCV_Core:Core_1|Control_Unit:Control|PCSrc                                            ; 31      ;
; InterCore_Ctrl:ICC_Inst|always1~0                                                       ; 31      ;
; RISCV_Core:Core_0|Control_Unit:Control|PCSrc~2                                          ; 31      ;
; RISCV_Core:Core_0|Core_Datapath:Datapath|ALU:ALU_inst|Selector19~5                      ; 31      ;
; RISCV_Core:Core_0|Core_Datapath:Datapath|ALU_Mux:ALU_Mux_inst|B[11]~2                   ; 31      ;
; RISCV_Core:Core_1|Control_Unit:Control|ALU_decoder:ALU_decoder|Mux2~0                   ; 30      ;
; RISCV_Core:Core_0|Control_Unit:Control|ALU_decoder:ALU_decoder|Mux2~0                   ; 28      ;
; Instruction_Memory:ROM_Core1|I_MEM_BLOCK~199                                            ; 28      ;
; RISCV_Core:Core_1|Core_Datapath:Datapath|ALU:ALU_inst|ShiftLeft0~32                     ; 27      ;
; Instruction_Memory:ROM_Core0|I_MEM_BLOCK~110                                            ; 27      ;
; Instruction_Memory:ROM_Core0|I_MEM_BLOCK~97                                             ; 27      ;
; Instruction_Memory:ROM_Core1|I_MEM_BLOCK~219                                            ; 26      ;
; Instruction_Memory:ROM_Core1|I_MEM_BLOCK~132                                            ; 26      ;
; RISCV_Core:Core_0|Core_Datapath:Datapath|ALU:ALU_inst|ShiftLeft0~21                     ; 26      ;
; RISCV_Core:Core_0|Core_Datapath:Datapath|Register_File:Register_inst|REG_MEM_BLOCK~2493 ; 25      ;
; RISCV_Core:Core_1|Core_Datapath:Datapath|ALU:ALU_inst|Selector28~11                     ; 25      ;
; RISCV_Core:Core_1|Core_Datapath:Datapath|Register_File:Register_inst|REG_MEM_BLOCK~2441 ; 25      ;
; Instruction_Memory:ROM_Core0|I_MEM_BLOCK~67                                             ; 24      ;
; RISCV_Core:Core_1|Core_Datapath:Datapath|ALU:ALU_inst|Selector20~20                     ; 23      ;
; RISCV_Core:Core_0|Core_Datapath:Datapath|ALU:ALU_inst|Selector19~4                      ; 23      ;
; Instruction_Memory:ROM_Core0|I_MEM_BLOCK~163                                            ; 22      ;
; Instruction_Memory:ROM_Core1|I_MEM_BLOCK~231                                            ; 20      ;
; RISCV_Core:Core_1|Core_Datapath:Datapath|ALU_Mux:ALU_Mux_inst|B[11]~6                   ; 20      ;
; Instruction_Memory:ROM_Core1|I_MEM_BLOCK~158                                            ; 20      ;
; Instruction_Memory:ROM_Core0|I_MEM_BLOCK~239                                            ; 20      ;
; RISCV_Core:Core_0|Core_Datapath:Datapath|ALU_Mux:ALU_Mux_inst|B[11]~4                   ; 20      ;
; RISCV_Core:Core_0|Core_Datapath:Datapath|Extend:Extend_inst|Equal0~0                    ; 19      ;
; Instruction_Memory:ROM_Core0|I_MEM_BLOCK~141                                            ; 19      ;
; RISCV_Core:Core_0|Control_Unit:Control|Main_Decoder:Main_Decoder|WideOr13~3             ; 18      ;
; RISCV_Core:Core_1|Core_Datapath:Datapath|Extend:Extend_inst|Equal0~0                    ; 18      ;
; Instruction_Memory:ROM_Core1|I_MEM_BLOCK~145                                            ; 18      ;
; RISCV_Core:Core_1|Control_Unit:Control|Main_Decoder:Main_Decoder|WideOr13~1             ; 17      ;
; Data_Memory:Shared_RAM_Bank0|RAM~13858                                                  ; 16      ;
; Data_Memory:Shared_RAM_Bank0|RAM~13856                                                  ; 16      ;
; Data_Memory:Shared_RAM_Bank0|RAM~13854                                                  ; 16      ;
; Data_Memory:Shared_RAM_Bank0|RAM~13852                                                  ; 16      ;
; Data_Memory:Shared_RAM_Bank0|RAM~13835                                                  ; 16      ;
; Data_Memory:Shared_RAM_Bank0|RAM~13818                                                  ; 16      ;
; Data_Memory:Shared_RAM_Bank0|RAM~13801                                                  ; 16      ;
; Data_Memory:Shared_RAM_Bank0|RAM~13784                                                  ; 16      ;
; Data_Memory:Shared_RAM_Bank0|RAM~13767                                                  ; 16      ;
; Data_Memory:Shared_RAM_Bank0|RAM~13750                                                  ; 16      ;
; Data_Memory:Shared_RAM_Bank0|RAM~13733                                                  ; 16      ;
; Data_Memory:Shared_RAM_Bank0|RAM~13716                                                  ; 16      ;
; Data_Memory:Shared_RAM_Bank0|RAM~13702                                                  ; 16      ;
; Data_Memory:Shared_RAM_Bank0|RAM~13700                                                  ; 16      ;
; Data_Memory:Shared_RAM_Bank0|RAM~13698                                                  ; 16      ;
; Data_Memory:Shared_RAM_Bank0|RAM~13696                                                  ; 16      ;
; Data_Memory:Shared_RAM_Bank0|RAM~13682                                                  ; 16      ;
; Data_Memory:Shared_RAM_Bank0|RAM~13680                                                  ; 16      ;
; Data_Memory:Shared_RAM_Bank0|RAM~13678                                                  ; 16      ;
; Data_Memory:Shared_RAM_Bank0|RAM~13676                                                  ; 16      ;
; Data_Memory:Shared_RAM_Bank0|RAM~13662                                                  ; 16      ;
; Data_Memory:Shared_RAM_Bank0|RAM~13660                                                  ; 16      ;
; Data_Memory:Shared_RAM_Bank0|RAM~13658                                                  ; 16      ;
; Data_Memory:Shared_RAM_Bank0|RAM~13656                                                  ; 16      ;
; Data_Memory:Shared_RAM_Bank0|RAM~13651                                                  ; 16      ;
; Data_Memory:Shared_RAM_Bank0|RAM~13646                                                  ; 16      ;
; Data_Memory:Shared_RAM_Bank0|RAM~13641                                                  ; 16      ;
; Data_Memory:Shared_RAM_Bank0|RAM~13639                                                  ; 16      ;
; Data_Memory:Shared_RAM_Bank0|RAM~13637                                                  ; 16      ;
; Data_Memory:Shared_RAM_Bank0|RAM~13635                                                  ; 16      ;
; Data_Memory:Shared_RAM_Bank0|RAM~13633                                                  ; 16      ;
; Data_Memory:Shared_RAM_Bank0|RAM~13632                                                  ; 16      ;
; Data_Memory:Shared_RAM_Bank1|RAM~13858                                                  ; 16      ;
; Data_Memory:Shared_RAM_Bank1|RAM~13856                                                  ; 16      ;
; Data_Memory:Shared_RAM_Bank1|RAM~13854                                                  ; 16      ;
; Data_Memory:Shared_RAM_Bank1|RAM~13852                                                  ; 16      ;
; Data_Memory:Shared_RAM_Bank1|RAM~13835                                                  ; 16      ;
; Data_Memory:Shared_RAM_Bank1|RAM~13818                                                  ; 16      ;
; Data_Memory:Shared_RAM_Bank1|RAM~13801                                                  ; 16      ;
; Data_Memory:Shared_RAM_Bank1|RAM~13784                                                  ; 16      ;
; Data_Memory:Shared_RAM_Bank1|RAM~13767                                                  ; 16      ;
; Data_Memory:Shared_RAM_Bank1|RAM~13750                                                  ; 16      ;
; Data_Memory:Shared_RAM_Bank1|RAM~13733                                                  ; 16      ;
; Data_Memory:Shared_RAM_Bank1|RAM~13716                                                  ; 16      ;
; Data_Memory:Shared_RAM_Bank1|RAM~13702                                                  ; 16      ;
; Data_Memory:Shared_RAM_Bank1|RAM~13700                                                  ; 16      ;
; Data_Memory:Shared_RAM_Bank1|RAM~13698                                                  ; 16      ;
; Data_Memory:Shared_RAM_Bank1|RAM~13696                                                  ; 16      ;
; Data_Memory:Shared_RAM_Bank1|RAM~13682                                                  ; 16      ;
; Data_Memory:Shared_RAM_Bank1|RAM~13680                                                  ; 16      ;
; Data_Memory:Shared_RAM_Bank1|RAM~13678                                                  ; 16      ;
; Data_Memory:Shared_RAM_Bank1|RAM~13676                                                  ; 16      ;
; Data_Memory:Shared_RAM_Bank1|RAM~13662                                                  ; 16      ;
; Data_Memory:Shared_RAM_Bank1|RAM~13660                                                  ; 16      ;
; Data_Memory:Shared_RAM_Bank1|RAM~13658                                                  ; 16      ;
; Data_Memory:Shared_RAM_Bank1|RAM~13656                                                  ; 16      ;
; Data_Memory:Shared_RAM_Bank1|RAM~13651                                                  ; 16      ;
; Data_Memory:Shared_RAM_Bank1|RAM~13646                                                  ; 16      ;
; Data_Memory:Shared_RAM_Bank1|RAM~13641                                                  ; 16      ;
; Data_Memory:Shared_RAM_Bank1|RAM~13639                                                  ; 16      ;
; Data_Memory:Shared_RAM_Bank1|RAM~13637                                                  ; 16      ;
; Data_Memory:Shared_RAM_Bank1|RAM~13635                                                  ; 16      ;
; Data_Memory:Shared_RAM_Bank1|RAM~13633                                                  ; 16      ;
; Data_Memory:Shared_RAM_Bank1|RAM~13632                                                  ; 16      ;
; Instruction_Memory:ROM_Core1|I_MEM_BLOCK~347                                            ; 16      ;
; Instruction_Memory:ROM_Core1|I_MEM_BLOCK~346                                            ; 16      ;
; Instruction_Memory:ROM_Core1|I_MEM_BLOCK~345                                            ; 16      ;
; Instruction_Memory:ROM_Core1|I_MEM_BLOCK~344                                            ; 16      ;
; Instruction_Memory:ROM_Core0|I_MEM_BLOCK~353                                            ; 16      ;
; Instruction_Memory:ROM_Core0|I_MEM_BLOCK~352                                            ; 16      ;
; Instruction_Memory:ROM_Core0|I_MEM_BLOCK~351                                            ; 16      ;
; Instruction_Memory:ROM_Core0|I_MEM_BLOCK~350                                            ; 16      ;
; Instruction_Memory:ROM_Core1|I_MEM_BLOCK~120                                            ; 16      ;
; RISCV_Core:Core_1|Control_Unit:Control|Main_Decoder:Main_Decoder|WideOr7~0              ; 16      ;
; RISCV_Core:Core_0|Core_Datapath:Datapath|ALU:ALU_inst|Selector28~28                     ; 14      ;
; crossbar_2x3:Interconnect|s2_wdata[8]~0                                                 ; 14      ;
; RISCV_Core:Core_1|Core_Datapath:Datapath|ALU:ALU_inst|Selector9~2                       ; 14      ;
; RISCV_Core:Core_0|Core_Datapath:Datapath|ALU:ALU_inst|Selector11~2                      ; 14      ;
; RISCV_Core:Core_1|Core_Datapath:Datapath|ALU:ALU_inst|Selector20~10                     ; 14      ;
; RISCV_Core:Core_0|Core_Datapath:Datapath|ALU:ALU_inst|Selector19~8                      ; 14      ;
; RISCV_Core:Core_1|Core_Datapath:Datapath|ALU:ALU_inst|Selector28~7                      ; 14      ;
; RISCV_Core:Core_0|Core_Datapath:Datapath|ALU:ALU_inst|Selector28~27                     ; 13      ;
; crossbar_2x3:Interconnect|s1_wdata[0]~0                                                 ; 13      ;
; RISCV_Core:Core_1|Core_Datapath:Datapath|ALU:ALU_inst|Selector9~1                       ; 13      ;
; RISCV_Core:Core_0|Core_Datapath:Datapath|ALU:ALU_inst|Selector11~1                      ; 13      ;
; RISCV_Core:Core_1|Core_Datapath:Datapath|ALU:ALU_inst|Selector28~6                      ; 13      ;
; RISCV_Core:Core_0|Core_Datapath:Datapath|ALU_Mux:ALU_Mux_inst|B[3]~40                   ; 13      ;
; Instruction_Memory:ROM_Core0|I_MEM_BLOCK~150                                            ; 12      ;
; RISCV_Core:Core_1|Equal0~28                                                             ; 11      ;
; RISCV_Core:Core_1|Core_Datapath:Datapath|ALU:ALU_inst|Selector14~9                      ; 11      ;
; RISCV_Core:Core_1|Core_Datapath:Datapath|ALU:ALU_inst|Selector28~5                      ; 11      ;
; RISCV_Core:Core_0|Core_Datapath:Datapath|ALU:ALU_inst|Selector28~11                     ; 11      ;
; RISCV_Core:Core_1|Core_Datapath:Datapath|ALU_Mux:ALU_Mux_inst|B[3]~41                   ; 11      ;
; InterCore_Ctrl:ICC_Inst|irq_core1                                                       ; 11      ;
; RISCV_Core:Core_0|Control_Unit:Control|Main_Decoder:Main_Decoder|WideOr11~1             ; 11      ;
; Instruction_Memory:ROM_Core0|I_MEM_BLOCK~100                                            ; 11      ;
; InterCore_Ctrl:ICC_Inst|irq_core0                                                       ; 11      ;
; RISCV_Core:Core_0|Equal0~30                                                             ; 10      ;
; crossbar_2x3:Interconnect|s0_wdata[0]~0                                                 ; 10      ;
; RISCV_Core:Core_0|Core_Datapath:Datapath|ALU:ALU_inst|Selector14~9                      ; 10      ;
; RISCV_Core:Core_1|Core_Datapath:Datapath|ALU_Mux:ALU_Mux_inst|B[2]~42                   ; 10      ;
; RISCV_Core:Core_0|Core_Datapath:Datapath|ALU_Mux:ALU_Mux_inst|B[2]~41                   ; 10      ;
; Instruction_Memory:ROM_Core1|I_MEM_BLOCK~220                                            ; 10      ;
; RISCV_Core:Core_1|ie_status                                                             ; 10      ;
; RISCV_Core:Core_0|ie_status                                                             ; 10      ;
; RISCV_Core:Core_1|Core_Datapath:Datapath|ALU:ALU_inst|Selector24~16                     ; 9       ;
; RISCV_Core:Core_0|Core_Datapath:Datapath|Register_File:Register_inst|REG_MEM_BLOCK~2494 ; 9       ;
; RISCV_Core:Core_0|Core_Datapath:Datapath|ALU:ALU_inst|ShiftRight1~85                    ; 9       ;
; RISCV_Core:Core_0|Core_Datapath:Datapath|Register_File:Register_inst|REG_MEM_BLOCK~2463 ; 9       ;
; RISCV_Core:Core_1|Core_Datapath:Datapath|ALU:ALU_inst|Selector4~10                      ; 9       ;
; RISCV_Core:Core_1|Core_Datapath:Datapath|ALU:ALU_inst|Selector5~7                       ; 9       ;
; RISCV_Core:Core_1|Core_Datapath:Datapath|ALU:ALU_inst|Selector24~6                      ; 9       ;
; RISCV_Core:Core_1|Core_Datapath:Datapath|ALU:ALU_inst|Selector24~4                      ; 9       ;
; RISCV_Core:Core_0|Core_Datapath:Datapath|ALU:ALU_inst|Selector27~11                     ; 9       ;
; RISCV_Core:Core_0|Core_Datapath:Datapath|ALU:ALU_inst|Selector27~7                      ; 9       ;
; RISCV_Core:Core_0|Core_Datapath:Datapath|ALU:ALU_inst|Selector27~0                      ; 9       ;
; RISCV_Core:Core_0|Core_Datapath:Datapath|ALU_Mux:ALU_Mux_inst|B[1]~42                   ; 9       ;
; RISCV_Core:Core_1|Control_Unit:Control|Main_Decoder:Main_Decoder|WideOr11~2             ; 9       ;
; RISCV_Core:Core_1|Core_Datapath:Datapath|Register_File:Register_inst|REG_MEM_BLOCK~2442 ; 9       ;
; RISCV_Core:Core_1|Core_Datapath:Datapath|Register_File:Register_inst|REG_MEM_BLOCK~2411 ; 9       ;
; RISCV_Core:Core_1|Core_Datapath:Datapath|ALU_Mux:ALU_Mux_inst|B[31]~7                   ; 9       ;
; RISCV_Core:Core_0|Core_Datapath:Datapath|ALU_Mux:ALU_Mux_inst|B[31]~5                   ; 9       ;
; Instruction_Memory:ROM_Core0|I_MEM_BLOCK~112                                            ; 9       ;
; RISCV_Core:Core_0|Core_Datapath:Datapath|Register_File:Register_inst|REG_MEM_BLOCK~2491 ; 8       ;
; RISCV_Core:Core_1|Core_Datapath:Datapath|ALU:ALU_inst|Selector3~8                       ; 8       ;
; RISCV_Core:Core_1|Core_Datapath:Datapath|ALU:ALU_inst|Selector20~8                      ; 8       ;
; RISCV_Core:Core_0|Core_Datapath:Datapath|ALU:ALU_inst|Selector19~6                      ; 8       ;
; RISCV_Core:Core_1|Core_Datapath:Datapath|ALU:ALU_inst|Selector24~7                      ; 8       ;
; RISCV_Core:Core_0|Core_Datapath:Datapath|ALU:ALU_inst|Selector27~12                     ; 8       ;
; RISCV_Core:Core_1|Core_Datapath:Datapath|Register_File:Register_inst|REG_MEM_BLOCK~2439 ; 8       ;
; RISCV_Core:Core_1|Core_Datapath:Datapath|ALU_Mux:ALU_Mux_inst|B[17]~22                  ; 8       ;
; RISCV_Core:Core_1|Core_Datapath:Datapath|Extend:Extend_inst|ImmExt[12]~16               ; 8       ;
; RISCV_Core:Core_1|Core_Datapath:Datapath|ALU_Mux:ALU_Mux_inst|B[28]~10                  ; 8       ;
; RISCV_Core:Core_1|Core_Datapath:Datapath|ALU_Mux:ALU_Mux_inst|B[29]~9                   ; 8       ;
; RISCV_Core:Core_0|Core_Datapath:Datapath|ALU_Mux:ALU_Mux_inst|B[17]~21                  ; 8       ;
; RISCV_Core:Core_0|Core_Datapath:Datapath|Extend:Extend_inst|ImmExt[14]~12               ; 8       ;
; RISCV_Core:Core_0|Core_Datapath:Datapath|ALU_Mux:ALU_Mux_inst|B[28]~8                   ; 8       ;
; RISCV_Core:Core_0|Core_Datapath:Datapath|ALU_Mux:ALU_Mux_inst|B[29]~7                   ; 8       ;
; Instruction_Memory:ROM_Core0|I_MEM_BLOCK~175                                            ; 8       ;
; Instruction_Memory:ROM_Core0|I_MEM_BLOCK~169                                            ; 8       ;
; RISCV_Core:Core_0|Equal1~0                                                              ; 8       ;
; Instruction_Memory:ROM_Core0|I_MEM_BLOCK~118                                            ; 8       ;
; Instruction_Memory:ROM_Core0|I_MEM_BLOCK~109                                            ; 8       ;
; RISCV_Core:Core_1|Core_Datapath:Datapath|ALU:ALU_inst|Selector20~22                     ; 7       ;
; RISCV_Core:Core_0|Core_Datapath:Datapath|ALU:ALU_inst|Selector19~17                     ; 7       ;
; crossbar_2x3:Interconnect|m0_req_s0                                                     ; 7       ;
; RISCV_Core:Core_1|Core_Datapath:Datapath|ALU:ALU_inst|ShiftRight1~87                    ; 7       ;
; RISCV_Core:Core_0|Core_Datapath:Datapath|Register_File:Register_inst|REG_MEM_BLOCK~2492 ; 7       ;
; RISCV_Core:Core_0|Core_Datapath:Datapath|Register_File:Register_inst|REG_MEM_BLOCK~2486 ; 7       ;
; RISCV_Core:Core_0|Core_Datapath:Datapath|Register_File:Register_inst|REG_MEM_BLOCK~2485 ; 7       ;
; crossbar_2x3:Interconnect|s2_write~0                                                    ; 7       ;
; crossbar_2x3:Interconnect|m1_req_s0                                                     ; 7       ;
; crossbar_2x3:Interconnect|m0_req_s2                                                     ; 7       ;
; crossbar_2x3:Interconnect|m1_req_s0~0                                                   ; 7       ;
; RISCV_Core:Core_1|Core_Datapath:Datapath|ALU:ALU_inst|Selector9~4                       ; 7       ;
+-----------------------------------------------------------------------------------------+---------+


+---------------------------------------------------------+
; Other Routing Usage Summary                             ;
+-----------------------------+---------------------------+
; Other Routing Resource Type ; Usage                     ;
+-----------------------------+---------------------------+
; Block interconnects         ; 53,699 / 116,715 ( 46 % ) ;
; C16 interconnects           ; 2,141 / 3,886 ( 55 % )    ;
; C4 interconnects            ; 49,769 / 73,752 ( 67 % )  ;
; Direct links                ; 2,263 / 116,715 ( 2 % )   ;
; Global clocks               ; 2 / 20 ( 10 % )           ;
; Local interconnects         ; 11,942 / 39,600 ( 30 % )  ;
; R24 interconnects           ; 2,068 / 3,777 ( 55 % )    ;
; R4 interconnects            ; 61,070 / 99,858 ( 61 % )  ;
+-----------------------------+---------------------------+


+------------------------------------------------------------------------------+
; LAB Logic Elements                                                           ;
+---------------------------------------------+--------------------------------+
; Number of Logic Elements  (Average = 13.00) ; Number of LABs  (Total = 2289) ;
+---------------------------------------------+--------------------------------+
; 1                                           ; 14                             ;
; 2                                           ; 20                             ;
; 3                                           ; 24                             ;
; 4                                           ; 48                             ;
; 5                                           ; 34                             ;
; 6                                           ; 86                             ;
; 7                                           ; 68                             ;
; 8                                           ; 84                             ;
; 9                                           ; 65                             ;
; 10                                          ; 84                             ;
; 11                                          ; 97                             ;
; 12                                          ; 129                            ;
; 13                                          ; 154                            ;
; 14                                          ; 157                            ;
; 15                                          ; 246                            ;
; 16                                          ; 979                            ;
+---------------------------------------------+--------------------------------+


+---------------------------------------------------------------------+
; LAB-wide Signals                                                    ;
+------------------------------------+--------------------------------+
; LAB-wide Signals  (Average = 1.92) ; Number of LABs  (Total = 2289) ;
+------------------------------------+--------------------------------+
; 1 Async. clear                     ; 29                             ;
; 1 Clock                            ; 2202                           ;
; 1 Clock enable                     ; 296                            ;
; 1 Sync. load                       ; 16                             ;
; 2 Clock enables                    ; 1861                           ;
+------------------------------------+--------------------------------+


+-------------------------------------------------------------------------------+
; LAB Signals Sourced                                                           ;
+----------------------------------------------+--------------------------------+
; Number of Signals Sourced  (Average = 21.08) ; Number of LABs  (Total = 2289) ;
+----------------------------------------------+--------------------------------+
; 0                                            ; 0                              ;
; 1                                            ; 4                              ;
; 2                                            ; 11                             ;
; 3                                            ; 3                              ;
; 4                                            ; 24                             ;
; 5                                            ; 6                              ;
; 6                                            ; 38                             ;
; 7                                            ; 8                              ;
; 8                                            ; 38                             ;
; 9                                            ; 17                             ;
; 10                                           ; 50                             ;
; 11                                           ; 23                             ;
; 12                                           ; 71                             ;
; 13                                           ; 42                             ;
; 14                                           ; 79                             ;
; 15                                           ; 63                             ;
; 16                                           ; 148                            ;
; 17                                           ; 101                            ;
; 18                                           ; 145                            ;
; 19                                           ; 101                            ;
; 20                                           ; 156                            ;
; 21                                           ; 96                             ;
; 22                                           ; 109                            ;
; 23                                           ; 78                             ;
; 24                                           ; 103                            ;
; 25                                           ; 53                             ;
; 26                                           ; 98                             ;
; 27                                           ; 58                             ;
; 28                                           ; 91                             ;
; 29                                           ; 49                             ;
; 30                                           ; 110                            ;
; 31                                           ; 85                             ;
; 32                                           ; 231                            ;
+----------------------------------------------+--------------------------------+


+----------------------------------------------------------------------------------+
; LAB Signals Sourced Out                                                          ;
+-------------------------------------------------+--------------------------------+
; Number of Signals Sourced Out  (Average = 9.09) ; Number of LABs  (Total = 2289) ;
+-------------------------------------------------+--------------------------------+
; 0                                               ; 0                              ;
; 1                                               ; 66                             ;
; 2                                               ; 99                             ;
; 3                                               ; 120                            ;
; 4                                               ; 156                            ;
; 5                                               ; 150                            ;
; 6                                               ; 178                            ;
; 7                                               ; 166                            ;
; 8                                               ; 165                            ;
; 9                                               ; 165                            ;
; 10                                              ; 193                            ;
; 11                                              ; 156                            ;
; 12                                              ; 143                            ;
; 13                                              ; 103                            ;
; 14                                              ; 95                             ;
; 15                                              ; 83                             ;
; 16                                              ; 94                             ;
; 17                                              ; 71                             ;
; 18                                              ; 21                             ;
; 19                                              ; 12                             ;
; 20                                              ; 8                              ;
; 21                                              ; 18                             ;
; 22                                              ; 4                              ;
; 23                                              ; 12                             ;
; 24                                              ; 5                              ;
; 25                                              ; 1                              ;
; 26                                              ; 0                              ;
; 27                                              ; 2                              ;
; 28                                              ; 1                              ;
; 29                                              ; 1                              ;
; 30                                              ; 1                              ;
+-------------------------------------------------+--------------------------------+


+-------------------------------------------------------------------------------+
; LAB Distinct Inputs                                                           ;
+----------------------------------------------+--------------------------------+
; Number of Distinct Inputs  (Average = 22.50) ; Number of LABs  (Total = 2289) ;
+----------------------------------------------+--------------------------------+
; 0                                            ; 0                              ;
; 1                                            ; 0                              ;
; 2                                            ; 2                              ;
; 3                                            ; 10                             ;
; 4                                            ; 12                             ;
; 5                                            ; 12                             ;
; 6                                            ; 19                             ;
; 7                                            ; 22                             ;
; 8                                            ; 48                             ;
; 9                                            ; 51                             ;
; 10                                           ; 35                             ;
; 11                                           ; 54                             ;
; 12                                           ; 49                             ;
; 13                                           ; 53                             ;
; 14                                           ; 67                             ;
; 15                                           ; 66                             ;
; 16                                           ; 74                             ;
; 17                                           ; 69                             ;
; 18                                           ; 73                             ;
; 19                                           ; 91                             ;
; 20                                           ; 111                            ;
; 21                                           ; 84                             ;
; 22                                           ; 87                             ;
; 23                                           ; 94                             ;
; 24                                           ; 105                            ;
; 25                                           ; 80                             ;
; 26                                           ; 73                             ;
; 27                                           ; 92                             ;
; 28                                           ; 72                             ;
; 29                                           ; 74                             ;
; 30                                           ; 80                             ;
; 31                                           ; 111                            ;
; 32                                           ; 133                            ;
; 33                                           ; 270                            ;
; 34                                           ; 7                              ;
; 35                                           ; 0                              ;
; 36                                           ; 1                              ;
; 37                                           ; 4                              ;
; 38                                           ; 4                              ;
+----------------------------------------------+--------------------------------+


+------------------------------------------+
; I/O Rules Summary                        ;
+----------------------------------+-------+
; I/O Rules Statistic              ; Total ;
+----------------------------------+-------+
; Total I/O Rules                  ; 30    ;
; Number of I/O Rules Passed       ; 9     ;
; Number of I/O Rules Failed       ; 0     ;
; Number of I/O Rules Unchecked    ; 0     ;
; Number of I/O Rules Inapplicable ; 21    ;
+----------------------------------+-------+


+-----------------------------------------------------------------------------------------------------------------------------------------------------------------------------------------------------------------------------------------------------------------------------------------------------+
; I/O Rules Details                                                                                                                                                                                                                                                                                   ;
+--------------+-----------+-----------------------------------+------------------------------------------------------------------------------------------------------+----------+--------------------------------------------------------------------------+---------------------+-------------------+
; Status       ; ID        ; Category                          ; Rule Description                                                                                     ; Severity ; Information                                                              ; Area                ; Extra Information ;
+--------------+-----------+-----------------------------------+------------------------------------------------------------------------------------------------------+----------+--------------------------------------------------------------------------+---------------------+-------------------+
; Inapplicable ; IO_000001 ; Capacity Checks                   ; Number of pins in an I/O bank should not exceed the number of locations available.                   ; Critical ; No Location assignments found.                                           ; I/O                 ;                   ;
; Inapplicable ; IO_000002 ; Capacity Checks                   ; Number of clocks in an I/O bank should not exceed the number of clocks available.                    ; Critical ; No Global Signal assignments found.                                      ; I/O                 ;                   ;
; Inapplicable ; IO_000003 ; Capacity Checks                   ; Number of pins in a Vrefgroup should not exceed the number of locations available.                   ; Critical ; No Location assignments found.                                           ; I/O                 ;                   ;
; Inapplicable ; IO_000004 ; Voltage Compatibility Checks      ; The I/O bank should support the requested VCCIO.                                                     ; Critical ; No IOBANK_VCCIO assignments found.                                       ; I/O                 ;                   ;
; Inapplicable ; IO_000005 ; Voltage Compatibility Checks      ; The I/O bank should not have competing VREF values.                                                  ; Critical ; No VREF I/O Standard assignments found.                                  ; I/O                 ;                   ;
; Pass         ; IO_000006 ; Voltage Compatibility Checks      ; The I/O bank should not have competing VCCIO values.                                                 ; Critical ; 0 such failures found.                                                   ; I/O                 ;                   ;
; Inapplicable ; IO_000007 ; Valid Location Checks             ; Checks for unavailable locations.                                                                    ; Critical ; No Location assignments found.                                           ; I/O                 ;                   ;
; Inapplicable ; IO_000008 ; Valid Location Checks             ; Checks for reserved locations.                                                                       ; Critical ; No reserved LogicLock region found.                                      ; I/O                 ;                   ;
; Pass         ; IO_000009 ; I/O Properties Checks for One I/O ; The location should support the requested I/O standard.                                              ; Critical ; 0 such failures found.                                                   ; I/O                 ;                   ;
; Pass         ; IO_000010 ; I/O Properties Checks for One I/O ; The location should support the requested I/O direction.                                             ; Critical ; 0 such failures found.                                                   ; I/O                 ;                   ;
; Inapplicable ; IO_000011 ; I/O Properties Checks for One I/O ; The location should support the requested Current Strength.                                          ; Critical ; No Current Strength assignments found.                                   ; I/O                 ;                   ;
; Pass         ; IO_000012 ; I/O Properties Checks for One I/O ; The location should support the requested On Chip Termination value.                                 ; Critical ; 0 such failures found.                                                   ; I/O                 ;                   ;
; Inapplicable ; IO_000013 ; I/O Properties Checks for One I/O ; The location should support the requested Bus Hold value.                                            ; Critical ; No Enable Bus-Hold Circuitry assignments found.                          ; I/O                 ;                   ;
; Inapplicable ; IO_000014 ; I/O Properties Checks for One I/O ; The location should support the requested Weak Pull Up value.                                        ; Critical ; No Weak Pull-Up Resistor assignments found.                              ; I/O                 ;                   ;
; Pass         ; IO_000015 ; I/O Properties Checks for One I/O ; The location should support the requested PCI Clamp Diode.                                           ; Critical ; 0 such failures found.                                                   ; I/O                 ;                   ;
; Inapplicable ; IO_000018 ; I/O Properties Checks for One I/O ; The I/O standard should support the requested Current Strength.                                      ; Critical ; No Current Strength assignments found.                                   ; I/O                 ;                   ;
; Pass         ; IO_000019 ; I/O Properties Checks for One I/O ; The I/O standard should support the requested On Chip Termination value.                             ; Critical ; 0 such failures found.                                                   ; I/O                 ;                   ;
; Pass         ; IO_000020 ; I/O Properties Checks for One I/O ; The I/O standard should support the requested PCI Clamp Diode.                                       ; Critical ; 0 such failures found.                                                   ; I/O                 ;                   ;
; Inapplicable ; IO_000021 ; I/O Properties Checks for One I/O ; The I/O standard should support the requested Weak Pull Up value.                                    ; Critical ; No Weak Pull-Up Resistor assignments found.                              ; I/O                 ;                   ;
; Inapplicable ; IO_000022 ; I/O Properties Checks for One I/O ; The I/O standard should support the requested Bus Hold value.                                        ; Critical ; No Enable Bus-Hold Circuitry assignments found.                          ; I/O                 ;                   ;
; Inapplicable ; IO_000023 ; I/O Properties Checks for One I/O ; The I/O standard should support the Open Drain value.                                                ; Critical ; No open drain assignments found.                                         ; I/O                 ;                   ;
; Pass         ; IO_000024 ; I/O Properties Checks for One I/O ; The I/O direction should support the On Chip Termination value.                                      ; Critical ; 0 such failures found.                                                   ; I/O                 ;                   ;
; Inapplicable ; IO_000026 ; I/O Properties Checks for One I/O ; On Chip Termination and Current Strength should not be used at the same time.                        ; Critical ; No Current Strength assignments found.                                   ; I/O                 ;                   ;
; Inapplicable ; IO_000027 ; I/O Properties Checks for One I/O ; Weak Pull Up and Bus Hold should not be used at the same time.                                       ; Critical ; No Enable Bus-Hold Circuitry or Weak Pull-Up Resistor assignments found. ; I/O                 ;                   ;
; Inapplicable ; IO_000045 ; I/O Properties Checks for One I/O ; The I/O standard should support the requested Slew Rate value.                                       ; Critical ; No Slew Rate assignments found.                                          ; I/O                 ;                   ;
; Inapplicable ; IO_000046 ; I/O Properties Checks for One I/O ; The location should support the requested Slew Rate value.                                           ; Critical ; No Slew Rate assignments found.                                          ; I/O                 ;                   ;
; Inapplicable ; IO_000047 ; I/O Properties Checks for One I/O ; On Chip Termination and Slew Rate should not be used at the same time.                               ; Critical ; No Slew Rate assignments found.                                          ; I/O                 ;                   ;
; Pass         ; IO_000033 ; Electromigration Checks           ; Current density for consecutive I/Os should not exceed 240mA for row I/Os and 240mA for column I/Os. ; Critical ; 0 such failures found.                                                   ; I/O                 ;                   ;
; Inapplicable ; IO_000034 ; SI Related Distance Checks        ; Single-ended outputs should be 5 LAB row(s) away from a differential I/O.                            ; High     ; No Differential I/O Standard assignments found.                          ; I/O                 ;                   ;
; Inapplicable ; IO_000042 ; SI Related SSO Limit Checks       ; No more than 20 outputs are allowed in a VREF group when VREF is being read from.                    ; High     ; No VREF I/O Standard assignments found.                                  ; I/O                 ;                   ;
; ----         ; ----      ; Disclaimer                        ; OCT rules are checked but not reported.                                                              ; None     ; ----                                                                     ; On Chip Termination ;                   ;
+--------------+-----------+-----------------------------------+------------------------------------------------------------------------------------------------------+----------+--------------------------------------------------------------------------+---------------------+-------------------+


+--------------------------------------------------------------------------------------------------------------------------------------------------------------------------------------------------------------------------------------------------------------------------------------------------------------------------------------------------------------------------------------------------------------------------------------------------------------------------+
; I/O Rules Matrix                                                                                                                                                                                                                                                                                                                                                                                                                                                         ;
+--------------------+--------------+--------------+--------------+--------------+--------------+-----------+--------------+--------------+-----------+-----------+--------------+--------------+--------------+--------------+--------------+--------------+--------------+--------------+--------------+--------------+--------------+--------------+--------------+--------------+--------------+--------------+--------------+-----------+--------------+--------------+
; Pin/Rules          ; IO_000001    ; IO_000002    ; IO_000003    ; IO_000004    ; IO_000005    ; IO_000006 ; IO_000007    ; IO_000008    ; IO_000009 ; IO_000010 ; IO_000011    ; IO_000012    ; IO_000013    ; IO_000014    ; IO_000015    ; IO_000018    ; IO_000019    ; IO_000020    ; IO_000021    ; IO_000022    ; IO_000023    ; IO_000024    ; IO_000026    ; IO_000027    ; IO_000045    ; IO_000046    ; IO_000047    ; IO_000033 ; IO_000034    ; IO_000042    ;
+--------------------+--------------+--------------+--------------+--------------+--------------+-----------+--------------+--------------+-----------+-----------+--------------+--------------+--------------+--------------+--------------+--------------+--------------+--------------+--------------+--------------+--------------+--------------+--------------+--------------+--------------+--------------+--------------+-----------+--------------+--------------+
; Total Pass         ; 0            ; 0            ; 0            ; 0            ; 0            ; 34        ; 0            ; 0            ; 34        ; 34        ; 0            ; 32           ; 0            ; 0            ; 2            ; 0            ; 32           ; 2            ; 0            ; 0            ; 0            ; 32           ; 0            ; 0            ; 0            ; 0            ; 0            ; 34        ; 0            ; 0            ;
; Total Unchecked    ; 0            ; 0            ; 0            ; 0            ; 0            ; 0         ; 0            ; 0            ; 0         ; 0         ; 0            ; 0            ; 0            ; 0            ; 0            ; 0            ; 0            ; 0            ; 0            ; 0            ; 0            ; 0            ; 0            ; 0            ; 0            ; 0            ; 0            ; 0         ; 0            ; 0            ;
; Total Inapplicable ; 34           ; 34           ; 34           ; 34           ; 34           ; 0         ; 34           ; 34           ; 0         ; 0         ; 34           ; 2            ; 34           ; 34           ; 32           ; 34           ; 2            ; 32           ; 34           ; 34           ; 34           ; 2            ; 34           ; 34           ; 34           ; 34           ; 34           ; 0         ; 34           ; 34           ;
; Total Fail         ; 0            ; 0            ; 0            ; 0            ; 0            ; 0         ; 0            ; 0            ; 0         ; 0         ; 0            ; 0            ; 0            ; 0            ; 0            ; 0            ; 0            ; 0            ; 0            ; 0            ; 0            ; 0            ; 0            ; 0            ; 0            ; 0            ; 0            ; 0         ; 0            ; 0            ;
; dummy_out[0]       ; Inapplicable ; Inapplicable ; Inapplicable ; Inapplicable ; Inapplicable ; Pass      ; Inapplicable ; Inapplicable ; Pass      ; Pass      ; Inapplicable ; Pass         ; Inapplicable ; Inapplicable ; Inapplicable ; Inapplicable ; Pass         ; Inapplicable ; Inapplicable ; Inapplicable ; Inapplicable ; Pass         ; Inapplicable ; Inapplicable ; Inapplicable ; Inapplicable ; Inapplicable ; Pass      ; Inapplicable ; Inapplicable ;
; dummy_out[1]       ; Inapplicable ; Inapplicable ; Inapplicable ; Inapplicable ; Inapplicable ; Pass      ; Inapplicable ; Inapplicable ; Pass      ; Pass      ; Inapplicable ; Pass         ; Inapplicable ; Inapplicable ; Inapplicable ; Inapplicable ; Pass         ; Inapplicable ; Inapplicable ; Inapplicable ; Inapplicable ; Pass         ; Inapplicable ; Inapplicable ; Inapplicable ; Inapplicable ; Inapplicable ; Pass      ; Inapplicable ; Inapplicable ;
; dummy_out[2]       ; Inapplicable ; Inapplicable ; Inapplicable ; Inapplicable ; Inapplicable ; Pass      ; Inapplicable ; Inapplicable ; Pass      ; Pass      ; Inapplicable ; Pass         ; Inapplicable ; Inapplicable ; Inapplicable ; Inapplicable ; Pass         ; Inapplicable ; Inapplicable ; Inapplicable ; Inapplicable ; Pass         ; Inapplicable ; Inapplicable ; Inapplicable ; Inapplicable ; Inapplicable ; Pass      ; Inapplicable ; Inapplicable ;
; dummy_out[3]       ; Inapplicable ; Inapplicable ; Inapplicable ; Inapplicable ; Inapplicable ; Pass      ; Inapplicable ; Inapplicable ; Pass      ; Pass      ; Inapplicable ; Pass         ; Inapplicable ; Inapplicable ; Inapplicable ; Inapplicable ; Pass         ; Inapplicable ; Inapplicable ; Inapplicable ; Inapplicable ; Pass         ; Inapplicable ; Inapplicable ; Inapplicable ; Inapplicable ; Inapplicable ; Pass      ; Inapplicable ; Inapplicable ;
; dummy_out[4]       ; Inapplicable ; Inapplicable ; Inapplicable ; Inapplicable ; Inapplicable ; Pass      ; Inapplicable ; Inapplicable ; Pass      ; Pass      ; Inapplicable ; Pass         ; Inapplicable ; Inapplicable ; Inapplicable ; Inapplicable ; Pass         ; Inapplicable ; Inapplicable ; Inapplicable ; Inapplicable ; Pass         ; Inapplicable ; Inapplicable ; Inapplicable ; Inapplicable ; Inapplicable ; Pass      ; Inapplicable ; Inapplicable ;
; dummy_out[5]       ; Inapplicable ; Inapplicable ; Inapplicable ; Inapplicable ; Inapplicable ; Pass      ; Inapplicable ; Inapplicable ; Pass      ; Pass      ; Inapplicable ; Pass         ; Inapplicable ; Inapplicable ; Inapplicable ; Inapplicable ; Pass         ; Inapplicable ; Inapplicable ; Inapplicable ; Inapplicable ; Pass         ; Inapplicable ; Inapplicable ; Inapplicable ; Inapplicable ; Inapplicable ; Pass      ; Inapplicable ; Inapplicable ;
; dummy_out[6]       ; Inapplicable ; Inapplicable ; Inapplicable ; Inapplicable ; Inapplicable ; Pass      ; Inapplicable ; Inapplicable ; Pass      ; Pass      ; Inapplicable ; Pass         ; Inapplicable ; Inapplicable ; Inapplicable ; Inapplicable ; Pass         ; Inapplicable ; Inapplicable ; Inapplicable ; Inapplicable ; Pass         ; Inapplicable ; Inapplicable ; Inapplicable ; Inapplicable ; Inapplicable ; Pass      ; Inapplicable ; Inapplicable ;
; dummy_out[7]       ; Inapplicable ; Inapplicable ; Inapplicable ; Inapplicable ; Inapplicable ; Pass      ; Inapplicable ; Inapplicable ; Pass      ; Pass      ; Inapplicable ; Pass         ; Inapplicable ; Inapplicable ; Inapplicable ; Inapplicable ; Pass         ; Inapplicable ; Inapplicable ; Inapplicable ; Inapplicable ; Pass         ; Inapplicable ; Inapplicable ; Inapplicable ; Inapplicable ; Inapplicable ; Pass      ; Inapplicable ; Inapplicable ;
; dummy_out[8]       ; Inapplicable ; Inapplicable ; Inapplicable ; Inapplicable ; Inapplicable ; Pass      ; Inapplicable ; Inapplicable ; Pass      ; Pass      ; Inapplicable ; Pass         ; Inapplicable ; Inapplicable ; Inapplicable ; Inapplicable ; Pass         ; Inapplicable ; Inapplicable ; Inapplicable ; Inapplicable ; Pass         ; Inapplicable ; Inapplicable ; Inapplicable ; Inapplicable ; Inapplicable ; Pass      ; Inapplicable ; Inapplicable ;
; dummy_out[9]       ; Inapplicable ; Inapplicable ; Inapplicable ; Inapplicable ; Inapplicable ; Pass      ; Inapplicable ; Inapplicable ; Pass      ; Pass      ; Inapplicable ; Pass         ; Inapplicable ; Inapplicable ; Inapplicable ; Inapplicable ; Pass         ; Inapplicable ; Inapplicable ; Inapplicable ; Inapplicable ; Pass         ; Inapplicable ; Inapplicable ; Inapplicable ; Inapplicable ; Inapplicable ; Pass      ; Inapplicable ; Inapplicable ;
; dummy_out[10]      ; Inapplicable ; Inapplicable ; Inapplicable ; Inapplicable ; Inapplicable ; Pass      ; Inapplicable ; Inapplicable ; Pass      ; Pass      ; Inapplicable ; Pass         ; Inapplicable ; Inapplicable ; Inapplicable ; Inapplicable ; Pass         ; Inapplicable ; Inapplicable ; Inapplicable ; Inapplicable ; Pass         ; Inapplicable ; Inapplicable ; Inapplicable ; Inapplicable ; Inapplicable ; Pass      ; Inapplicable ; Inapplicable ;
; dummy_out[11]      ; Inapplicable ; Inapplicable ; Inapplicable ; Inapplicable ; Inapplicable ; Pass      ; Inapplicable ; Inapplicable ; Pass      ; Pass      ; Inapplicable ; Pass         ; Inapplicable ; Inapplicable ; Inapplicable ; Inapplicable ; Pass         ; Inapplicable ; Inapplicable ; Inapplicable ; Inapplicable ; Pass         ; Inapplicable ; Inapplicable ; Inapplicable ; Inapplicable ; Inapplicable ; Pass      ; Inapplicable ; Inapplicable ;
; dummy_out[12]      ; Inapplicable ; Inapplicable ; Inapplicable ; Inapplicable ; Inapplicable ; Pass      ; Inapplicable ; Inapplicable ; Pass      ; Pass      ; Inapplicable ; Pass         ; Inapplicable ; Inapplicable ; Inapplicable ; Inapplicable ; Pass         ; Inapplicable ; Inapplicable ; Inapplicable ; Inapplicable ; Pass         ; Inapplicable ; Inapplicable ; Inapplicable ; Inapplicable ; Inapplicable ; Pass      ; Inapplicable ; Inapplicable ;
; dummy_out[13]      ; Inapplicable ; Inapplicable ; Inapplicable ; Inapplicable ; Inapplicable ; Pass      ; Inapplicable ; Inapplicable ; Pass      ; Pass      ; Inapplicable ; Pass         ; Inapplicable ; Inapplicable ; Inapplicable ; Inapplicable ; Pass         ; Inapplicable ; Inapplicable ; Inapplicable ; Inapplicable ; Pass         ; Inapplicable ; Inapplicable ; Inapplicable ; Inapplicable ; Inapplicable ; Pass      ; Inapplicable ; Inapplicable ;
; dummy_out[14]      ; Inapplicable ; Inapplicable ; Inapplicable ; Inapplicable ; Inapplicable ; Pass      ; Inapplicable ; Inapplicable ; Pass      ; Pass      ; Inapplicable ; Pass         ; Inapplicable ; Inapplicable ; Inapplicable ; Inapplicable ; Pass         ; Inapplicable ; Inapplicable ; Inapplicable ; Inapplicable ; Pass         ; Inapplicable ; Inapplicable ; Inapplicable ; Inapplicable ; Inapplicable ; Pass      ; Inapplicable ; Inapplicable ;
; dummy_out[15]      ; Inapplicable ; Inapplicable ; Inapplicable ; Inapplicable ; Inapplicable ; Pass      ; Inapplicable ; Inapplicable ; Pass      ; Pass      ; Inapplicable ; Pass         ; Inapplicable ; Inapplicable ; Inapplicable ; Inapplicable ; Pass         ; Inapplicable ; Inapplicable ; Inapplicable ; Inapplicable ; Pass         ; Inapplicable ; Inapplicable ; Inapplicable ; Inapplicable ; Inapplicable ; Pass      ; Inapplicable ; Inapplicable ;
; dummy_out[16]      ; Inapplicable ; Inapplicable ; Inapplicable ; Inapplicable ; Inapplicable ; Pass      ; Inapplicable ; Inapplicable ; Pass      ; Pass      ; Inapplicable ; Pass         ; Inapplicable ; Inapplicable ; Inapplicable ; Inapplicable ; Pass         ; Inapplicable ; Inapplicable ; Inapplicable ; Inapplicable ; Pass         ; Inapplicable ; Inapplicable ; Inapplicable ; Inapplicable ; Inapplicable ; Pass      ; Inapplicable ; Inapplicable ;
; dummy_out[17]      ; Inapplicable ; Inapplicable ; Inapplicable ; Inapplicable ; Inapplicable ; Pass      ; Inapplicable ; Inapplicable ; Pass      ; Pass      ; Inapplicable ; Pass         ; Inapplicable ; Inapplicable ; Inapplicable ; Inapplicable ; Pass         ; Inapplicable ; Inapplicable ; Inapplicable ; Inapplicable ; Pass         ; Inapplicable ; Inapplicable ; Inapplicable ; Inapplicable ; Inapplicable ; Pass      ; Inapplicable ; Inapplicable ;
; dummy_out[18]      ; Inapplicable ; Inapplicable ; Inapplicable ; Inapplicable ; Inapplicable ; Pass      ; Inapplicable ; Inapplicable ; Pass      ; Pass      ; Inapplicable ; Pass         ; Inapplicable ; Inapplicable ; Inapplicable ; Inapplicable ; Pass         ; Inapplicable ; Inapplicable ; Inapplicable ; Inapplicable ; Pass         ; Inapplicable ; Inapplicable ; Inapplicable ; Inapplicable ; Inapplicable ; Pass      ; Inapplicable ; Inapplicable ;
; dummy_out[19]      ; Inapplicable ; Inapplicable ; Inapplicable ; Inapplicable ; Inapplicable ; Pass      ; Inapplicable ; Inapplicable ; Pass      ; Pass      ; Inapplicable ; Pass         ; Inapplicable ; Inapplicable ; Inapplicable ; Inapplicable ; Pass         ; Inapplicable ; Inapplicable ; Inapplicable ; Inapplicable ; Pass         ; Inapplicable ; Inapplicable ; Inapplicable ; Inapplicable ; Inapplicable ; Pass      ; Inapplicable ; Inapplicable ;
; dummy_out[20]      ; Inapplicable ; Inapplicable ; Inapplicable ; Inapplicable ; Inapplicable ; Pass      ; Inapplicable ; Inapplicable ; Pass      ; Pass      ; Inapplicable ; Pass         ; Inapplicable ; Inapplicable ; Inapplicable ; Inapplicable ; Pass         ; Inapplicable ; Inapplicable ; Inapplicable ; Inapplicable ; Pass         ; Inapplicable ; Inapplicable ; Inapplicable ; Inapplicable ; Inapplicable ; Pass      ; Inapplicable ; Inapplicable ;
; dummy_out[21]      ; Inapplicable ; Inapplicable ; Inapplicable ; Inapplicable ; Inapplicable ; Pass      ; Inapplicable ; Inapplicable ; Pass      ; Pass      ; Inapplicable ; Pass         ; Inapplicable ; Inapplicable ; Inapplicable ; Inapplicable ; Pass         ; Inapplicable ; Inapplicable ; Inapplicable ; Inapplicable ; Pass         ; Inapplicable ; Inapplicable ; Inapplicable ; Inapplicable ; Inapplicable ; Pass      ; Inapplicable ; Inapplicable ;
; dummy_out[22]      ; Inapplicable ; Inapplicable ; Inapplicable ; Inapplicable ; Inapplicable ; Pass      ; Inapplicable ; Inapplicable ; Pass      ; Pass      ; Inapplicable ; Pass         ; Inapplicable ; Inapplicable ; Inapplicable ; Inapplicable ; Pass         ; Inapplicable ; Inapplicable ; Inapplicable ; Inapplicable ; Pass         ; Inapplicable ; Inapplicable ; Inapplicable ; Inapplicable ; Inapplicable ; Pass      ; Inapplicable ; Inapplicable ;
; dummy_out[23]      ; Inapplicable ; Inapplicable ; Inapplicable ; Inapplicable ; Inapplicable ; Pass      ; Inapplicable ; Inapplicable ; Pass      ; Pass      ; Inapplicable ; Pass         ; Inapplicable ; Inapplicable ; Inapplicable ; Inapplicable ; Pass         ; Inapplicable ; Inapplicable ; Inapplicable ; Inapplicable ; Pass         ; Inapplicable ; Inapplicable ; Inapplicable ; Inapplicable ; Inapplicable ; Pass      ; Inapplicable ; Inapplicable ;
; dummy_out[24]      ; Inapplicable ; Inapplicable ; Inapplicable ; Inapplicable ; Inapplicable ; Pass      ; Inapplicable ; Inapplicable ; Pass      ; Pass      ; Inapplicable ; Pass         ; Inapplicable ; Inapplicable ; Inapplicable ; Inapplicable ; Pass         ; Inapplicable ; Inapplicable ; Inapplicable ; Inapplicable ; Pass         ; Inapplicable ; Inapplicable ; Inapplicable ; Inapplicable ; Inapplicable ; Pass      ; Inapplicable ; Inapplicable ;
; dummy_out[25]      ; Inapplicable ; Inapplicable ; Inapplicable ; Inapplicable ; Inapplicable ; Pass      ; Inapplicable ; Inapplicable ; Pass      ; Pass      ; Inapplicable ; Pass         ; Inapplicable ; Inapplicable ; Inapplicable ; Inapplicable ; Pass         ; Inapplicable ; Inapplicable ; Inapplicable ; Inapplicable ; Pass         ; Inapplicable ; Inapplicable ; Inapplicable ; Inapplicable ; Inapplicable ; Pass      ; Inapplicable ; Inapplicable ;
; dummy_out[26]      ; Inapplicable ; Inapplicable ; Inapplicable ; Inapplicable ; Inapplicable ; Pass      ; Inapplicable ; Inapplicable ; Pass      ; Pass      ; Inapplicable ; Pass         ; Inapplicable ; Inapplicable ; Inapplicable ; Inapplicable ; Pass         ; Inapplicable ; Inapplicable ; Inapplicable ; Inapplicable ; Pass         ; Inapplicable ; Inapplicable ; Inapplicable ; Inapplicable ; Inapplicable ; Pass      ; Inapplicable ; Inapplicable ;
; dummy_out[27]      ; Inapplicable ; Inapplicable ; Inapplicable ; Inapplicable ; Inapplicable ; Pass      ; Inapplicable ; Inapplicable ; Pass      ; Pass      ; Inapplicable ; Pass         ; Inapplicable ; Inapplicable ; Inapplicable ; Inapplicable ; Pass         ; Inapplicable ; Inapplicable ; Inapplicable ; Inapplicable ; Pass         ; Inapplicable ; Inapplicable ; Inapplicable ; Inapplicable ; Inapplicable ; Pass      ; Inapplicable ; Inapplicable ;
; dummy_out[28]      ; Inapplicable ; Inapplicable ; Inapplicable ; Inapplicable ; Inapplicable ; Pass      ; Inapplicable ; Inapplicable ; Pass      ; Pass      ; Inapplicable ; Pass         ; Inapplicable ; Inapplicable ; Inapplicable ; Inapplicable ; Pass         ; Inapplicable ; Inapplicable ; Inapplicable ; Inapplicable ; Pass         ; Inapplicable ; Inapplicable ; Inapplicable ; Inapplicable ; Inapplicable ; Pass      ; Inapplicable ; Inapplicable ;
; dummy_out[29]      ; Inapplicable ; Inapplicable ; Inapplicable ; Inapplicable ; Inapplicable ; Pass      ; Inapplicable ; Inapplicable ; Pass      ; Pass      ; Inapplicable ; Pass         ; Inapplicable ; Inapplicable ; Inapplicable ; Inapplicable ; Pass         ; Inapplicable ; Inapplicable ; Inapplicable ; Inapplicable ; Pass         ; Inapplicable ; Inapplicable ; Inapplicable ; Inapplicable ; Inapplicable ; Pass      ; Inapplicable ; Inapplicable ;
; dummy_out[30]      ; Inapplicable ; Inapplicable ; Inapplicable ; Inapplicable ; Inapplicable ; Pass      ; Inapplicable ; Inapplicable ; Pass      ; Pass      ; Inapplicable ; Pass         ; Inapplicable ; Inapplicable ; Inapplicable ; Inapplicable ; Pass         ; Inapplicable ; Inapplicable ; Inapplicable ; Inapplicable ; Pass         ; Inapplicable ; Inapplicable ; Inapplicable ; Inapplicable ; Inapplicable ; Pass      ; Inapplicable ; Inapplicable ;
; dummy_out[31]      ; Inapplicable ; Inapplicable ; Inapplicable ; Inapplicable ; Inapplicable ; Pass      ; Inapplicable ; Inapplicable ; Pass      ; Pass      ; Inapplicable ; Pass         ; Inapplicable ; Inapplicable ; Inapplicable ; Inapplicable ; Pass         ; Inapplicable ; Inapplicable ; Inapplicable ; Inapplicable ; Pass         ; Inapplicable ; Inapplicable ; Inapplicable ; Inapplicable ; Inapplicable ; Pass      ; Inapplicable ; Inapplicable ;
; clk                ; Inapplicable ; Inapplicable ; Inapplicable ; Inapplicable ; Inapplicable ; Pass      ; Inapplicable ; Inapplicable ; Pass      ; Pass      ; Inapplicable ; Inapplicable ; Inapplicable ; Inapplicable ; Pass         ; Inapplicable ; Inapplicable ; Pass         ; Inapplicable ; Inapplicable ; Inapplicable ; Inapplicable ; Inapplicable ; Inapplicable ; Inapplicable ; Inapplicable ; Inapplicable ; Pass      ; Inapplicable ; Inapplicable ;
; reset              ; Inapplicable ; Inapplicable ; Inapplicable ; Inapplicable ; Inapplicable ; Pass      ; Inapplicable ; Inapplicable ; Pass      ; Pass      ; Inapplicable ; Inapplicable ; Inapplicable ; Inapplicable ; Pass         ; Inapplicable ; Inapplicable ; Pass         ; Inapplicable ; Inapplicable ; Inapplicable ; Inapplicable ; Inapplicable ; Inapplicable ; Inapplicable ; Inapplicable ; Inapplicable ; Pass      ; Inapplicable ; Inapplicable ;
+--------------------+--------------+--------------+--------------+--------------+--------------+-----------+--------------+--------------+-----------+-----------+--------------+--------------+--------------+--------------+--------------+--------------+--------------+--------------+--------------+--------------+--------------+--------------+--------------+--------------+--------------+--------------+--------------+-----------+--------------+--------------+


+---------------------------------------------------------------------------------------------+
; Fitter Device Options                                                                       ;
+------------------------------------------------------------------+--------------------------+
; Option                                                           ; Setting                  ;
+------------------------------------------------------------------+--------------------------+
; Enable user-supplied start-up clock (CLKUSR)                     ; Off                      ;
; Enable device-wide reset (DEV_CLRn)                              ; Off                      ;
; Enable device-wide output enable (DEV_OE)                        ; Off                      ;
; Enable INIT_DONE output                                          ; Off                      ;
; Configuration scheme                                             ; Active Serial            ;
; Error detection CRC                                              ; Off                      ;
; Enable open drain on CRC_ERROR pin                               ; Off                      ;
; Enable input tri-state on active configuration pins in user mode ; Off                      ;
; Configuration Voltage Level                                      ; Auto                     ;
; Force Configuration Voltage Level                                ; Off                      ;
; nCEO                                                             ; As output driving ground ;
; Data[0]                                                          ; As input tri-stated      ;
; Data[1]/ASDO                                                     ; As input tri-stated      ;
; Data[7..2]                                                       ; Unreserved               ;
; FLASH_nCE/nCSO                                                   ; As input tri-stated      ;
; Other Active Parallel pins                                       ; Unreserved               ;
; DCLK                                                             ; As output driving ground ;
; Base pin-out file on sameframe device                            ; Off                      ;
+------------------------------------------------------------------+--------------------------+


+------------------------------------+
; Operating Settings and Conditions  ;
+---------------------------+--------+
; Setting                   ; Value  ;
+---------------------------+--------+
; Nominal Core Voltage      ; 1.20 V ;
; Low Junction Temperature  ; 0 °C   ;
; High Junction Temperature ; 85 °C  ;
+---------------------------+--------+


+-----------------+
; Fitter Messages ;
+-----------------+
Info (11104): Parallel Compilation has detected 16 hyper-threaded processors. However, the extra hyper-threaded processors will not be used by default. Parallel Compilation will use 8 of the 8 physical processors detected instead.
Info (119004): Automatically selected device EP4CE40F23C6 for design RISCV-Multicore-Project
Info (119005): Fitting design with smaller device may be possible, but smaller device must be specified
Info (21076): High junction temperature operating condition is not set. Assuming a default value of '85'.
Info (21076): Low junction temperature operating condition is not set. Assuming a default value of '0'.
Info (171003): Fitter is performing an Auto Fit compilation, which may decrease Fitter effort to reduce compilation time
Warning (292013): Feature LogicLock is only available with a valid subscription license. You can purchase a software subscription to gain full access to this feature.
Info (176444): Device migration not selected. If you intend to use device migration later, you may need to change the pin assignments as they may be incompatible with other devices
    Info (176445): Device EP4CE15F23C6 is compatible
    Info (176445): Device EP4CE30F23C6 is compatible
    Info (176445): Device EP4CE55F23C6 is compatible
    Info (176445): Device EP4CE75F23C6 is compatible
Info (169124): Fitter converted 5 user pins into dedicated programming pins
    Info (169125): Pin ~ALTERA_ASDO_DATA1~ is reserved at location D1
    Info (169125): Pin ~ALTERA_FLASH_nCE_nCSO~ is reserved at location E2
    Info (169125): Pin ~ALTERA_DCLK~ is reserved at location K2
    Info (169125): Pin ~ALTERA_DATA0~ is reserved at location K1
    Info (169125): Pin ~ALTERA_nCEO~ is reserved at location K22
Warning (15714): Some pins have incomplete I/O assignments. Refer to the I/O Assignment Warnings report for details
Critical Warning (169085): No exact pin location assignment(s) for 34 pins of 34 total pins
    Info (169086): Pin dummy_out[0] not assigned to an exact location on the device
    Info (169086): Pin dummy_out[1] not assigned to an exact location on the device
    Info (169086): Pin dummy_out[2] not assigned to an exact location on the device
    Info (169086): Pin dummy_out[3] not assigned to an exact location on the device
    Info (169086): Pin dummy_out[4] not assigned to an exact location on the device
    Info (169086): Pin dummy_out[5] not assigned to an exact location on the device
    Info (169086): Pin dummy_out[6] not assigned to an exact location on the device
    Info (169086): Pin dummy_out[7] not assigned to an exact location on the device
    Info (169086): Pin dummy_out[8] not assigned to an exact location on the device
    Info (169086): Pin dummy_out[9] not assigned to an exact location on the device
    Info (169086): Pin dummy_out[10] not assigned to an exact location on the device
    Info (169086): Pin dummy_out[11] not assigned to an exact location on the device
    Info (169086): Pin dummy_out[12] not assigned to an exact location on the device
    Info (169086): Pin dummy_out[13] not assigned to an exact location on the device
    Info (169086): Pin dummy_out[14] not assigned to an exact location on the device
    Info (169086): Pin dummy_out[15] not assigned to an exact location on the device
    Info (169086): Pin dummy_out[16] not assigned to an exact location on the device
    Info (169086): Pin dummy_out[17] not assigned to an exact location on the device
    Info (169086): Pin dummy_out[18] not assigned to an exact location on the device
    Info (169086): Pin dummy_out[19] not assigned to an exact location on the device
    Info (169086): Pin dummy_out[20] not assigned to an exact location on the device
    Info (169086): Pin dummy_out[21] not assigned to an exact location on the device
    Info (169086): Pin dummy_out[22] not assigned to an exact location on the device
    Info (169086): Pin dummy_out[23] not assigned to an exact location on the device
    Info (169086): Pin dummy_out[24] not assigned to an exact location on the device
    Info (169086): Pin dummy_out[25] not assigned to an exact location on the device
    Info (169086): Pin dummy_out[26] not assigned to an exact location on the device
    Info (169086): Pin dummy_out[27] not assigned to an exact location on the device
    Info (169086): Pin dummy_out[28] not assigned to an exact location on the device
    Info (169086): Pin dummy_out[29] not assigned to an exact location on the device
    Info (169086): Pin dummy_out[30] not assigned to an exact location on the device
    Info (169086): Pin dummy_out[31] not assigned to an exact location on the device
    Info (169086): Pin clk not assigned to an exact location on the device
    Info (169086): Pin reset not assigned to an exact location on the device
Info (332104): Reading SDC File: 'timing.sdc'
Warning (332125): Found combinational loop of 2 nodes
    Warning (332126): Node "Core_1|Equal0~28|combout"
    Warning (332126): Node "Core_1|Equal0~28|datac"
Warning (332125): Found combinational loop of 2 nodes
    Warning (332126): Node "Core_0|Equal0~30|combout"
    Warning (332126): Node "Core_0|Equal0~30|datac"
Critical Warning (332168): The following clock transfers have no clock uncertainty assignment. For more accurate results, apply clock uncertainty assignments or use the derive_clock_uncertainty command.
    Critical Warning (332169): From clk (Rise) to clk (Rise) (setup and hold)
Info (332129): Detected timing requirements -- optimizing circuit to achieve only the specified requirements
Info (332111): Found 1 clocks
    Info (332111):   Period   Clock Name
    Info (332111): ======== ============
    Info (332111):   20.000          clk
Info (176353): Automatically promoted node clk~input (placed in PIN G1 (CLK1, DIFFCLK_0n))
    Info (176355): Automatically promoted destinations to use location or clock signal Global Clock CLKCTRL_G2
Info (176353): Automatically promoted node reset~input (placed in PIN T2 (CLK2, DIFFCLK_1p))
    Info (176355): Automatically promoted destinations to use location or clock signal Global Clock CLKCTRL_G4
Info (176233): Starting register packing
Info (176235): Finished register packing
    Extra Info (176219): No registers were packed into other blocks
Info (176214): Statistics of I/O pins that need to be placed that use the same VCCIO and VREF, before I/O pin placement
    Info (176211): Number of I/O pins in group: 32 (unused VREF, 2.5V VCCIO, 0 input, 32 output, 0 bidirectional)
        Info (176212): I/O standards used: 2.5 V.
Info (176215): I/O bank details before I/O pin placement
    Info (176214): Statistics of I/O banks
        Info (176213): I/O bank number 1 does not use VREF pins and has undetermined VCCIO pins. 5 total pin(s) used --  30 pins available
        Info (176213): I/O bank number 2 does not use VREF pins and has undetermined VCCIO pins. 1 total pin(s) used --  44 pins available
        Info (176213): I/O bank number 3 does not use VREF pins and has undetermined VCCIO pins. 0 total pin(s) used --  42 pins available
        Info (176213): I/O bank number 4 does not use VREF pins and has undetermined VCCIO pins. 0 total pin(s) used --  43 pins available
        Info (176213): I/O bank number 5 does not use VREF pins and has undetermined VCCIO pins. 0 total pin(s) used --  41 pins available
        Info (176213): I/O bank number 6 does not use VREF pins and has undetermined VCCIO pins. 1 total pin(s) used --  36 pins available
        Info (176213): I/O bank number 7 does not use VREF pins and has undetermined VCCIO pins. 0 total pin(s) used --  43 pins available
        Info (176213): I/O bank number 8 does not use VREF pins and has undetermined VCCIO pins. 0 total pin(s) used --  43 pins available
Info (171121): Fitter preparation operations ending: elapsed time is 00:00:10
Info (170189): Fitter placement preparation operations beginning
Info (170190): Fitter placement preparation operations ending: elapsed time is 00:00:08
Info (170191): Fitter placement operations beginning
Info (170137): Fitter placement was successful
Info (170192): Fitter placement operations ending: elapsed time is 00:03:46
Info (170193): Fitter routing operations beginning
Info (170195): Router estimated average interconnect usage is 48% of the available device resources
    Info (170196): Router estimated peak interconnect usage is 79% of the available device resources in the region that extends from location X11_Y11 to location X21_Y21
Info (170194): Fitter routing operations ending: elapsed time is 00:26:56
Info (170202): The Fitter performed an Auto Fit compilation.  No optimizations were skipped because the design's timing and routability requirements required full optimization.
Info (11888): Total time spent on timing analysis during the Fitter is 143.05 seconds.
Info (334003): Started post-fitting delay annotation
Info (334004): Delay annotation completed successfully
Info (334003): Started post-fitting delay annotation
Info (334004): Delay annotation completed successfully
Info (11218): Fitter post-fit operations ending: elapsed time is 00:00:11
Info (144001): Generated suppressed messages file D:/RISCV-Multicore-Project/quartus/output_files/RISCV-Multicore-Project.fit.smsg
Info: Quartus II 64-Bit Fitter was successful. 0 errors, 11 warnings
    Info: Peak virtual memory: 5857 megabytes
    Info: Processing ended: Sun Jun 28 09:17:25 2026
    Info: Elapsed time: 00:31:31
    Info: Total CPU time (on all processors): 00:45:03


+----------------------------+
; Fitter Suppressed Messages ;
+----------------------------+
The suppressed messages can be found in D:/RISCV-Multicore-Project/quartus/output_files/RISCV-Multicore-Project.fit.smsg.


